--
-- PostgreSQL database dump
--

-- Dumped from database version 9.5.4
-- Dumped by pg_dump version 9.5.4

SET statement_timeout = 0;
SET lock_timeout = 0;
SET client_encoding = 'SQL_ASCII';
SET standard_conforming_strings = on;
SET check_function_bodies = false;
SET client_min_messages = warning;
SET row_security = off;

--
-- Name: plpgsql; Type: EXTENSION; Schema: -; Owner: 
--

CREATE EXTENSION IF NOT EXISTS plpgsql WITH SCHEMA pg_catalog;


--
-- Name: EXTENSION plpgsql; Type: COMMENT; Schema: -; Owner: 
--

COMMENT ON EXTENSION plpgsql IS 'PL/pgSQL procedural language';


SET search_path = public, pg_catalog;

SET default_tablespace = '';

SET default_with_oids = false;

--
-- Name: accountdetails; Type: TABLE; Schema: public; Owner: weddfix
--

CREATE TABLE accountdetails (
    id bigint NOT NULL,
    profileid bigint NOT NULL,
    userid bigint NOT NULL,
    accounttype bigint NOT NULL,
    deactivateprofiledays bigint,
    deactivatedprofiledate timestamp without time zone,
    activateprofiledate timestamp without time zone,
    isprofileactive boolean DEFAULT true NOT NULL,
    deleteprofilereason character varying(1000),
    isprofiledeleted boolean DEFAULT false NOT NULL,
    showmyprofilepicture boolean DEFAULT true NOT NULL,
    showmymobilenumber boolean DEFAULT true NOT NULL,
    showmyemailid boolean DEFAULT true NOT NULL,
    verifymobilenumber character varying(100),
    verifyemailid character varying(100),
    verifyedmobilenumber boolean DEFAULT false NOT NULL,
    verifyedemailid boolean DEFAULT false NOT NULL,
    emailcount bigint NOT NULL,
    mobilecount bigint NOT NULL,
    videocallcount bigint NOT NULL,
    status bigint NOT NULL,
    createdby bigint NOT NULL,
    createddate timestamp without time zone NOT NULL,
    updatedby bigint,
    updateddate timestamp without time zone,
    transactionid character varying(100),
    transactionstatus character varying(10)
);


ALTER TABLE accountdetails OWNER TO weddfix;

--
-- Name: cartdetails; Type: TABLE; Schema: public; Owner: weddfix
--

CREATE TABLE cartdetails (
    id bigint NOT NULL,
    profileid bigint,
    userid bigint NOT NULL,
    planid bigint NOT NULL,
    plantype character varying(100) NOT NULL,
    statusid bigint NOT NULL,
    createdby bigint NOT NULL,
    createddate timestamp without time zone NOT NULL,
    updatedby bigint,
    updateddate timestamp without time zone
);


ALTER TABLE cartdetails OWNER TO weddfix;

--
-- Name: caste; Type: TABLE; Schema: public; Owner: weddfix
--

CREATE TABLE caste (
    id bigint NOT NULL,
    castename character varying(80) NOT NULL,
    religionid bigint NOT NULL,
    isactive boolean DEFAULT true NOT NULL,
    createdby bigint NOT NULL,
    createddate timestamp without time zone NOT NULL,
    updatedby bigint,
    updateddate timestamp without time zone
);


ALTER TABLE caste OWNER TO weddfix;

--
-- Name: city; Type: TABLE; Schema: public; Owner: weddfix
--

CREATE TABLE city (
    id bigint NOT NULL,
    cityname character varying(80) NOT NULL,
    stateid bigint NOT NULL,
    isactive boolean DEFAULT true NOT NULL,
    createdby bigint NOT NULL,
    createddate timestamp without time zone NOT NULL,
    updatedby bigint,
    updateddate timestamp without time zone
);


ALTER TABLE city OWNER TO weddfix;

--
-- Name: clientinfo; Type: TABLE; Schema: public; Owner: weddfix
--

CREATE TABLE clientinfo (
    id bigint NOT NULL,
    orgid bigint NOT NULL,
    name character varying(100) NOT NULL,
    filename character varying(250) NOT NULL,
    filetype character varying(20) NOT NULL,
    filesize bigint NOT NULL,
    filepath character varying(250) NOT NULL,
    packagefrom numeric(12,2) NOT NULL,
    managername character varying(100) NOT NULL,
    email character varying(100) NOT NULL,
    mobile bigint NOT NULL,
    phone bigint,
    address character varying(250),
    city character varying(100),
    pincode bigint NOT NULL,
    stateid bigint,
    countryid bigint,
    statusid bigint NOT NULL,
    createdby bigint NOT NULL,
    createddate timestamp without time zone NOT NULL,
    updatedby bigint,
    updateddate timestamp without time zone
);


ALTER TABLE clientinfo OWNER TO weddfix;

--
-- Name: comments; Type: TABLE; Schema: public; Owner: weddfix
--

CREATE TABLE comments (
    id bigint NOT NULL,
    name character varying(100) NOT NULL,
    email character varying(100) NOT NULL,
    subject character varying(250) NOT NULL,
    comment character varying NOT NULL,
    createddate timestamp without time zone NOT NULL
);


ALTER TABLE comments OWNER TO weddfix;

--
-- Name: country; Type: TABLE; Schema: public; Owner: weddfix
--

CREATE TABLE country (
    id bigint NOT NULL,
    countrycode character varying(10) NOT NULL,
    countryname character varying(50) NOT NULL,
    countrydesc character varying(250),
    isactive boolean DEFAULT true NOT NULL,
    createdby bigint NOT NULL,
    createddate timestamp without time zone NOT NULL,
    updatedby bigint,
    updateddate timestamp without time zone
);


ALTER TABLE country OWNER TO weddfix;

--
-- Name: currency; Type: TABLE; Schema: public; Owner: weddfix
--

CREATE TABLE currency (
    id bigint NOT NULL,
    currency character varying(50) NOT NULL,
    currencydesc character varying(250),
    isactive boolean DEFAULT true NOT NULL,
    createdby bigint NOT NULL,
    createddate timestamp without time zone NOT NULL,
    updatedby bigint,
    updateddate timestamp without time zone
);


ALTER TABLE currency OWNER TO weddfix;

--
-- Name: directoryaccountdetails; Type: TABLE; Schema: public; Owner: weddfix
--

CREATE TABLE directoryaccountdetails (
    id bigint NOT NULL,
    userid bigint NOT NULL,
    accounttype bigint NOT NULL,
    deleteprofilereason character varying(1000),
    isprofiledeleted boolean DEFAULT false NOT NULL,
    verifymobilenumber character varying(100),
    verifyemailid character varying(100),
    verifiedmobilenumber boolean DEFAULT false NOT NULL,
    verifiedemailid boolean DEFAULT false NOT NULL,
    transactionid character varying(100),
    transactionstatus character varying(10),
    status bigint NOT NULL,
    createdby bigint NOT NULL,
    createddate timestamp without time zone NOT NULL,
    updatedby bigint,
    updateddate timestamp without time zone
);


ALTER TABLE directoryaccountdetails OWNER TO weddfix;

--
-- Name: directorycartdetails; Type: TABLE; Schema: public; Owner: weddfix
--

CREATE TABLE directorycartdetails (
    id bigint NOT NULL,
    userid bigint NOT NULL,
    planid bigint NOT NULL,
    plantype character varying(100) NOT NULL,
    statusid bigint NOT NULL,
    createdby bigint NOT NULL,
    createddate timestamp without time zone NOT NULL,
    updatedby bigint,
    updateddate timestamp without time zone,
    categoryinfoid bigint
);


ALTER TABLE directorycartdetails OWNER TO weddfix;

--
-- Name: directorycategoryinfo; Type: TABLE; Schema: public; Owner: weddfix
--

CREATE TABLE directorycategoryinfo (
    id bigint NOT NULL,
    companyname character varying(100) NOT NULL,
    contactname character varying(100) NOT NULL,
    mobile bigint NOT NULL,
    phone character varying(20),
    email character varying(100) NOT NULL,
    websiteurl character varying(250),
    categoryid bigint NOT NULL,
    subcategoryid bigint,
    location character varying(100) NOT NULL,
    address character varying(250) NOT NULL,
    cityid bigint NOT NULL,
    stateid bigint NOT NULL,
    countryid bigint NOT NULL,
    pincode bigint NOT NULL,
    description character varying(2000),
    seatcapacityid bigint,
    price bigint,
    latitude character varying,
    longitude character varying,
    categorypictureid bigint,
    categoryvideourl character varying,
    phototype character varying,
    maxrating bigint,
    maxusersrating bigint,
    statusid bigint NOT NULL,
    createdby bigint NOT NULL,
    createddate timestamp without time zone NOT NULL,
    updatedby bigint,
    updateddate timestamp without time zone
);


ALTER TABLE directorycategoryinfo OWNER TO weddfix;

--
-- Name: directorycategoryinfoaccountdetails; Type: TABLE; Schema: public; Owner: weddfix
--

CREATE TABLE directorycategoryinfoaccountdetails (
    id bigint NOT NULL,
    userid bigint NOT NULL,
    categoryinfoid bigint NOT NULL,
    accounttype bigint NOT NULL,
    transactionid character varying(100),
    transactionstatus character varying(10),
    statusid bigint NOT NULL,
    createdby bigint NOT NULL,
    createddate timestamp without time zone NOT NULL,
    updatedby bigint,
    updateddate timestamp without time zone
);


ALTER TABLE directorycategoryinfoaccountdetails OWNER TO weddfix;

--
-- Name: directorycategoryreview; Type: TABLE; Schema: public; Owner: weddfix
--

CREATE TABLE directorycategoryreview (
    id bigint NOT NULL,
    vendorid bigint NOT NULL,
    rating bigint NOT NULL,
    name character varying(100) NOT NULL,
    email character varying(100) NOT NULL,
    reviewtitle character varying(1000) NOT NULL,
    review character varying NOT NULL,
    statusid bigint NOT NULL,
    createdby bigint NOT NULL,
    createddate timestamp without time zone NOT NULL,
    updatedby bigint,
    updateddate timestamp without time zone
);


ALTER TABLE directorycategoryreview OWNER TO weddfix;

--
-- Name: directorycategoryshortlisted; Type: TABLE; Schema: public; Owner: weddfix
--

CREATE TABLE directorycategoryshortlisted (
    id bigint NOT NULL,
    vendorid bigint NOT NULL,
    userid bigint NOT NULL,
    shortlisted boolean DEFAULT false,
    statusid bigint NOT NULL,
    createdby bigint NOT NULL,
    createddate timestamp without time zone NOT NULL,
    updatedby bigint,
    updateddate timestamp without time zone
);


ALTER TABLE directorycategoryshortlisted OWNER TO weddfix;

--
-- Name: directorypromotiondetails; Type: TABLE; Schema: public; Owner: weddfix
--

CREATE TABLE directorypromotiondetails (
    id bigint NOT NULL,
    promocode character varying(100) NOT NULL,
    expires timestamp without time zone NOT NULL,
    discount bigint NOT NULL,
    email character varying(100),
    sentto character varying(100),
    sent timestamp without time zone,
    userid bigint,
    accepted timestamp without time zone,
    statusid bigint NOT NULL,
    createdby bigint NOT NULL,
    createddate timestamp without time zone NOT NULL,
    updatedby bigint,
    updateddate timestamp without time zone
);


ALTER TABLE directorypromotiondetails OWNER TO weddfix;

--
-- Name: directoryrole; Type: TABLE; Schema: public; Owner: weddfix
--

CREATE TABLE directoryrole (
    id bigint NOT NULL,
    rolename character varying(50) NOT NULL,
    roledesc character varying(250),
    isactive boolean DEFAULT true NOT NULL,
    createdby bigint NOT NULL,
    createddate timestamp without time zone NOT NULL,
    updatedby bigint,
    updateddate timestamp without time zone
);


ALTER TABLE directoryrole OWNER TO weddfix;

--
-- Name: directoryroledetails; Type: TABLE; Schema: public; Owner: weddfix
--

CREATE TABLE directoryroledetails (
    id bigint NOT NULL,
    userid bigint NOT NULL,
    roleid bigint NOT NULL,
    description character varying(250) NOT NULL,
    createdby bigint NOT NULL,
    createddate timestamp without time zone NOT NULL,
    updatedby bigint,
    updateddate timestamp without time zone
);


ALTER TABLE directoryroledetails OWNER TO weddfix;

--
-- Name: directorysendinfo; Type: TABLE; Schema: public; Owner: weddfix
--

CREATE TABLE directorysendinfo (
    id bigint NOT NULL,
    vendorid bigint NOT NULL,
    name character varying(100) NOT NULL,
    mobile bigint NOT NULL,
    email character varying(100) NOT NULL,
    weddingdate timestamp without time zone,
    sendemail boolean DEFAULT false,
    needcallback boolean DEFAULT false,
    statusid bigint NOT NULL,
    createdby bigint NOT NULL,
    createddate timestamp without time zone NOT NULL,
    updatedby bigint,
    updateddate timestamp without time zone,
    feedbackrequested boolean DEFAULT false,
    feedbackstatus character varying(20)
);


ALTER TABLE directorysendinfo OWNER TO weddfix;

--
-- Name: directoryupgradeplandetails; Type: TABLE; Schema: public; Owner: weddfix
--

CREATE TABLE directoryupgradeplandetails (
    id bigint NOT NULL,
    planname character varying(100) NOT NULL,
    amount bigint NOT NULL,
    validity bigint NOT NULL,
    getsmsalert boolean DEFAULT false NOT NULL,
    isactive boolean DEFAULT false NOT NULL,
    createdby bigint NOT NULL,
    createddate timestamp without time zone NOT NULL,
    updatedby bigint,
    updateddate timestamp without time zone
);


ALTER TABLE directoryupgradeplandetails OWNER TO weddfix;

--
-- Name: directoryuserprofile; Type: TABLE; Schema: public; Owner: weddfix
--

CREATE TABLE directoryuserprofile (
    id bigint NOT NULL,
    fullname character varying(100) NOT NULL,
    email character varying(100) NOT NULL,
    password character varying(50) NOT NULL,
    passwordhash character varying(50) NOT NULL,
    mobile bigint NOT NULL,
    cityid bigint NOT NULL,
    stateid bigint NOT NULL,
    countryid bigint NOT NULL,
    pincode bigint NOT NULL,
    description character varying(2000),
    profilepictureid bigint,
    weddingdate timestamp without time zone,
    websiteurl character varying(250),
    facebookurl character varying(250),
    twitterurl character varying(250),
    linkedinurl character varying(250),
    pinteresturl character varying(250),
    instagramurl character varying(250),
    roleid bigint NOT NULL,
    statusid bigint NOT NULL,
    createdby bigint NOT NULL,
    createddate timestamp without time zone NOT NULL,
    updatedby bigint,
    updateddate timestamp without time zone
);


ALTER TABLE directoryuserprofile OWNER TO weddfix;

--
-- Name: directoryuserpwreset; Type: TABLE; Schema: public; Owner: weddfix
--

CREATE TABLE directoryuserpwreset (
    id bigint NOT NULL,
    userid bigint NOT NULL,
    resetkey character varying(50) NOT NULL
);


ALTER TABLE directoryuserpwreset OWNER TO weddfix;

--
-- Name: directoryvendoraccountdetails; Type: TABLE; Schema: public; Owner: weddfix
--

CREATE TABLE directoryvendoraccountdetails (
    id bigint NOT NULL,
    userid bigint NOT NULL,
    accounttype bigint NOT NULL,
    deleteprofilereason character varying(1000),
    isprofiledeleted boolean DEFAULT false NOT NULL,
    verifymobilenumber character varying(100),
    verifyemailid character varying(100),
    verifiedmobilenumber boolean DEFAULT false NOT NULL,
    verifiedemailid boolean DEFAULT false NOT NULL,
    transactionid character varying(100),
    transactionstatus character varying(10),
    status bigint NOT NULL,
    createdby bigint NOT NULL,
    createddate timestamp without time zone NOT NULL,
    updatedby bigint,
    updateddate timestamp without time zone
);


ALTER TABLE directoryvendoraccountdetails OWNER TO weddfix;

--
-- Name: directoryvendorprofile; Type: TABLE; Schema: public; Owner: weddfix
--

CREATE TABLE directoryvendorprofile (
    id bigint NOT NULL,
    fullname character varying(100) NOT NULL,
    email character varying(100) NOT NULL,
    password character varying(50) NOT NULL,
    passwordhash character varying(50) NOT NULL,
    mobile bigint NOT NULL,
    cityid bigint NOT NULL,
    stateid bigint NOT NULL,
    countryid bigint NOT NULL,
    pincode bigint NOT NULL,
    description character varying(2000),
    profilepictureid bigint,
    websiteurl character varying(250),
    facebookurl character varying(250),
    twitterurl character varying(250),
    linkedinurl character varying(250),
    pinteresturl character varying(250),
    instagramurl character varying(250),
    roleid bigint NOT NULL,
    statusid bigint NOT NULL,
    createdby bigint NOT NULL,
    createddate timestamp without time zone NOT NULL,
    updatedby bigint,
    updateddate timestamp without time zone
);


ALTER TABLE directoryvendorprofile OWNER TO weddfix;

--
-- Name: directoryvendorpwreset; Type: TABLE; Schema: public; Owner: weddfix
--

CREATE TABLE directoryvendorpwreset (
    id bigint NOT NULL,
    userid bigint NOT NULL,
    resetkey character varying(50) NOT NULL
);


ALTER TABLE directoryvendorpwreset OWNER TO weddfix;

--
-- Name: directoryvendorroledetails; Type: TABLE; Schema: public; Owner: weddfix
--

CREATE TABLE directoryvendorroledetails (
    id bigint NOT NULL,
    userid bigint NOT NULL,
    roleid bigint NOT NULL,
    description character varying(250) NOT NULL,
    createdby bigint NOT NULL,
    createddate timestamp without time zone NOT NULL,
    updatedby bigint,
    updateddate timestamp without time zone
);


ALTER TABLE directoryvendorroledetails OWNER TO weddfix;

--
-- Name: education; Type: TABLE; Schema: public; Owner: weddfix
--

CREATE TABLE education (
    id bigint NOT NULL,
    education character varying(50) NOT NULL,
    educationdesc character varying(250),
    isactive boolean DEFAULT true NOT NULL,
    createdby bigint NOT NULL,
    createddate timestamp without time zone NOT NULL,
    updatedby bigint,
    updateddate timestamp without time zone
);


ALTER TABLE education OWNER TO weddfix;

--
-- Name: gender; Type: TABLE; Schema: public; Owner: weddfix
--

CREATE TABLE gender (
    id bigint NOT NULL,
    gendername character varying(50) NOT NULL,
    genderdesc character varying(250),
    isactive boolean DEFAULT true NOT NULL,
    createdby bigint NOT NULL,
    createddate timestamp without time zone NOT NULL,
    updatedby bigint,
    updateddate timestamp without time zone
);


ALTER TABLE gender OWNER TO weddfix;

--
-- Name: height; Type: TABLE; Schema: public; Owner: weddfix
--

CREATE TABLE height (
    id bigint NOT NULL,
    feetinches character varying(50) NOT NULL,
    feetinchesdesc character varying(250),
    isactive boolean DEFAULT true NOT NULL,
    createdby bigint NOT NULL,
    createddate timestamp without time zone NOT NULL,
    updatedby bigint,
    updateddate timestamp without time zone
);


ALTER TABLE height OWNER TO weddfix;

--
-- Name: mailbox; Type: TABLE; Schema: public; Owner: weddfix
--

CREATE TABLE mailbox (
    id bigint NOT NULL,
    profileid bigint NOT NULL,
    userid bigint NOT NULL,
    inbox boolean DEFAULT true,
    newmail boolean DEFAULT false,
    read boolean DEFAULT false,
    accepted boolean DEFAULT false,
    notinterested boolean DEFAULT false,
    createdby bigint NOT NULL,
    createddate timestamp without time zone NOT NULL,
    updatedby bigint,
    updateddate timestamp without time zone
);


ALTER TABLE mailbox OWNER TO weddfix;

--
-- Name: maritalstatus; Type: TABLE; Schema: public; Owner: weddfix
--

CREATE TABLE maritalstatus (
    id bigint NOT NULL,
    maritalstatusname character varying(50) NOT NULL,
    maritalstatusdesc character varying(250),
    isactive boolean DEFAULT true NOT NULL,
    createdby bigint NOT NULL,
    createddate timestamp without time zone NOT NULL,
    updatedby bigint,
    updateddate timestamp without time zone
);


ALTER TABLE maritalstatus OWNER TO weddfix;

--
-- Name: matches; Type: TABLE; Schema: public; Owner: weddfix
--

CREATE TABLE matches (
    id bigint NOT NULL,
    profileid bigint NOT NULL,
    userid bigint NOT NULL,
    newmatches boolean DEFAULT false,
    whoviewedmyprofile boolean DEFAULT false,
    viewedandnotcontacted boolean DEFAULT false,
    premiummembers boolean DEFAULT false,
    shortlistedprofiles boolean DEFAULT false,
    recentlyviewedprofiles boolean DEFAULT false,
    dontshowalreadyviewed boolean DEFAULT false,
    dontshowalreadycontacted boolean DEFAULT false,
    showprofileswithphoto boolean DEFAULT false,
    sendmail boolean DEFAULT false,
    sendinterested boolean DEFAULT false,
    createdby bigint NOT NULL,
    createddate timestamp without time zone NOT NULL,
    updatedby bigint,
    updateddate timestamp without time zone
);


ALTER TABLE matches OWNER TO weddfix;

--
-- Name: mothertonque; Type: TABLE; Schema: public; Owner: weddfix
--

CREATE TABLE mothertonque (
    id bigint NOT NULL,
    mothertonque character varying(50) NOT NULL,
    mothertonquedesc character varying(250),
    isactive boolean DEFAULT true NOT NULL,
    createdby bigint NOT NULL,
    createddate timestamp without time zone NOT NULL,
    updatedby bigint,
    updateddate timestamp without time zone
);


ALTER TABLE mothertonque OWNER TO weddfix;

--
-- Name: next_image_id_seq; Type: SEQUENCE; Schema: public; Owner: weddfix
--

CREATE SEQUENCE next_image_id_seq
    START WITH 1
    INCREMENT BY 1
    NO MINVALUE
    NO MAXVALUE
    CACHE 1;


ALTER TABLE next_image_id_seq OWNER TO weddfix;

--
-- Name: occupation; Type: TABLE; Schema: public; Owner: weddfix
--

CREATE TABLE occupation (
    id bigint NOT NULL,
    occupation character varying(50) NOT NULL,
    occupationdesc character varying(250),
    isactive boolean DEFAULT true NOT NULL,
    createdby bigint NOT NULL,
    createddate timestamp without time zone NOT NULL,
    updatedby bigint,
    updateddate timestamp without time zone
);


ALTER TABLE occupation OWNER TO weddfix;

--
-- Name: organization; Type: TABLE; Schema: public; Owner: weddfix
--

CREATE TABLE organization (
    id bigint NOT NULL,
    orgname character varying(50) NOT NULL,
    orgdesc character varying(250),
    isactive boolean DEFAULT true NOT NULL,
    createdby bigint NOT NULL,
    createddate timestamp without time zone NOT NULL,
    updatedby bigint,
    updateddate timestamp without time zone
);


ALTER TABLE organization OWNER TO weddfix;

--
-- Name: partnerpreference; Type: TABLE; Schema: public; Owner: weddfix
--

CREATE TABLE partnerpreference (
    id bigint NOT NULL,
    profileid bigint NOT NULL,
    userid bigint NOT NULL,
    fromage bigint NOT NULL,
    toage bigint NOT NULL,
    maritalstatusid bigint NOT NULL,
    bodytype character varying(20),
    complexion character varying(20),
    fromheightid bigint,
    food character varying(30),
    religionid bigint,
    casteid bigint,
    mothertongueid bigint,
    educationid bigint,
    occupationid bigint,
    countryid bigint,
    stateid bigint,
    cityid bigint,
    statusid bigint NOT NULL,
    createdby bigint NOT NULL,
    createddate timestamp without time zone NOT NULL,
    updatedby bigint,
    updateddate timestamp without time zone,
    toheightid bigint
);


ALTER TABLE partnerpreference OWNER TO weddfix;

--
-- Name: personaldetails; Type: TABLE; Schema: public; Owner: weddfix
--

CREATE TABLE personaldetails (
    id bigint NOT NULL,
    profileid bigint NOT NULL,
    userid bigint NOT NULL,
    casteid bigint NOT NULL,
    subcaste character varying(100),
    mothertongueid bigint NOT NULL,
    weightid bigint,
    bodytype character varying(20),
    complexion character varying(20),
    physicalstatus character varying(30) NOT NULL,
    employedin character varying(20) NOT NULL,
    currencyid bigint,
    monthlyincome bigint,
    food character varying(30),
    smoking character varying(20),
    drinking character varying(20),
    familystatus character varying(30) NOT NULL,
    familytype character varying(20) NOT NULL,
    familyvalues character varying(20) NOT NULL,
    fathersstatus character varying(30),
    mothersstatus character varying(30),
    numberofbrothers character varying(10),
    brothersmarried character varying(10),
    numberofsisters character varying(10),
    sistersmarried character varying(10),
    statusid bigint NOT NULL,
    createdby bigint NOT NULL,
    createddate timestamp without time zone NOT NULL,
    updatedby bigint,
    updateddate timestamp without time zone
);


ALTER TABLE personaldetails OWNER TO weddfix;

--
-- Name: photogallery; Type: TABLE; Schema: public; Owner: weddfix
--

CREATE TABLE photogallery (
    id bigint NOT NULL,
    phototype character varying(20),
    orgid bigint,
    filename character varying(250) NOT NULL,
    filetype character varying(20) NOT NULL,
    filesize bigint NOT NULL,
    filepath character varying(250) NOT NULL,
    statusid bigint NOT NULL,
    createdby bigint NOT NULL,
    createddate timestamp without time zone NOT NULL,
    updatedby bigint,
    updateddate timestamp without time zone
);


ALTER TABLE photogallery OWNER TO weddfix;

--
-- Name: profile; Type: TABLE; Schema: public; Owner: weddfix
--

CREATE TABLE profile (
    id bigint NOT NULL,
    profilename character varying(50) NOT NULL,
    profiledesc character varying(250),
    isactive boolean DEFAULT true NOT NULL,
    createdby bigint NOT NULL,
    createddate timestamp without time zone NOT NULL,
    updatedby bigint,
    updateddate timestamp without time zone
);


ALTER TABLE profile OWNER TO weddfix;

--
-- Name: promotiondetails; Type: TABLE; Schema: public; Owner: weddfix
--

CREATE TABLE promotiondetails (
    id bigint NOT NULL,
    promocode character varying(100) NOT NULL,
    expires timestamp without time zone NOT NULL,
    discount bigint NOT NULL,
    email character varying(100),
    sentto character varying(100),
    sent timestamp without time zone,
    profileid bigint,
    userid bigint,
    accepted timestamp without time zone,
    statusid bigint NOT NULL,
    createdby bigint NOT NULL,
    createddate timestamp without time zone NOT NULL,
    updatedby bigint,
    updateddate timestamp without time zone
);


ALTER TABLE promotiondetails OWNER TO weddfix;

--
-- Name: pwreset; Type: TABLE; Schema: public; Owner: weddfix
--

CREATE TABLE pwreset (
    id bigint NOT NULL,
    userid bigint NOT NULL,
    resetkey character varying(50) NOT NULL
);


ALTER TABLE pwreset OWNER TO weddfix;

--
-- Name: religion; Type: TABLE; Schema: public; Owner: weddfix
--

CREATE TABLE religion (
    id bigint NOT NULL,
    religionname character varying(50) NOT NULL,
    religiondesc character varying(250),
    isactive boolean DEFAULT true NOT NULL,
    createdby bigint NOT NULL,
    createddate timestamp without time zone NOT NULL,
    updatedby bigint,
    updateddate timestamp without time zone
);


ALTER TABLE religion OWNER TO weddfix;

--
-- Name: role; Type: TABLE; Schema: public; Owner: weddfix
--

CREATE TABLE role (
    id bigint NOT NULL,
    rolename character varying(50) NOT NULL,
    roledesc character varying(250),
    isactive boolean DEFAULT true NOT NULL,
    createdby bigint NOT NULL,
    createddate timestamp without time zone NOT NULL,
    updatedby bigint,
    updateddate timestamp without time zone
);


ALTER TABLE role OWNER TO weddfix;

--
-- Name: roledetails; Type: TABLE; Schema: public; Owner: weddfix
--

CREATE TABLE roledetails (
    id bigint NOT NULL,
    userid bigint NOT NULL,
    roleid bigint NOT NULL,
    description character varying(250) NOT NULL,
    createdby bigint NOT NULL,
    createddate timestamp without time zone NOT NULL,
    updatedby bigint,
    updateddate timestamp without time zone
);


ALTER TABLE roledetails OWNER TO weddfix;

--
-- Name: state; Type: TABLE; Schema: public; Owner: weddfix
--

CREATE TABLE state (
    id bigint NOT NULL,
    statename character varying(80) NOT NULL,
    countryid bigint NOT NULL,
    isactive boolean DEFAULT true NOT NULL,
    createdby bigint NOT NULL,
    createddate timestamp without time zone NOT NULL,
    updatedby bigint,
    updateddate timestamp without time zone
);


ALTER TABLE state OWNER TO weddfix;

--
-- Name: status; Type: TABLE; Schema: public; Owner: weddfix
--

CREATE TABLE status (
    id bigint NOT NULL,
    statusname character varying(50) NOT NULL,
    statusdesc character varying(250),
    isactive boolean DEFAULT true NOT NULL,
    createdby bigint NOT NULL,
    createddate timestamp without time zone NOT NULL,
    updatedby bigint,
    updateddate timestamp without time zone
);


ALTER TABLE status OWNER TO weddfix;

--
-- Name: subscribers; Type: TABLE; Schema: public; Owner: weddfix
--

CREATE TABLE subscribers (
    id bigint NOT NULL,
    subscriberemail character varying(100) NOT NULL,
    statusid bigint NOT NULL,
    createddate timestamp without time zone NOT NULL
);


ALTER TABLE subscribers OWNER TO weddfix;

--
-- Name: upgradeplandetails; Type: TABLE; Schema: public; Owner: weddfix
--

CREATE TABLE upgradeplandetails (
    id bigint NOT NULL,
    planname character varying(100) NOT NULL,
    amount bigint NOT NULL,
    validity bigint NOT NULL,
    emailcount bigint NOT NULL,
    mobilecount bigint NOT NULL,
    videocallcount bigint NOT NULL,
    expressinterest boolean DEFAULT false NOT NULL,
    profilehighlight boolean DEFAULT false NOT NULL,
    viewprofile boolean DEFAULT false NOT NULL,
    protectphoto boolean DEFAULT false NOT NULL,
    getsmsalert boolean DEFAULT false NOT NULL,
    isactive boolean DEFAULT false NOT NULL,
    createdby bigint NOT NULL,
    createddate timestamp without time zone NOT NULL,
    updatedby bigint,
    updateddate timestamp without time zone
);


ALTER TABLE upgradeplandetails OWNER TO weddfix;

--
-- Name: userprofile; Type: TABLE; Schema: public; Owner: weddfix
--

CREATE TABLE userprofile (
    id bigint NOT NULL,
    profileid bigint,
    userprofileid bigint NOT NULL,
    fullname character varying(100) NOT NULL,
    genderid bigint NOT NULL,
    maritalstatusid bigint NOT NULL,
    dob timestamp without time zone,
    email character varying(100) NOT NULL,
    password character varying(50) NOT NULL,
    passwordhash character varying(50) NOT NULL,
    mobile bigint NOT NULL,
    heightid bigint NOT NULL,
    educationid bigint NOT NULL,
    occupationid bigint NOT NULL,
    religionid bigint NOT NULL,
    cityid bigint NOT NULL,
    stateid bigint NOT NULL,
    countryid bigint NOT NULL,
    aboutyou character varying(1000) NOT NULL,
    profilepictureid bigint,
    birthhoroscopephotoid bigint,
    roleid bigint NOT NULL,
    statusid bigint NOT NULL,
    createdby bigint NOT NULL,
    createddate timestamp without time zone NOT NULL,
    updatedby bigint,
    updateddate timestamp without time zone
);


ALTER TABLE userprofile OWNER TO weddfix;

--
-- Name: weight; Type: TABLE; Schema: public; Owner: weddfix
--

CREATE TABLE weight (
    id bigint NOT NULL,
    weight character varying(50) NOT NULL,
    weightdesc character varying(250),
    isactive boolean DEFAULT true NOT NULL,
    createdby bigint NOT NULL,
    createddate timestamp without time zone NOT NULL,
    updatedby bigint,
    updateddate timestamp without time zone
);


ALTER TABLE weight OWNER TO weddfix;

--
-- Data for Name: accountdetails; Type: TABLE DATA; Schema: public; Owner: weddfix
--

COPY accountdetails (id, profileid, userid, accounttype, deactivateprofiledays, deactivatedprofiledate, activateprofiledate, isprofileactive, deleteprofilereason, isprofiledeleted, showmyprofilepicture, showmymobilenumber, showmyemailid, verifymobilenumber, verifyemailid, verifyedmobilenumber, verifyedemailid, emailcount, mobilecount, videocallcount, status, createdby, createddate, updatedby, updateddate, transactionid, transactionstatus) FROM stdin;
4	1000004	4	1	\N	\N	\N	t	\N	f	t	t	t	836461	276930	f	f	0	0	0	1	4	2016-10-23 08:30:23.134	\N	\N	\N	\N
5	1000005	5	3	\N	\N	\N	t	\N	f	t	t	t	251866	121404	f	f	20	30	10	1	5	2016-11-07 00:00:00	5	2016-11-07 00:00:00	1a1ff723cc55a7faebf5	SUCCESS
6	1000006	6	1	\N	\N	\N	t	\N	f	t	t	t	720529	710087	f	f	0	0	0	1	6	2016-11-08 05:56:49.154	\N	\N	\N	\N
8	1000008	8	1	\N	\N	\N	t	\N	f	t	t	t	751865	706199	f	f	0	0	0	1	8	2016-11-20 03:12:32.508	\N	\N	\N	\N
9	1000009	9	1	\N	\N	\N	t	\N	f	t	t	t	147152	250982	t	f	0	0	0	1	9	2016-11-20 07:04:08.43	9	2016-11-20 00:00:00	\N	\N
12	1000012	12	1	\N	\N	\N	t	\N	t	t	t	t	216514	379459	f	f	0	0	0	1	12	2016-12-01 13:22:20.637	1	2016-12-01 00:00:00	\N	\N
11	1000011	11	3	\N	\N	\N	t	\N	f	t	t	t	894228	761737	t	f	30	30	0	1	11	2016-12-01 00:00:00	11	2016-12-01 00:00:00	b7758e6a376d4853fa7b	SUCCESS
14	1000014	14	1	\N	\N	\N	t	\N	f	t	t	t	282562	212694	t	f	0	0	0	1	14	2016-12-12 13:06:07.337	14	2016-12-12 00:00:00	\N	\N
15	1000015	15	1	\N	\N	\N	t	\N	f	t	t	t	968956	284732	f	f	0	0	0	1	15	2016-12-18 17:02:25.998	\N	\N	\N	\N
16	1000016	16	1	\N	\N	\N	t	\N	f	t	t	t	151069	762901	t	f	0	0	0	1	16	2016-12-21 04:15:35.431	16	2016-12-21 00:00:00	\N	\N
1	1000001	1	1	\N	\N	\N	t	\N	f	t	t	t	226004	824415	t	f	0	0	0	1	1	2016-10-15 15:14:36.736	1	2016-12-21 00:00:00	\N	\N
10	1000010	10	1	\N	\N	\N	t	\N	f	t	t	t	743862	230991	t	f	0	0	0	1	10	2016-11-24 06:28:28.362	10	2016-12-26 00:00:00	\N	\N
18	1000019	19	1	\N	\N	\N	t	\N	f	t	t	t	375369	726310	f	f	0	0	0	1	19	2016-12-26 17:51:52.863	\N	\N	\N	\N
17	1000017	17	1	\N	\N	\N	t	\N	f	t	t	t	139788	422371	t	f	0	0	0	1	17	2016-12-26 17:49:06.235	17	2016-12-26 00:00:00	\N	\N
19	1000020	20	1	\N	\N	\N	t	\N	f	t	t	t	895090	543248	f	f	0	0	0	1	20	2017-01-08 05:38:14.366	\N	\N	\N	\N
3	1000003	3	1	\N	\N	\N	t	\N	f	t	t	t	257190	779954	t	f	0	0	0	1	3	2016-10-18 13:31:41.276	3	2017-01-08 00:00:00	\N	\N
20	1000021	21	1	\N	\N	\N	t	\N	f	t	t	t	814152	524441	t	f	0	0	0	1	21	2017-01-08 06:55:37.256	21	2017-01-18 00:00:00	\N	\N
43	1000048	48	1	\N	\N	\N	t	\N	f	t	t	t	630398	884060	f	f	0	0	0	1	48	2017-02-20 06:28:17.268	\N	\N	\N	\N
44	1000049	49	1	\N	\N	\N	t	\N	f	t	t	t	584493	434351	t	f	0	0	0	1	49	2017-03-01 16:48:50.205	49	2017-03-01 00:00:00	\N	\N
21	1000022	22	1	\N	\N	\N	t	\N	f	t	t	t	678774	101900	t	f	0	0	0	1	22	2017-01-21 10:36:05.019	22	2017-01-21 00:00:00	\N	\N
22	1000023	23	1	\N	\N	\N	t	\N	f	t	t	t	937137	262870	f	f	0	0	0	1	23	2017-01-21 11:23:25.755	\N	\N	\N	\N
23	1000024	24	1	\N	\N	\N	t	\N	f	t	t	t	182591	837718	f	f	0	0	0	1	24	2017-01-26 19:38:10.786	\N	\N	\N	\N
24	1000025	25	1	\N	\N	\N	t	\N	f	t	t	t	579232	699218	f	f	0	0	0	1	25	2017-01-26 19:44:54.734	\N	\N	\N	\N
25	1000026	26	1	\N	\N	\N	t	\N	f	t	t	t	270590	995922	f	f	0	0	0	1	26	2017-01-26 20:34:06.447	\N	\N	\N	\N
26	1000027	27	1	\N	\N	\N	t	\N	f	t	t	t	210722	729492	f	f	0	0	0	1	27	2017-01-28 05:04:54.277	\N	\N	\N	\N
27	1000032	32	1	\N	\N	\N	t	\N	f	t	t	t	957470	368197	f	f	0	0	0	1	32	2017-01-28 05:09:38.582	\N	\N	\N	\N
28	1000033	33	1	\N	\N	\N	t	\N	f	t	t	t	709065	346218	f	f	0	0	0	1	33	2017-01-31 03:43:19.973	\N	\N	\N	\N
29	1000034	34	1	\N	\N	\N	t	\N	f	t	t	t	230832	487718	f	f	0	0	0	1	34	2017-01-31 19:02:32.032	\N	\N	\N	\N
30	1000035	35	1	\N	\N	\N	t	\N	f	t	t	t	148324	373749	f	f	0	0	0	1	35	2017-02-01 08:53:33.129	\N	\N	\N	\N
7	1000007	7	1	\N	\N	\N	t	\N	f	t	t	t	667819	273397	t	f	0	0	0	1	7	2016-11-13 14:53:35.263	7	2017-02-01 00:00:00	\N	\N
31	1000036	36	1	\N	\N	\N	t	\N	f	t	t	t	798574	330797	f	f	0	0	0	1	36	2017-02-04 08:51:02.217	\N	\N	\N	\N
32	1000037	37	1	\N	\N	\N	t	\N	f	t	t	t	375447	667561	f	f	0	0	0	1	37	2017-02-11 02:33:46.804	\N	\N	\N	\N
33	1000038	38	1	\N	\N	\N	t	\N	f	t	t	t	146854	675823	f	f	0	0	0	1	38	2017-02-12 03:59:11.337	\N	\N	\N	\N
34	1000039	39	1	\N	\N	\N	t	\N	f	t	t	t	965795	419302	f	f	0	0	0	1	39	2017-02-16 09:33:36.533	\N	\N	\N	\N
35	1000040	40	1	\N	\N	\N	t	\N	f	t	t	t	735761	225403	f	f	0	0	0	1	40	2017-02-17 04:35:19.336	\N	\N	\N	\N
36	1000041	41	1	\N	\N	\N	t	\N	f	t	t	t	722106	469685	f	f	0	0	0	1	41	2017-02-17 04:41:22.017	\N	\N	\N	\N
37	1000042	42	1	\N	\N	\N	t	\N	f	t	t	t	281831	483403	f	f	0	0	0	1	42	2017-02-17 05:51:27.796	\N	\N	\N	\N
38	1000043	43	1	\N	\N	\N	t	\N	f	t	t	t	389999	383746	f	f	0	0	0	1	43	2017-02-19 03:17:50.834	\N	\N	\N	\N
39	1000044	44	1	\N	\N	\N	t	\N	f	t	t	t	965311	917056	f	f	0	0	0	1	44	2017-02-19 07:25:58.494	\N	\N	\N	\N
40	1000045	45	1	\N	\N	\N	t	\N	f	t	t	t	411644	891560	f	f	0	0	0	1	45	2017-02-19 08:21:13.597	\N	\N	\N	\N
41	1000046	46	1	\N	\N	\N	t	\N	f	t	t	t	869086	785697	f	f	0	0	0	1	46	2017-02-19 08:50:54.374	\N	\N	\N	\N
42	1000047	47	1	\N	\N	\N	t	\N	f	t	t	t	950821	786031	f	f	0	0	0	1	47	2017-02-19 11:53:30.682	\N	\N	\N	\N
13	1000013	13	1	\N	\N	\N	t	\N	f	t	t	t	438648	861885	t	f	0	0	0	1	13	2016-12-10 15:33:56.059	13	2017-02-24 00:00:00	\N	\N
45	1000050	50	1	\N	\N	\N	t	\N	f	t	t	t	518690	168715	f	f	0	0	0	1	50	2017-03-25 01:38:03.558	\N	\N	\N	\N
46	1000051	51	1	\N	\N	\N	t	\N	f	t	t	t	315366	341976	f	f	0	0	0	1	51	2017-03-25 08:25:17.372	\N	\N	\N	\N
47	1000052	52	1	\N	\N	\N	t	\N	f	t	t	t	859569	392238	f	f	0	0	0	1	52	2017-03-28 04:07:46.211	\N	\N	\N	\N
48	1000053	53	1	\N	\N	\N	t	\N	f	t	t	t	997485	303064	f	f	0	0	0	1	53	2017-03-28 07:36:39.332	\N	\N	\N	\N
49	1000054	54	1	\N	\N	\N	t	\N	f	t	t	t	741965	882534	f	f	0	0	0	1	54	2017-04-02 10:26:54.311	\N	\N	\N	\N
51	1000056	56	1	\N	\N	\N	t	\N	f	t	t	t	133916	304126	f	f	0	0	0	1	56	2017-04-21 22:39:21.774	\N	\N	\N	\N
50	1000055	55	3	\N	\N	\N	t	\N	f	t	t	t	405064	386900	t	f	29	29	0	1	55	2017-04-18 00:00:00	55	2017-04-18 00:00:00	8bad3dbf6a77cc148b4e	SUCCESS
52	1000057	57	1	\N	\N	\N	t	\N	f	t	t	t	883000	637732	f	f	0	0	0	1	57	2017-04-21 22:43:40.434	\N	\N	\N	\N
53	1000058	58	1	\N	\N	\N	t	\N	f	t	t	t	725111	249657	f	f	0	0	0	1	58	2017-04-21 23:34:17.659	\N	\N	\N	\N
54	1000059	59	1	\N	\N	\N	t	\N	f	t	t	t	464962	602940	f	f	0	0	0	1	59	2017-04-22 03:17:23.376	\N	\N	\N	\N
55	1000060	60	1	\N	\N	\N	t	\N	f	t	t	t	440588	359721	f	f	0	0	0	1	60	2017-04-22 03:22:31.524	\N	\N	\N	\N
56	1000061	61	1	\N	\N	\N	t	\N	f	t	t	t	386802	662244	f	f	0	0	0	1	61	2017-04-24 07:53:49.484	\N	\N	\N	\N
57	1000062	62	1	\N	\N	\N	t	\N	f	t	t	t	894691	425501	t	f	0	0	0	1	62	2017-04-27 21:07:37.192	62	2017-04-27 00:00:00	\N	\N
2	1000002	2	5	15	2016-10-29 00:00:00	2016-11-13 00:00:00	t	hgvghgh	f	t	t	t	426489	872872	t	f	98	98	0	1	2	2017-02-26 00:00:00	2	2017-05-23 00:00:00	60391a7a973b4966589a	SUCCESS
\.


--
-- Data for Name: cartdetails; Type: TABLE DATA; Schema: public; Owner: weddfix
--

COPY cartdetails (id, profileid, userid, planid, plantype, statusid, createdby, createddate, updatedby, updateddate) FROM stdin;
1	1000001	1	2	UPGRADE	1	1	2016-11-06 19:41:20.262	\N	\N
3	1000001	1	3	UPGRADE	1	1	2016-11-13 19:15:13.175	1	2016-12-21 00:00:00
4	1000010	10	4	UPGRADE	1	10	2016-12-26 16:59:39.132	10	2017-01-08 00:00:00
5	1000022	22	3	UPGRADE	1	22	2017-01-21 11:02:56.915	\N	\N
6	1000002	2	3	UPGRADE	1	2	2017-03-01 19:38:26.588	2	2017-03-01 00:00:00
\.


--
-- Data for Name: caste; Type: TABLE DATA; Schema: public; Owner: weddfix
--

COPY caste (id, castename, religionid, isactive, createdby, createddate, updatedby, updateddate) FROM stdin;
1	Labbai	1	t	1	2016-09-11 00:01:03.625	1	2016-09-11 00:13:11.795
2	Sunni	1	t	1	2016-10-11 18:06:08.368	\N	\N
3	Shia	1	t	1	2016-10-11 18:07:41.595	\N	\N
4	96 Kuli Maratha	2	t	1	2016-10-12 06:59:38.271	\N	\N
5	Agarwal	2	t	1	2016-10-12 07:00:11.261	\N	\N
6	Agrahari	2	t	1	2016-10-12 07:01:15.464	\N	\N
7	Ahiwar	2	t	1	2016-10-12 07:04:06.048	\N	\N
83	Gupta	2	t	1	2016-10-13 11:15:02.721	\N	\N
9	Aramari Gabit	2	t	1	2016-10-12 07:05:57.637	1	2016-10-12 07:06:36.887
10	Arora	2	t	1	2016-10-12 07:08:17.862	\N	\N
11	Asathi	2	t	1	2016-10-12 07:09:12.022	\N	\N
12	Ayodhyavasi	2	t	1	2016-10-12 07:10:21.432	\N	\N
13	Baiwa	2	t	1	2016-10-12 07:10:49.718	\N	\N
14	Balai	2	t	1	2016-10-12 07:11:08.353	\N	\N
15	Baniya	2	t	1	2016-10-12 07:11:33.87	\N	\N
16	Barnwal	2	t	1	2016-10-12 07:12:54.863	\N	\N
17	Bhoyar	2	t	1	2016-10-12 07:17:25.598	\N	\N
18	Bishnoi Vishnoi	2	t	1	2016-10-12 07:18:43.026	\N	\N
19	Bondili	2	t	1	2016-10-12 07:19:26.452	\N	\N
20	Other	1	t	1	2016-10-12 07:20:05.953	\N	\N
21	Brahmin - Anavil Desai	2	t	1	2016-10-12 07:21:08.942	1	2016-10-12 07:26:38.78
8	Anjana Chowdary Patel	2	t	1	2016-10-12 07:05:02.89	1	2016-10-12 07:28:06.92
22	Brahmin - Baidhiki / Vaidhiki	2	t	1	2016-10-12 07:29:07.983	\N	\N
23	Digambar	6	t	1	2016-10-13 10:22:52.444	\N	\N
25	Inter Religion	10	t	1	2016-10-13 10:25:06.453	\N	\N
26	No Cast Belief	9	t	1	2016-10-13 10:26:35.894	\N	\N
27	Roman Catholic	3	t	1	2016-10-13 10:27:59.747	\N	\N
28	Assembly Of God	3	t	1	2016-10-13 10:29:06.082	\N	\N
29	Pentecostal	3	t	1	2016-10-13 10:33:39.006	\N	\N
30	CSI	3	t	1	2016-10-13 10:33:52.755	\N	\N
31	Brahmin_Bardar	2	t	1	2016-10-13 10:37:13.622	\N	\N
32	Brahmin_Bhargav	2	t	1	2016-10-13 10:38:10.904	\N	\N
33	Brahmin_Bhatt	2	t	1	2016-10-13 10:38:58.113	\N	\N
34	Brahmin_Bhumihar	2	t	1	2016-10-13 10:39:37.156	\N	\N
35	Brahmin-Dhiman	2	t	1	2016-10-13 10:40:15.324	\N	\N
36	Brahmin_Garhwali	2	t	1	2016-10-13 10:41:12.304	\N	\N
37	Brahmin_Gaur	2	t	1	2016-10-13 10:42:05.991	\N	\N
38	Brahmin_Gaswami/Gosavi	2	t	1	2016-10-13 10:44:17.589	\N	\N
39	Brahmin-Gujar Gaur	2	t	1	2016-10-13 10:45:14.223	\N	\N
40	Brahmin_Jangid	2	t	1	2016-10-13 10:45:54.825	\N	\N
41	Brahmin_Kanyakubj	2	t	1	2016-10-13 10:47:06.237	\N	\N
42	Brahmin_Khadayata	2	t	1	2016-10-13 10:48:07.031	\N	\N
43	Brahmin_Khandelwal	2	t	1	2016-10-13 10:48:47.427	\N	\N
44	brahmin_Khedaval	2	t	1	2016-10-13 10:49:33.375	\N	\N
45	Brahmin-Kumoani	2	t	1	2016-10-13 10:50:12.297	\N	\N
46	Brahmin-Maithil	2	t	1	2016-10-13 10:51:03.148	\N	\N
47	Brahmin-Movada	2	t	1	2016-10-13 10:51:36.422	\N	\N
48	Brahmin-Naramadiya	2	t	1	2016-10-13 10:52:26.957	\N	\N
49	Brahmin-Others	2	t	1	2016-10-13 10:52:56.992	\N	\N
50	Brahmin-Pandit	2	t	1	2016-10-13 10:53:27.989	\N	\N
51	Brahmin-Pareek	2	t	1	2016-10-13 10:54:00.231	\N	\N
52	Brahmin-Rajgor	2	t	1	2016-10-13 10:54:45.126	\N	\N
53	Brahmin-Rarhi/Radhi	2	t	1	2016-10-13 10:55:26.256	\N	\N
54	Brahmin-Sakaldwipi	2	f	1	2016-10-13 10:56:01.129	\N	\N
55	Brahmin-Sanadya	2	t	1	2016-10-13 10:56:29.642	\N	\N
56	Brahmin-Saraswat	2	t	1	2016-10-13 10:57:06.443	\N	\N
57	Brahmin-Sarva	2	t	1	2016-10-13 10:57:31.521	\N	\N
58	Brahmin-Saryuparin	2	t	1	2016-10-13 10:58:29.489	\N	\N
59	Brahmin-ShriGaud	2	t	1	2016-10-13 10:59:45.149	\N	\N
60	Brahmin-Tapodhan	2	t	1	2016-10-13 11:00:17.85	\N	\N
61	Brahmin-Valam	2	t	1	2016-10-13 11:00:48.793	\N	\N
62	Brahmin-Zalora	2	t	1	2016-10-13 11:01:19.119	\N	\N
63	Brajastha Maithil	2	t	1	2016-10-13 11:01:49.601	\N	\N
64	Chandravanshi Kahar	2	t	1	2016-10-13 11:02:36.912	\N	\N
65	Chaturth	2	t	1	2016-10-13 11:03:02.499	\N	\N
66	Chaurasia	2	t	1	2016-10-13 11:04:01.497	\N	\N
68	Chhetri	2	t	1	2016-10-13 11:05:01.395	\N	\N
69	Choudhary	2	t	1	2016-10-13 11:05:34.777	\N	\N
70	Deskmukh	2	t	1	2016-10-13 11:06:10.629	\N	\N
71	Devang Koshthi	2	t	1	2016-10-13 11:06:51.706	\N	\N
72	Dhanak	2	t	1	2016-10-13 11:07:11.968	\N	\N
73	Dhobi	2	t	1	2016-10-13 11:07:30.344	\N	\N
74	Dosar/Dusra	2	t	1	2016-10-13 11:08:10.624	\N	\N
75	Dusadh(Paswan)	2	t	1	2016-10-13 11:08:57.684	\N	\N
76	Gahoi	2	t	1	2016-10-13 11:12:27.837	\N	\N
77	Ganda	2	t	1	2016-10-13 11:12:43.34	\N	\N
78	GandhaVanika	2	t	1	2016-10-13 11:13:17.384	\N	\N
79	Garhwali	2	t	1	2016-10-13 11:13:38.146	\N	\N
80	Goan	2	t	1	2016-10-13 11:13:54.095	\N	\N
81	Gujjar	2	t	1	2016-10-13 11:14:10.857	\N	\N
82	Gulahre	2	t	1	2016-10-13 11:14:45.138	\N	\N
84	Gurav	2	t	1	2016-10-13 11:15:18.534	\N	\N
85	Gurjar	2	t	1	2016-10-13 11:16:05.208	\N	\N
86	Inter - caste	2	t	1	2016-10-13 11:16:35.066	\N	\N
87	Jaiswal	2	t	1	2016-10-13 11:17:55.569	\N	\N
88	Jangra-Brahmin	2	t	1	2016-10-13 11:18:22.525	\N	\N
89	Jogi-(Nath)	2	t	1	2016-10-13 11:19:40.664	\N	\N
90	Julaha	2	f	1	2016-10-13 11:19:59.134	\N	\N
91	Kadava patel	2	t	1	2016-10-13 11:20:33.815	\N	\N
92	Kahar	2	t	1	2016-10-13 11:20:57.758	\N	\N
93	Kalal	2	t	1	2016-10-13 11:21:20.872	\N	\N
94	Kalar	2	t	1	2016-10-13 11:21:39.651	\N	\N
95	Kamboj	2	t	1	2016-10-13 11:22:04.1	\N	\N
96	Kanakkan Padanna	2	t	1	2016-10-13 11:22:31.984	\N	\N
97	Kandara	2	t	1	2016-10-13 11:22:51.71	\N	\N
99	Kanykubj Bania	2	t	1	2016-10-13 11:24:18.058	\N	\N
100	Kasaundhan	2	t	1	2016-10-13 11:24:47.066	\N	\N
101	Kashyap	2	t	1	2016-10-13 11:25:07.764	\N	\N
102	Katiya	2	t	1	2016-10-13 11:25:23.621	\N	\N
103	Kayastha	2	t	1	2016-10-13 11:25:44.447	\N	\N
104	Keshri-Kesarwani	2	t	1	2016-10-13 11:26:27.336	\N	\N
105	Khandelwal	2	t	1	2016-10-13 11:26:46.815	\N	\N
106	Khatik	2	t	1	2016-10-13 11:27:08.082	\N	\N
107	Khatri	2	t	1	2016-10-13 11:27:26.369	\N	\N
108	Kiar	2	t	1	2016-10-13 11:27:40.266	\N	\N
109	Komti/Arya Vaishya	2	t	1	2016-10-13 11:28:11.46	\N	\N
110	kori	2	t	1	2016-10-13 11:28:38.869	\N	\N
111	Kori/Koei	2	t	1	2016-10-13 11:29:24.7	\N	\N
112	Kshatriya	2	t	1	2016-10-13 11:29:45.502	\N	\N
113	Kshatriya Raju	2	t	1	2016-10-13 11:30:48.06	\N	\N
114	Kumaoni Rajput	2	t	1	2016-10-13 11:31:23.317	\N	\N
115	Kumhar	2	t	1	2016-10-13 11:31:38.55	\N	\N
116	Kunbi Lonari	2	t	1	2016-10-13 11:32:04.388	\N	\N
117	Kunbi Maratha	2	t	1	2016-10-13 11:32:32.609	\N	\N
118	Kunbi Tirale	2	t	1	2016-10-13 11:33:18.71	\N	\N
119	Kurmi/ Kurmi Kshatriya	2	t	1	2016-10-13 11:34:08.957	\N	\N
120	Kuruva	2	t	1	2016-10-13 11:34:26.611	\N	\N
121	Kushwaha (Koiri)	2	t	1	2016-10-13 11:35:03.409	\N	\N
122	Lad	2	t	1	2016-10-13 11:35:19.023	\N	\N
123	Leva Petel	2	t	1	2016-10-13 11:36:11.932	\N	\N
124	Lingayath	2	t	1	2016-10-13 11:36:50.874	\N	\N
125	Lodhi Rajput	2	t	1	2016-10-13 11:37:19.819	\N	\N
126	Loniya	2	t	1	2016-10-13 11:37:38.879	\N	\N
127	Madhesiya/kanu/halwai	2	t	1	2016-10-13 11:38:32.817	\N	\N
128	Mahajan	2	t	1	2016-10-13 11:38:50.202	\N	\N
129	Mahar	2	t	1	2016-10-13 11:39:07.639	\N	\N
131	Maheswari/ Meshri	2	t	1	2016-10-13 11:40:11.895	\N	\N
132	Mahor	2	t	1	2016-10-13 11:40:28.073	\N	\N
133	Muhuri	2	t	1	2016-10-13 11:40:42.573	\N	\N
134	Mair Rajput Swarnkar	2	t	1	2016-10-13 11:41:20.402	\N	\N
135	Mali	2	t	1	2016-10-13 11:41:35.301	\N	\N
136	Mallah	2	t	1	2016-10-13 11:42:01.026	\N	\N
137	Malviya/Velan/Vannan	2	t	1	2016-10-13 11:42:39.163	\N	\N
138	Maratha	2	t	1	2016-10-13 11:42:57.555	\N	\N
139	Maratha Kshatriya	2	t	1	2016-10-13 11:43:49.328	\N	\N
140	Mathur	2	t	1	2016-10-13 11:44:06.795	\N	\N
141	Mathur Vaishya	2	f	1	2016-10-13 11:44:25.933	\N	\N
142	Maurya/Shakya	2	t	1	2016-10-13 11:44:56.529	\N	\N
143	Meena	2	t	1	2016-10-13 11:45:33.002	\N	\N
144	Meghwal	2	t	1	2016-10-13 11:46:01.919	\N	\N
145	Mehra	2	t	1	2016-10-13 11:46:24.343	\N	\N
146	Modi	2	t	1	2016-10-13 11:46:41.555	\N	\N
147	Nai	2	t	1	2016-10-13 11:46:57.389	\N	\N
148	Nema	2	t	1	2016-10-13 11:48:05.978	\N	\N
149	Oswal	2	t	1	2016-10-13 11:48:25.45	\N	\N
151	Padmavati Porwal	2	t	1	2016-10-13 11:49:52.603	\N	\N
152	Par	2	t	1	2016-10-13 11:50:06.108	\N	\N
153	Pallan/Devandra Kula/Vellalan	2	t	1	2016-10-13 11:50:50.87	\N	\N
154	Pannan	2	t	1	2016-10-13 11:51:04.704	\N	\N
155	Paravan/Bharatar	2	t	1	2016-10-13 11:51:54.759	\N	\N
156	Parit	2	t	1	2016-10-13 11:52:10.503	\N	\N
157	Pasi	2	t	1	2016-10-13 11:52:26.106	\N	\N
158	Paswan/Dusadh	2	t	1	2016-10-13 11:53:10.001	\N	\N
159	Patel	2	t	1	2016-10-13 11:53:24.643	\N	\N
160	Patil	2	t	1	2016-10-13 11:53:37.936	\N	\N
161	Patwa	2	t	1	2016-10-13 11:53:51.266	\N	\N
162	Porwal/Porwar	2	t	1	2016-10-13 11:54:14.317	\N	\N
163	Poundra	2	t	1	2016-10-13 11:54:59.121	\N	\N
164	Pulaya/Cheruman	2	t	1	2016-10-14 05:23:49.488	\N	\N
165	Rajgar	2	t	1	2016-10-14 05:24:20.533	\N	\N
166	Rajbhar	2	t	1	2016-10-14 05:24:43.881	\N	\N
167	Rajpurohit	2	t	1	2016-10-14 05:25:17.076	\N	\N
168	Rajput	2	t	1	2016-10-14 05:25:40.583	\N	\N
169	Rastogi	2	t	1	2016-10-14 05:26:02.678	\N	\N
170	Rathil	2	t	1	2016-10-14 05:27:10.243	\N	\N
171	Rauniar	2	t	1	2016-10-14 05:27:36.284	\N	\N
172	Rawat	2	t	1	2016-10-14 05:27:56.369	\N	\N
173	Rohit/Chamar	2	t	1	2016-10-14 05:28:22.271	\N	\N
174	Rar	2	t	1	2016-10-14 05:29:02.943	\N	\N
175	Ror	2	t	1	2016-10-14 05:29:34.585	\N	\N
176	Sc	2	t	1	2016-10-14 05:29:52.741	\N	\N
177	ST	2	t	1	2016-10-14 05:30:18.839	\N	\N
178	Sahu	2	t	1	2016-10-14 05:30:48.437	\N	\N
179	Saini	2	t	1	2016-10-14 05:32:21.616	\N	\N
180	Samagar	2	t	1	2016-10-14 05:33:00.797	\N	\N
181	Sambava	2	t	1	2016-10-14 05:33:23.045	\N	\N
182	Satnami	2	t	1	2016-10-14 05:33:47.942	\N	\N
183	Shaw/Sahu/Teli	2	t	1	2016-10-14 05:34:22.006	\N	\N
184	Shilpkar	2	t	1	2016-10-14 05:34:47.919	\N	\N
185	Sonar	2	t	1	2016-10-14 05:35:03.302	\N	\N
186	Sonkar	2	t	1	2016-10-14 05:35:23.738	\N	\N
187	Thakur	2	t	1	2016-10-14 05:35:46.225	\N	\N
188	Thandan	2	t	1	2016-10-14 05:36:14.401	\N	\N
189	Ummar/Umre/Bagaria	2	t	1	2016-10-14 05:37:01.874	\N	\N
190	Vaish	2	t	1	2016-10-14 05:37:18.676	\N	\N
191	Vaishnav	2	t	1	2016-10-14 05:37:39.496	\N	\N
192	Vaishnav Kapol	2	t	1	2016-10-14 05:38:07.879	\N	\N
193	Vaishnav Khadyata	2	t	1	2016-10-14 05:38:43.417	\N	\N
194	Vaishnav Lad	2	t	1	2016-10-14 05:39:07.368	\N	\N
195	Vaishnav Madh	2	t	1	2016-10-14 05:39:41.591	\N	\N
196	Vaishnav Porvad	2	t	1	2016-10-14 05:40:08.321	\N	\N
197	Vaishnav Shrimali	2	t	1	2016-10-14 05:40:43.655	\N	\N
198	Vaishnav Sorathiya	2	t	1	2016-10-14 05:41:09.425	\N	\N
199	Vaishnav Vania	2	t	1	2016-10-14 05:41:30.812	\N	\N
200	Vaishya	2	t	1	2016-10-14 05:41:53.722	\N	\N
201	Vani	2	t	1	2016-10-14 05:42:09.53	\N	\N
202	Vani/Vaishya	2	t	1	2016-10-14 05:42:47.326	\N	\N
203	Varshney	2	t	1	2016-10-14 05:43:10.26	\N	\N
204	Varshney (barashseni)	2	f	1	2016-10-14 05:44:07.119	\N	\N
205	Vijiay Vargia	2	t	1	2016-10-14 05:44:38.245	\N	\N
206	Vishwakarma	2	t	1	2016-10-14 05:45:08.329	\N	\N
207	yathav	2	t	1	2016-10-14 05:45:27.786	\N	\N
208	Others	2	t	1	2016-10-14 05:53:00.612	\N	\N
209	Chaudary	2	t	1	2016-10-14 06:06:44.435	\N	\N
210	Devar/Thevar/Mukkulathor	2	t	1	2016-10-14 06:08:54.007	1	2016-10-14 06:23:55.563
211	Vaishnav-Bhatia	2	t	1	2016-10-14 06:48:04.991	\N	\N
212	Vaishnav-Vania	2	f	1	2016-10-14 06:48:41.376	\N	\N
213	Vallala	2	t	1	2016-10-14 06:49:06.363	\N	\N
214	Vallavan	2	t	1	2016-10-14 06:49:22.866	\N	\N
215	Valmiki	2	t	1	2016-10-14 06:49:44.516	\N	\N
216	Vanika Vyshya	2	t	1	2016-10-14 06:50:09.889	\N	\N
217	Vaniya_Nair	2	t	1	2016-10-14 06:50:36.503	\N	\N
218	Vanjara	2	t	1	2016-10-14 06:50:56.836	\N	\N
219	Vankar	2	t	1	2016-10-14 06:51:20.572	\N	\N
220	Vannan	2	t	1	2016-10-14 06:51:35.464	\N	\N
221	Vannar	2	t	1	2016-10-14 06:51:48.608	\N	\N
222	Vanniyakullak/Kshatriya	2	t	1	2016-10-14 06:52:27.841	\N	\N
223	Vanniyar	2	t	1	2016-10-14 06:53:02.093	\N	\N
224	Variar	2	t	1	2016-10-14 06:53:17.359	\N	\N
226	Veerashaiva	2	t	1	2016-10-14 06:54:07.94	\N	\N
227	Velaan	2	t	1	2016-10-14 06:54:28.338	\N	\N
228	Vellalar	2	t	1	2016-10-14 06:54:47.228	\N	\N
229	Veluthedathu Nair	2	t	1	2016-10-14 06:55:27.189	\N	\N
230	Vettuva(Gounder)	2	t	1	2016-10-14 06:56:15.546	\N	\N
231	Vilakithala-Nair	2	t	1	2016-10-14 06:57:01.89	\N	\N
233	Swa Brahmin	2	t	1	2016-10-14 06:58:01.358	\N	\N
234	Vysya	2	t	1	2016-10-14 06:58:19.735	\N	\N
235	Waada Balaja	2	t	1	2016-10-14 06:58:45.617	\N	\N
236	Warrier	2	t	1	2016-10-14 06:59:03.08	\N	\N
237	Yellapu	2	t	1	2016-10-14 06:59:26.412	\N	\N
238	Tamboli	2	t	1	2016-10-14 07:04:56.088	\N	\N
239	Tanti	2	t	1	2016-10-14 07:05:11.503	\N	\N
240	Tantuway	2	t	1	2016-10-14 07:05:32.042	\N	\N
241	Telaga	2	t	1	2016-10-14 07:05:53.733	\N	\N
242	Thachar	2	t	1	2016-10-14 07:06:21.992	\N	\N
243	Thakkar	2	t	1	2016-10-14 07:06:37.936	\N	\N
244	Thiyya	2	t	1	2016-10-14 07:06:59.104	\N	\N
245	Urs	2	t	1	2016-10-14 07:34:53.868	\N	\N
246	Turupu Kapu	2	t	1	2016-10-14 07:48:20.469	\N	\N
247	Vada Balija	2	t	1	2016-10-14 07:55:24.447	\N	\N
248	Vadagalai	2	t	1	2016-10-14 07:55:55.139	\N	\N
249	Vaddera	2	t	1	2016-10-14 07:56:12.347	\N	\N
250	Vaduka	2	t	1	2016-10-14 07:56:27.438	\N	\N
251	Vaish-Dhaneshawat	2	t	1	2016-10-14 07:57:04.907	\N	\N
252	Sugali(Naika)	2	t	1	2016-10-14 07:59:21.859	\N	\N
253	Sundhi	2	t	1	2016-10-14 07:59:56.331	\N	\N
254	Surya Balija	2	t	1	2016-10-14 08:00:38.046	\N	\N
255	Sutar	2	t	1	2016-10-14 08:01:09.534	\N	\N
256	Sepahia	2	t	1	2016-10-14 08:02:23.504	\N	\N
257	Setti Balijia	2	t	1	2016-10-14 08:02:50.955	\N	\N
258	Shah	2	t	1	2016-10-14 08:03:19.56	\N	\N
259	Shimpi	2	t	1	2016-10-14 08:04:06.643	\N	\N
260	Sindhi-Bhanusali	2	t	1	2016-10-14 08:04:48.7	\N	\N
261	Sindhi-Chapru	2	t	1	2016-10-14 08:05:40.893	\N	\N
262	Sindhi-Dadu	2	t	1	2016-10-14 08:06:17.641	\N	\N
263	Hyderabadi	2	t	1	2016-10-14 08:06:36.871	\N	\N
264	Sindhi-Larai	2	t	1	2016-10-14 08:07:10.37	\N	\N
265	Sindhi-Lohana	2	t	1	2016-10-14 08:07:34.848	\N	\N
266	Sindhi-Rohiri	2	t	1	2016-10-14 08:07:56.898	\N	\N
267	Sindhi-Sehwani	2	t	1	2016-10-14 08:08:23.384	\N	\N
268	Sindhi-Thatai	2	t	1	2016-10-14 08:09:00.174	\N	\N
269	Sindhi-Larkana	2	t	1	2016-10-14 08:10:48.748	\N	\N
270	Sindhi-Sakkhar	2	t	1	2016-10-14 08:11:32.762	\N	\N
271	Sindhi-Shikarpuri	2	t	1	2016-10-14 08:12:28.741	\N	\N
272	Sozhiya Vellalar	2	t	1	2016-10-14 08:13:57.795	\N	\N
273	Sri Vaishnava	2	t	1	2016-10-14 08:14:22.561	\N	\N
274	Sri Sayana	2	t	1	2016-10-14 08:14:52.017	\N	\N
275	Subarna Banik	2	t	1	2016-10-14 08:15:38.627	\N	\N
276	Pillai	2	t	1	2016-10-14 08:21:28.658	\N	\N
277	24 Manai Telugu Chettiar 8 	2	t	1	2016-10-14 08:22:48.484	\N	\N
278	24 manai telugu chettiar 16	2	t	1	2016-10-14 08:23:24.451	\N	\N
279	Saiva Pillai	2	t	1	2016-10-14 08:23:57.122	\N	\N
\.


--
-- Data for Name: city; Type: TABLE DATA; Schema: public; Owner: weddfix
--

COPY city (id, cityname, stateid, isactive, createdby, createddate, updatedby, updateddate) FROM stdin;
1	Chennai	24	t	1	2016-09-11 00:01:35.691	1	2016-09-11 00:13:43.753
2	Ariyalur	24	t	1	2016-10-13 05:31:42.221	\N	\N
4	Coimbatore	24	t	1	2016-10-13 05:32:46.098	\N	\N
5	Cuddalore	24	t	1	2016-10-13 05:34:55.838	\N	\N
6	Dharmapuri	24	t	1	2016-10-13 05:35:34.759	\N	\N
7	Dindigul	24	t	1	2016-10-13 05:35:59.408	\N	\N
8	Erode	24	t	1	2016-10-13 05:36:27.314	\N	\N
9	Kanchipuram	24	t	1	2016-10-13 05:37:20.358	\N	\N
10	Karur	24	t	1	2016-10-13 05:37:42.254	\N	\N
11	Krishnagiri	24	t	1	2016-10-13 05:38:08.647	\N	\N
12	Madurai	24	t	1	2016-10-13 05:38:30.932	\N	\N
13	Nagapattinam	24	t	1	2016-10-13 05:39:22.553	\N	\N
14	Nagercoil	24	t	1	2016-10-13 05:39:47.548	\N	\N
15	Namakkal	24	t	1	2016-10-13 05:40:16.363	\N	\N
17	Perambalur	24	t	1	2016-10-13 05:42:24.739	\N	\N
18	Pudukkottai	24	t	1	2016-10-13 05:43:46.748	\N	\N
19	Ramanathapuram	24	t	1	2016-10-13 05:56:36.625	\N	\N
20	Salem	24	t	1	2016-10-13 05:56:57.829	\N	\N
21	Sivagangai	24	t	1	2016-10-13 05:57:20.816	\N	\N
22	Thanjavur	24	t	1	2016-10-13 05:57:43.619	\N	\N
23	Theni	24	t	1	2016-10-13 05:58:06.238	\N	\N
24	Thiruvallur	24	t	1	2016-10-13 05:58:27.946	\N	\N
25	Thiruvarur	24	t	1	2016-10-13 05:58:48.381	\N	\N
26	Thoothukudi	24	t	1	2016-10-13 05:59:07.515	\N	\N
27	Tiruchirappalli	24	t	1	2016-10-13 05:59:26.933	\N	\N
28	Tirunelveli	24	t	1	2016-10-13 05:59:45.651	\N	\N
29	Tiruppur	24	t	1	2016-10-13 06:00:05.74	\N	\N
30	Tiruvannamalai	24	t	1	2016-10-13 06:00:24.148	\N	\N
31	Udagamandalam (Ootacamund)	24	t	1	2016-10-13 06:00:45.237	\N	\N
32	Vellore	24	t	1	2016-10-13 06:01:02.947	\N	\N
33	Vilupuram	24	t	1	2016-10-13 06:01:25.57	\N	\N
34	Virudhunagar	24	t	1	2016-10-13 06:01:45.603	\N	\N
35	Malappuram	13	t	1	2016-10-31 04:53:19.375	1	2016-10-31 04:53:38.549
36	Thiruvananthapuram	13	t	1	2016-10-31 04:54:57.696	\N	\N
37	Ernakulam	13	t	1	2016-10-31 04:55:26.643	\N	\N
38	Thrissur	13	t	1	2016-10-31 04:55:51.306	\N	\N
39	Kozhikode	13	t	1	2016-10-31 04:56:15.194	\N	\N
40	Palakkad	13	t	1	2016-10-31 04:56:52.994	\N	\N
41	Kollam	13	t	1	2016-10-31 04:57:15.47	\N	\N
42	Kannur	13	t	1	2016-10-31 04:57:39.971	\N	\N
43	Alappuzha	13	t	1	2016-10-31 04:58:02.347	\N	\N
44	Kottayam	13	t	1	2016-10-31 04:58:38.772	\N	\N
45	Kasaragod	13	t	1	2016-10-31 05:00:16.533	\N	\N
46	Pathanamthitta	13	t	1	2016-10-31 05:03:40.068	\N	\N
47	Idukki	13	t	1	2016-10-31 05:05:10.687	\N	\N
48	Wayanad	13	t	1	2016-10-31 05:05:41.736	\N	\N
49	Bangalore	12	t	1	2016-10-31 05:08:15.298	\N	\N
50	Belgaum	12	t	1	2016-10-31 05:08:56.582	\N	\N
51	Mysore	12	t	1	2016-10-31 05:09:26.723	\N	\N
52	Tumkur	12	t	1	2016-10-31 05:09:55.997	\N	\N
53	Gulbarga	12	t	1	2016-10-31 05:10:29.993	\N	\N
54	Bellary	12	t	1	2016-10-31 05:10:56.05	\N	\N
55	Bijapur	12	t	1	2016-10-31 05:11:34.249	\N	\N
56	Dakshina Kannada	12	t	1	2016-10-31 05:12:11.891	\N	\N
57	Davanagere	12	t	1	2016-10-31 05:12:38.818	\N	\N
58	Raichur	12	t	1	2016-10-31 05:13:13.864	\N	\N
59	Bagalkot	12	t	1	2016-10-31 05:13:41.695	\N	\N
60	Dharwad	12	t	1	2016-10-31 05:14:08.461	\N	\N
61	Mandya	12	t	1	2016-10-31 05:14:39.939	\N	\N
62	Hassan	12	t	1	2016-10-31 05:15:02.147	\N	\N
63	Shimoga	12	t	1	2016-10-31 05:15:26.829	\N	\N
64	Bidar	12	t	1	2016-10-31 05:15:53.559	\N	\N
65	Chitradurga	12	t	1	2016-10-31 05:19:48.132	\N	\N
66	Haveri	12	t	1	2016-10-31 07:14:13.861	\N	\N
67	Kolar	12	t	1	2016-10-31 07:14:36.277	\N	\N
68	Uttara Kannada	12	t	1	2016-10-31 07:15:14.991	\N	\N
69	Koppal	12	t	1	2016-10-31 07:15:40.52	\N	\N
70	Chikkaballapura	12	t	1	2016-10-31 07:16:29.345	\N	\N
71	Udupi	12	t	1	2016-10-31 07:16:59.602	\N	\N
72	Yadgir	12	t	1	2016-10-31 07:17:50.676	\N	\N
73	Chikmagalur	12	t	1	2016-10-31 07:21:38.021	\N	\N
74	.Ramanagara	12	t	1	2016-10-31 07:21:57.978	\N	\N
75	Gadag	12	t	1	2016-10-31 07:22:17.065	\N	\N
76	Chamarajanagar 	12	t	1	2016-10-31 07:22:38.987	\N	\N
77	Bangalore Rural	12	t	1	2016-10-31 07:23:02.481	\N	\N
78	.Kodagu	12	t	1	2016-10-31 07:23:22.527	\N	\N
79	Rangareddy	1	t	1	2016-10-31 07:24:46.809	\N	\N
80	East Godavari	1	t	1	2016-10-31 07:25:14.604	\N	\N
81	Guntur	1	t	1	2016-10-31 07:25:34.324	\N	\N
82	 Krishna	1	t	1	2016-10-31 07:25:57.5	\N	\N
83	Visakhapatnam	1	t	1	2016-10-31 07:26:25.525	\N	\N
84	Chittoor	1	t	1	2016-10-31 07:26:53.647	\N	\N
85	Anantapur	1	t	1	2016-10-31 07:27:10.866	\N	\N
86	Kurnool	1	t	1	2016-10-31 07:27:28.848	\N	\N
87	Mahbubnagar	1	t	1	2016-10-31 07:27:46.539	\N	\N
88	Karimnagar	1	t	1	2016-10-31 07:28:17.904	\N	\N
89	 Warangal	1	t	1	2016-10-31 07:28:36.599	\N	\N
90	Nalgonda	1	t	1	2016-10-31 07:28:56.964	\N	\N
91	Prakasam	1	t	1	2016-10-31 07:29:16.11	\N	\N
92	Medak	1	t	1	2016-10-31 07:29:46.271	\N	\N
94	YSR	1	t	1	2016-10-31 07:30:44.195	\N	\N
95	Khammam	1	t	1	2016-10-31 07:32:06.426	\N	\N
97	Srikakulam	1	t	1	2016-10-31 07:32:41.478	\N	\N
99	Vizianagaram	1	t	1	2016-10-31 07:33:28.46	\N	\N
100	Papumpare	2	t	1	2016-10-31 07:36:10.688	\N	\N
101	Lohit	2	t	1	2016-10-31 07:38:11.822	\N	\N
98	Nizamabad	1	t	1	2016-10-31 07:33:03.845	1	2016-11-09 05:30:59.815
96	Adilabad	1	t	1	2016-10-31 07:32:24.343	1	2016-11-09 05:31:41.095
102	West Siang	2	t	1	2016-10-31 07:38:32.116	\N	\N
104	Tirap	2	t	1	2016-10-31 07:42:41.485	\N	\N
105	East Siang	2	t	1	2016-10-31 07:43:02.144	\N	\N
106	Kurung Kumey	2	t	1	2016-10-31 07:43:27.27	\N	\N
107	West Kameng	2	t	1	2016-10-31 07:43:45.109	\N	\N
108	Upper Subansiri	2	t	1	2016-10-31 07:44:00.666	\N	\N
109	Lower Subansiri	2	t	1	2016-10-31 07:44:28.31	\N	\N
110	East Kameng	2	t	1	2016-10-31 07:44:44.803	\N	\N
111	Lower Dibang Valley	2	t	1	2016-10-31 07:45:12.603	\N	\N
112	Tawang	2	t	1	2016-10-31 07:45:31.158	\N	\N
113	Upper Siang	2	t	1	2016-10-31 07:45:45.583	\N	\N
114	Anjaw	2	t	1	2016-10-31 07:46:11.705	\N	\N
115	Dibang Valley	2	t	1	2016-10-31 07:46:40.819	\N	\N
116	Nagaon	3	t	1	2016-10-31 07:49:55.866	\N	\N
117	Dhubri	3	t	1	2016-10-31 07:50:09.324	\N	\N
118	Sonitpur	3	t	1	2016-10-31 07:50:21.806	\N	\N
119	Cachar	3	t	1	2016-10-31 07:50:33.442	\N	\N
120	Barpeta	3	t	1	2016-10-31 07:50:46.643	\N	\N
121	Kamrup	3	t	1	2016-10-31 07:51:04.7	\N	\N
122	Tinsukia	3	t	1	2016-10-31 07:51:18.182	\N	\N
123	Dibrugarh	3	t	1	2016-10-31 07:51:32.903	\N	\N
125	Karimganj	3	t	1	2016-10-31 07:52:10.825	\N	\N
126	Sivasagar	3	t	1	2016-10-31 07:52:42.49	\N	\N
128	Jorhat	3	t	1	2016-10-31 07:53:19.82	\N	\N
129	Golaghat	3	t	1	2016-10-31 07:53:32.721	\N	\N
130	Lakhimpur	3	t	1	2016-10-31 07:53:46.487	\N	\N
131	Goalpara	3	t	1	2016-10-31 07:54:00.187	\N	\N
132	Morigaon	3	t	1	2016-10-31 07:59:41.793	\N	\N
133	Karbi Anglong	3	t	1	2016-10-31 07:59:59.254	\N	\N
134	Baksa	3	t	1	2016-10-31 08:00:19.578	\N	\N
135	Darrang	3	t	1	2016-10-31 08:00:32.515	\N	\N
136	Kokrajhar	3	t	1	2016-10-31 08:00:44.931	\N	\N
137	Udalguri	3	t	1	2016-10-31 08:01:21.883	\N	\N
138	Nalbari	3	t	1	2016-10-31 08:01:37.616	\N	\N
139	Bongaigaon	3	t	1	2016-10-31 08:01:52.25	\N	\N
140	Dhemaji	3	t	1	2016-10-31 08:02:04.668	\N	\N
141	Hailakandi	3	t	1	2016-10-31 08:02:17.458	\N	\N
142	Chirang	3	t	1	2016-10-31 08:02:30.766	\N	\N
143	Dima Hasao	3	t	1	2016-10-31 08:02:41.856	\N	\N
144	Ara	4	t	1	2016-11-02 10:32:03.856	\N	\N
145	Begusarai	4	t	1	2016-11-02 10:32:42.387	\N	\N
146	Bhagalpur	4	t	1	2016-11-02 10:34:30.201	\N	\N
147	Bihar Sharif	4	t	1	2016-11-02 10:35:48.427	\N	\N
148	Chhapra	4	t	1	2016-11-02 10:37:10.909	\N	\N
149	Darbhanga	4	t	1	2016-11-02 10:44:05.634	\N	\N
150	Gaya	4	t	1	2016-11-02 10:46:06.63	\N	\N
151	Muzaffarpur	4	t	1	2016-11-02 10:47:26.068	\N	\N
152	Patna	4	t	1	2016-11-02 10:48:11.649	\N	\N
153	Samastipur	4	t	1	2016-11-02 10:48:57.935	\N	\N
154	Araria	4	t	1	2016-11-02 10:49:44.116	\N	\N
155	Aurangabad	4	t	1	2016-11-02 10:51:06.215	\N	\N
156	Banka	4	t	1	2016-11-02 10:51:39.902	\N	\N
157	Bettiah	4	t	1	2016-11-02 10:52:05.158	\N	\N
158	Bhabua	4	t	1	2016-11-02 10:52:40.438	\N	\N
159	Buxar	4	t	1	2016-11-02 10:53:32.301	\N	\N
160	Hajipur	4	t	1	2016-11-02 10:54:04.042	\N	\N
161	Jamui	4	t	1	2016-11-02 10:55:00.326	\N	\N
162	Jehanabad	4	t	1	2016-11-02 10:55:59.41	\N	\N
163	Katihar	4	t	1	2016-11-02 10:56:25.02	\N	\N
164	Khagaria	4	t	1	2016-11-02 10:56:56.977	\N	\N
165	Kishanganj	4	t	1	2016-11-02 10:57:24.788	\N	\N
168	Madhepura	4	t	1	2016-11-02 11:05:27.028	\N	\N
169	Madhubani	4	t	1	2016-11-02 11:07:47.95	\N	\N
170	Motihari	4	t	1	2016-11-02 11:09:08.145	\N	\N
171	Munger	4	t	1	2016-11-02 11:11:21.476	\N	\N
172	Nawada	4	t	1	2016-11-02 11:12:22.043	\N	\N
173	Purnia	4	t	1	2016-11-02 11:12:42.556	\N	\N
174	Saharsa	4	t	1	2016-11-02 11:13:08.057	\N	\N
175	Sheikhpura	4	t	1	2016-11-02 11:13:41.723	\N	\N
176	Sheohar	4	t	1	2016-11-02 11:14:05.639	\N	\N
177	Sitamarhi	4	t	1	2016-11-02 11:14:24.412	\N	\N
178	Siwan	4	t	1	2016-11-02 11:14:41.441	\N	\N
179	Supaul	4	t	1	2016-11-02 11:15:00.273	\N	\N
180	Susaram	4	t	1	2016-11-02 11:15:23.608	\N	\N
181	Others	4	t	1	2016-11-02 11:15:44.629	\N	\N
182	Ahmedabad	7	t	1	2016-11-02 11:17:11.034	\N	\N
183	Anand	7	t	1	2016-11-02 11:23:21.777	\N	\N
184	Bhavnagar	7	t	1	2016-11-02 11:24:15.33	\N	\N
185	Bharuch	7	t	1	2016-11-02 11:25:09.844	\N	\N
186	Gandhi nagar	7	t	1	2016-11-02 11:27:23.627	\N	\N
187	Jamnagar	7	t	1	2016-11-03 05:17:19.432	\N	\N
188	Junagadh	7	t	1	2016-11-03 05:17:50.361	\N	\N
189	Rajkot	7	t	1	2016-11-03 05:18:11.005	\N	\N
190	Surat	7	t	1	2016-11-03 05:18:29.129	\N	\N
191	Vadodara	7	t	1	2016-11-03 05:18:56.18	\N	\N
192	Adipur	7	t	1	2016-11-03 05:19:49.426	\N	\N
193	Ahwa	7	t	1	2016-11-03 05:20:08.084	\N	\N
194	Amreli	7	t	1	2016-11-03 05:20:29.498	\N	\N
195	Bhuj	7	t	1	2016-11-03 05:20:54.107	\N	\N
196	Dahod	7	t	1	2016-11-03 05:21:22.799	\N	\N
197	Gandhidham	7	t	1	2016-11-03 07:10:46.378	\N	\N
198	Himmatnagar	7	t	1	2016-11-03 07:12:59.214	\N	\N
199	Kandla	7	t	1	2016-11-03 07:13:54.395	\N	\N
200	Kheda	7	t	1	2016-11-03 07:19:02.747	\N	\N
201	Mehsana	7	t	1	2016-11-03 07:23:03.212	\N	\N
202	Navsari	7	t	1	2016-11-03 07:54:25.988	\N	\N
203	Palanpur	7	t	1	2016-11-03 08:00:16.54	\N	\N
204	Patan	7	t	1	2016-11-03 08:03:48.088	\N	\N
205	Porbandar	7	t	1	2016-11-03 08:04:41.662	\N	\N
206	Rajpipla	7	t	1	2016-11-03 08:19:08.456	\N	\N
207	Surendra nagar	7	t	1	2016-11-03 08:20:34.983	\N	\N
208	Valsad	7	t	1	2016-11-03 08:25:28.899	\N	\N
209	Vapi	7	t	1	2016-11-03 08:25:53.59	\N	\N
212	Margao	6	t	1	2016-11-03 08:33:17.007	\N	\N
213	Panji	6	t	1	2016-11-03 08:36:12.249	\N	\N
215	Ambikapur	5	t	1	2016-11-03 08:48:01.631	\N	\N
216	Bilaspur	5	t	1	2016-11-03 08:50:13.603	\N	\N
217	Dantewada	5	t	1	2016-11-03 08:50:49.209	\N	\N
218	Dhamtari	5	t	1	2016-11-03 08:51:26.809	\N	\N
220	Durg	5	t	1	2016-11-03 08:57:01.163	\N	\N
221	Jagdalpur	5	t	1	2016-11-03 09:02:55.317	\N	\N
222	Kanker	5	t	1	2016-11-03 09:42:19.928	\N	\N
223	Kawardha	5	t	1	2016-11-03 09:43:24.531	\N	\N
224	Korba	5	t	1	2016-11-03 09:44:36.86	\N	\N
225	Koriya	5	t	1	2016-11-03 09:47:09.611	\N	\N
226	Mahasamund	5	t	1	2016-11-03 09:48:48.43	\N	\N
227	Raigarh	5	t	1	2016-11-03 09:49:32.51	\N	\N
228	Rajpur	5	t	1	2016-11-03 09:49:55.247	\N	\N
229	Rajnandgaon	5	t	1	2016-11-03 09:51:59.317	\N	\N
230	Ambala	8	t	1	2016-11-03 09:54:21.605	\N	\N
231	Bhiwani	8	t	1	2016-11-03 09:54:41.753	\N	\N
232	Faridabad	8	t	1	2016-11-03 09:55:04.031	\N	\N
233	Gurgaon	8	t	1	2016-11-03 09:55:22.66	\N	\N
234	Hissar	8	t	1	2016-11-03 09:55:42.376	\N	\N
235	Karnal	8	t	1	2016-11-03 09:56:51.6	\N	\N
236	Panipat	8	t	1	2016-11-03 09:57:22.622	\N	\N
237	Rohtak	8	t	1	2016-11-03 09:59:27.021	\N	\N
238	Sonepat	8	t	1	2016-11-03 10:00:04.191	\N	\N
239	Yamuna Nagar	8	t	1	2016-11-03 10:03:15.815	\N	\N
240	Chandigarh	8	t	1	2016-11-03 10:04:19.05	\N	\N
241	Fatehabad	8	t	1	2016-11-03 10:06:13.686	\N	\N
242	Jhajjar	8	t	1	2016-11-03 10:07:45.474	\N	\N
243	Jind	8	t	1	2016-11-03 10:59:46.891	\N	\N
244	Kaithal	8	t	1	2016-11-03 11:00:25.796	\N	\N
245	Surendranagar	8	t	1	2016-11-03 11:06:18.997	\N	\N
246	Kurukshetra	8	t	1	2016-11-03 11:08:22.536	\N	\N
247	Narnaul	8	t	1	2016-11-03 11:13:04.942	\N	\N
248	Panchkula	8	t	1	2016-11-03 11:15:41.796	\N	\N
249	Rewari	8	t	1	2016-11-03 11:20:30.969	\N	\N
250	Sirsa	8	t	1	2016-11-03 11:23:54.492	\N	\N
252	Agartala	25	t	1	2016-11-03 11:29:18.841	\N	\N
253	Ambassa	25	t	1	2016-11-03 11:32:25.435	\N	\N
254	Kailasalar	25	t	1	2016-11-03 11:34:55.091	\N	\N
255	Udaipur	25	t	1	2016-11-03 11:35:49.093	\N	\N
257	Baghmara	17	t	1	2016-11-03 11:41:18.016	\N	\N
258	Jowal	17	t	1	2016-11-03 11:43:28.183	\N	\N
259	Nongpoh	17	t	1	2016-11-03 11:44:20.692	\N	\N
261	Nong Stoin	17	t	1	2016-11-04 04:50:18.706	\N	\N
262	Shillong	17	t	1	2016-11-04 04:52:59.814	\N	\N
263	Tura	17	t	1	2016-11-04 04:56:23.546	\N	\N
264	William Nagar	17	t	1	2016-11-04 04:58:06.496	\N	\N
266	Anantnag	10	t	1	2016-11-04 05:07:07.05	\N	\N
267	Badgam	10	t	1	2016-11-04 05:09:54.649	\N	\N
268	Doda	10	t	1	2016-11-04 05:11:24.124	\N	\N
269	Baramulla	17	t	1	2016-11-04 05:12:52.263	\N	\N
270	Jammu	10	t	1	2016-11-04 05:19:57.076	\N	\N
271	Kargil	10	t	1	2016-11-04 05:27:15.723	\N	\N
272	Kathua	10	t	1	2016-11-04 05:30:14.61	\N	\N
273	Kupwara	10	t	1	2016-11-04 05:33:32.541	\N	\N
274	Leh	10	t	1	2016-11-04 05:43:55.511	\N	\N
275	Pulwama	10	t	1	2016-11-04 09:53:11.324	\N	\N
276	Rajauri	10	t	1	2016-11-04 09:54:13.742	\N	\N
277	Srinagar	10	t	1	2016-11-04 09:55:34.132	\N	\N
278	Udhampur	10	t	1	2016-11-04 09:58:59.551	\N	\N
280	Bokaro Steel City	11	t	1	2016-11-04 10:15:59.759	\N	\N
281	Deogrhar	11	t	1	2016-11-05 06:24:49.351	\N	\N
282	Dumka	11	t	1	2016-11-05 06:25:08.251	\N	\N
283	Giridih	11	t	1	2016-11-05 06:25:39.246	\N	\N
284	Hazaribag	11	t	1	2016-11-05 06:26:06.434	\N	\N
285	Jameshedpur	11	t	1	2016-11-05 06:27:34.06	\N	\N
286	Koderma	11	t	1	2016-11-05 06:27:57.839	\N	\N
287	Ranchi	11	t	1	2016-11-05 06:28:38.91	\N	\N
288	Chabasa	11	t	1	2016-11-05 06:29:10.693	\N	\N
289	Chatra	11	t	1	2016-11-05 06:29:27.122	\N	\N
290	Garhwa	11	t	1	2016-11-05 06:30:06.357	\N	\N
291	Godda	11	t	1	2016-11-05 06:30:37.058	\N	\N
292	Gumla	11	t	1	2016-11-05 06:30:59.883	\N	\N
293	Latehar	11	t	1	2016-11-05 06:31:34.31	\N	\N
294	Lohardaga	11	t	1	2016-11-05 06:32:00.28	\N	\N
295	Pakur	11	t	1	2016-11-05 06:32:22.954	\N	\N
296	Sahibganj	11	t	1	2016-11-05 06:32:54.495	\N	\N
297	Seraikela	11	f	1	2016-11-05 06:33:21.378	\N	\N
298	Simdega	11	t	1	2016-11-05 06:33:43.44	\N	\N
301	Chamba	9	t	1	2016-11-05 06:35:24.256	\N	\N
302	Dharamasara	9	t	1	2016-11-05 06:36:00.386	\N	\N
303	Hamirpur	9	t	1	2016-11-05 06:36:21.948	\N	\N
304	Keylong	9	t	1	2016-11-05 06:36:40.073	\N	\N
305	Kullu	9	t	1	2016-11-05 06:36:54.846	\N	\N
306	Mandi	9	t	1	2016-11-05 06:37:11.632	\N	\N
307	Nahan	9	t	1	2016-11-05 06:37:29.06	\N	\N
308	Rampur	9	t	1	2016-11-05 06:37:45.368	\N	\N
309	Reckong Peo	9	t	1	2016-11-05 06:38:07.237	\N	\N
310	Shimla	9	t	1	2016-11-05 06:38:26.142	\N	\N
311	Solan	9	t	1	2016-11-05 06:38:49.127	\N	\N
312	Una	9	t	1	2016-11-05 06:39:00.835	\N	\N
314	Aizawl	18	t	1	2016-11-05 06:39:59.719	\N	\N
315	Champhai	18	t	1	2016-11-05 06:40:24.056	\N	\N
316	Kolasib	18	t	1	2016-11-05 06:40:42.665	\N	\N
317	Lawngtlai	18	t	1	2016-11-05 06:41:13.167	\N	\N
318	Lunglei	18	t	1	2016-11-05 06:41:33.678	\N	\N
319	Mamit	17	t	1	2016-11-05 06:41:50.512	\N	\N
320	Saiha	18	t	1	2016-11-05 06:42:06.26	\N	\N
321	Serchhip	18	t	1	2016-11-05 06:42:30.141	\N	\N
323	Gangtok	23	t	1	2016-11-05 06:43:20.826	\N	\N
324	Geyzing	23	t	1	2016-11-05 06:43:51.376	\N	\N
325	Mangan	23	t	1	2016-11-05 06:44:09.707	\N	\N
326	Namchi	23	t	1	2016-11-05 06:44:29.019	\N	\N
328	Dimapur	19	t	1	2016-11-05 06:45:13.018	\N	\N
329	Mokokchung	19	t	1	2016-11-05 06:45:35.46	\N	\N
330	Mon	19	t	1	2016-11-05 06:46:08.214	\N	\N
331	Kohima	18	t	1	2016-11-05 06:46:23.482	\N	\N
332	Phek	19	t	1	2016-11-05 06:46:48.278	\N	\N
333	Tuensang	19	t	1	2016-11-05 06:47:09.302	\N	\N
334	Wokha	19	t	1	2016-11-05 06:47:26.391	\N	\N
336	Zunheboto	19	t	1	2016-11-05 06:48:08.044	\N	\N
338	Bhopal	14	t	1	2016-11-05 06:51:44.127	\N	\N
339	Chhindwara	14	t	1	2016-11-05 06:52:17.115	\N	\N
340	Gwalior	14	t	1	2016-11-05 06:53:44.372	\N	\N
341	Indore	14	t	1	2016-11-05 06:54:12.506	\N	\N
342	Jabalpur	14	t	1	2016-11-05 06:54:41.868	\N	\N
343	Ratlam	14	t	1	2016-11-05 06:54:58.604	\N	\N
344	Rewa	14	t	1	2016-11-05 06:55:12.687	\N	\N
345	Sagar	14	t	1	2016-11-05 06:55:30.419	\N	\N
346	Satna	14	t	1	2016-11-05 06:55:43.525	\N	\N
348	Ujjain	14	t	1	2016-11-05 06:56:24.653	\N	\N
349	Anupper	14	t	1	2016-11-05 06:57:47.448	\N	\N
350	Ashoknagar	14	t	1	2016-11-05 06:58:16.484	\N	\N
351	Balaghat	14	t	1	2016-11-05 06:58:44.693	\N	\N
352	Barwani	14	t	1	2016-11-05 06:58:59.918	\N	\N
353	Betul	14	t	1	2016-11-05 06:59:18.251	\N	\N
354	Bhilai Nagar	14	t	1	2016-11-05 06:59:47.944	\N	\N
355	Bhind	14	t	1	2016-11-05 07:00:07.33	\N	\N
356	Burhanpur	14	t	1	2016-11-05 07:00:38.447	\N	\N
357	Chhatapur	14	t	1	2016-11-05 07:01:09.71	\N	\N
358	Damoh	14	t	1	2016-11-05 07:01:25.463	\N	\N
359	Datia	14	t	1	2016-11-05 07:01:48.51	\N	\N
360	Dewas	14	t	1	2016-11-05 07:02:04.781	\N	\N
361	Dhar	14	t	1	2016-11-05 07:02:16.167	\N	\N
362	Dindori	13	t	1	2016-11-05 07:02:31.114	\N	\N
363	Guna	14	t	1	2016-11-05 07:02:48.782	\N	\N
364	Harda	14	t	1	2016-11-05 07:03:04.261	\N	\N
365	Hoshangabad	14	t	1	2016-11-05 07:03:31.282	\N	\N
366	Jhabua	14	t	1	2016-11-05 07:03:50.245	\N	\N
367	Hatni	14	t	1	2016-11-05 07:04:04.898	\N	\N
368	Khandwa	14	t	1	2016-11-05 07:04:27.514	\N	\N
369	Khargone	14	t	1	2016-11-05 07:04:51.646	\N	\N
370	Mandla	14	t	1	2016-11-05 07:05:08.66	\N	\N
371	Mandsawr	14	t	1	2016-11-05 07:05:34.5	\N	\N
372	Morena	14	t	1	2016-11-05 07:05:47.944	\N	\N
373	Narislionghpur	14	t	1	2016-11-05 07:06:19.269	\N	\N
374	Neemuch	14	t	1	2016-11-05 07:06:33.779	\N	\N
375	Panna	14	t	1	2016-11-05 07:06:48.965	\N	\N
376	Raisen	14	t	1	2016-11-05 07:07:06.472	\N	\N
377	Rajgarh	14	t	1	2016-11-05 07:07:27.621	\N	\N
380	Sehore	14	t	1	2016-11-05 07:08:36.553	\N	\N
381	Seoni	14	t	1	2016-11-05 07:08:58.005	\N	\N
382	Shahdol	14	t	1	2016-11-05 07:09:19.905	\N	\N
383	Shajapur	14	t	1	2016-11-05 07:09:39.803	\N	\N
384	Sheopur	14	t	1	2016-11-05 07:10:04.779	\N	\N
385	Shiupuri	14	t	1	2016-11-05 07:10:38.76	\N	\N
386	Sindhi	14	t	1	2016-11-05 07:10:57.057	\N	\N
387	Tikamagarh	14	t	1	2016-11-05 07:11:20.902	\N	\N
388	Umaria	14	t	1	2016-11-05 07:11:37.367	\N	\N
389	Vidisha	14	t	1	2016-11-05 07:11:59.888	\N	\N
390	Ohers	14	t	1	2016-11-05 07:12:13.251	\N	\N
391	Ahmednagar	15	t	1	2016-11-05 07:12:53.085	\N	\N
393	Jalgaon	15	t	1	2016-11-05 07:14:12.867	\N	\N
395	Kolhapur	15	t	1	2016-11-05 07:14:58.408	\N	\N
396	Mumbai	15	t	1	2016-11-05 07:15:17.422	\N	\N
397	Nagpur	15	t	1	2016-11-05 07:15:32.3	\N	\N
398	Nashik	15	t	1	2016-11-05 07:16:04.009	\N	\N
399	pune	15	t	1	2016-11-05 07:16:17.065	\N	\N
400	Sangli	15	t	1	2016-11-05 07:16:39.207	\N	\N
401	Solapur	15	t	1	2016-11-05 07:16:59.455	\N	\N
402	Akola	15	t	1	2016-11-05 07:17:30.479	\N	\N
403	Beed	15	t	1	2016-11-05 07:17:52.694	\N	\N
404	Amravati	15	t	1	2016-11-05 07:18:21.284	\N	\N
405	Bhandara	15	t	1	2016-11-05 07:18:46.752	\N	\N
406	Buldhana	15	t	1	2016-11-05 07:19:06.747	\N	\N
407	Chandrapur	15	t	1	2016-11-05 07:19:28.401	\N	\N
408	Dhule	15	t	1	2016-11-05 07:19:49.879	\N	\N
409	Gadchiroli	15	t	1	2016-11-05 07:20:19.208	\N	\N
410	Gondiya	15	t	1	2016-11-05 07:20:39.747	\N	\N
411	Higoli	15	t	1	2016-11-05 07:20:55.121	\N	\N
412	Jalna	15	t	1	2016-11-05 07:21:25.325	\N	\N
413	Latur	15	t	1	2016-11-05 07:22:01.609	\N	\N
414	Melegaon	15	t	1	2016-11-05 07:22:30.046	\N	\N
415	Nanded	15	t	1	2016-11-05 07:22:52.142	\N	\N
416	Nandurbar	15	t	1	2016-11-05 07:23:21.457	\N	\N
417	Oras	15	t	1	2016-11-05 07:23:36.945	\N	\N
418	Osmanabad	15	t	1	2016-11-05 07:23:57.754	\N	\N
419	Parbhani	15	t	1	2016-11-05 07:24:29.941	\N	\N
420	Raigad	15	t	1	2016-11-05 07:24:59.473	\N	\N
421	Ratnagiri	15	t	1	2016-11-05 07:25:28.6	\N	\N
422	Satara	15	t	1	2016-11-05 07:25:50.448	\N	\N
423	Sewagram	15	t	1	2016-11-05 07:26:12.07	\N	\N
424	Wardha	15	t	1	2016-11-05 07:26:29.581	\N	\N
425	Washim	15	t	1	2016-11-05 07:27:43.826	\N	\N
426	Yavatmal	15	t	1	2016-11-05 07:28:06.897	\N	\N
428	Karaikal	35	t	1	2016-11-05 07:30:09.91	\N	\N
429	Mahe	35	t	1	2016-11-05 07:30:37.946	\N	\N
430	Pandicherry	35	t	1	2016-11-05 07:31:08.851	\N	\N
431	Yanam	35	t	1	2016-11-05 07:31:28.054	\N	\N
433	Angul	20	t	1	2016-11-05 07:32:18.546	\N	\N
434	Baleshwar	20	t	1	2016-11-05 07:32:48.097	\N	\N
435	Boripada	20	t	1	2016-11-05 07:33:08.236	\N	\N
436	Berhampur	20	t	1	2016-11-05 07:33:37.586	\N	\N
437	Bhadrak	20	t	1	2016-11-05 07:34:00.288	\N	\N
438	Bhubaneswar	20	t	1	2016-11-05 07:34:32.584	\N	\N
439	Cuttack	20	t	1	2016-11-05 07:34:51.886	\N	\N
440	Puri	20	t	1	2016-11-05 07:35:12.897	\N	\N
441	Rourkela	20	t	1	2016-11-05 07:35:39.543	\N	\N
442	Sambalpur	20	t	1	2016-11-05 07:36:40.863	\N	\N
443	Balangir	20	t	1	2016-11-05 07:46:27.241	\N	\N
444	Bargarh	20	t	1	2016-11-05 07:47:08.278	\N	\N
445	Bhawanipatna	20	t	1	2016-11-05 07:49:40.317	\N	\N
446	Boudh	20	t	1	2016-11-05 07:50:00.271	\N	\N
447	Chhatrapur	20	t	1	2016-11-05 07:50:28.438	\N	\N
448	Deogarh	20	t	1	2016-11-05 07:50:48.758	\N	\N
449	Dhenkanal	20	t	1	2016-11-05 07:51:28.584	\N	\N
450	Jagatsinghpur	20	t	1	2016-11-05 07:51:58.616	\N	\N
451	Jharasugda	20	t	1	2016-11-05 07:52:26.982	\N	\N
452	Kendrapara	20	t	1	2016-11-05 07:52:47.417	\N	\N
453	Kendujhar	20	t	1	2016-11-05 07:53:22.99	\N	\N
454	Koraput	20	t	1	2016-11-05 07:53:41.113	\N	\N
455	Malkangiri	20	t	1	2016-11-05 07:54:04.325	\N	\N
456	Nabarangapur	20	t	1	2016-11-05 07:54:30.648	\N	\N
457	Nayagarh	20	t	1	2016-11-05 07:54:52.402	\N	\N
458	Nuapada	20	t	1	2016-11-05 07:55:16.55	\N	\N
459	Panikoili	20	t	1	2016-11-05 07:55:42.405	\N	\N
460	Paralakhemundi	20	t	1	2016-11-05 07:56:12.283	\N	\N
461	Amristar	21	t	1	2016-11-05 07:56:47.47	\N	\N
462	Bathinda	21	t	1	2016-11-05 07:57:06.321	\N	\N
464	Gurdaspur	21	t	1	2016-11-05 07:57:52.307	\N	\N
465	Hoshiarpur	21	t	1	2016-11-05 07:58:18.817	\N	\N
466	Jalandhar	21	t	1	2016-11-05 07:59:24.534	\N	\N
467	Ludhiana	21	t	1	2016-11-05 07:59:42.26	\N	\N
468	Moga	21	t	1	2016-11-05 07:59:56.337	\N	\N
469	Patiala	21	t	1	2016-11-05 08:00:25.636	\N	\N
470	Sangrur	21	t	1	2016-11-05 08:00:54.474	\N	\N
472	Faridkot	21	t	1	2016-11-05 08:03:05.06	\N	\N
473	Fatehgarh Sahib	21	t	1	2016-11-05 08:03:36.89	\N	\N
474	Ferozepur	21	t	1	2016-11-05 08:04:02.894	\N	\N
475	Kapurthala	21	t	1	2016-11-05 08:04:36.38	\N	\N
476	Mansa	21	t	1	2016-11-05 08:04:51.511	\N	\N
477	Muktsar	21	t	1	2016-11-05 08:05:09.2	\N	\N
478	Nawan Shehar	21	t	1	2016-11-05 08:05:31.937	\N	\N
479	Pathankot	21	t	1	2016-11-05 08:05:54	\N	\N
480	Rupnagar	21	t	1	2016-11-05 08:06:10.675	\N	\N
482	Ajmer	22	f	1	2016-11-05 08:08:28.001	\N	\N
483	Alwar	22	t	1	2016-11-05 08:08:47.658	\N	\N
484	Ganga Nagar	22	t	1	2016-11-05 08:09:12.89	\N	\N
485	Jaipur	22	t	1	2016-11-05 08:09:30.673	\N	\N
486	Jhunjhunun	22	t	1	2016-11-05 08:10:02.606	\N	\N
487	Jodhpur	22	t	1	2016-11-05 08:10:28.011	\N	\N
488	Kota	22	t	1	2016-11-05 08:10:45.857	\N	\N
489	Sikar	22	t	1	2016-11-05 08:11:04.165	\N	\N
491	Banswara	22	t	1	2016-11-05 08:11:43.31	\N	\N
492	Baran	22	t	1	2016-11-05 08:12:03.959	\N	\N
493	Bharatpur	22	t	1	2016-11-05 08:12:29.753	\N	\N
494	Bhilwara	22	t	1	2016-11-05 08:12:52.178	\N	\N
495	Bundi	22	t	1	2016-11-05 08:13:11.39	\N	\N
496	Chittorgarh	22	t	1	2016-11-05 08:13:39.848	\N	\N
498	Churu	22	t	1	2016-11-05 08:14:36.188	\N	\N
499	Dasva	22	t	1	2016-11-05 08:15:00.617	\N	\N
500	Dholpur	22	t	1	2016-11-05 08:15:23.735	\N	\N
501	Dungarpur	22	t	1	2016-11-05 08:15:46.747	\N	\N
502	Hanumangarh	22	t	1	2016-11-05 08:16:19.06	\N	\N
503	Jaisalmer	22	t	1	2016-11-05 08:16:39.582	\N	\N
504	Jalore	22	t	1	2016-11-05 08:16:58.667	\N	\N
505	Jhalawar	22	t	1	2016-11-05 08:17:18.989	\N	\N
506	Karauli	22	t	1	2016-11-05 08:17:47.613	\N	\N
507	Nagaur	22	t	1	2016-11-05 08:18:07.683	\N	\N
508	Pali	22	t	1	2016-11-05 08:18:36.824	\N	\N
509	Sawai Madhopur	22	t	1	2016-11-05 08:19:46.49	\N	\N
510	Sirohi	22	t	1	2016-11-05 08:20:20.418	\N	\N
511	Tonk	22	t	1	2016-11-05 08:20:40.453	\N	\N
513	Agra	26	t	1	2016-11-05 08:21:37.367	\N	\N
514	Allahabad	26	t	1	2016-11-05 08:21:58.579	\N	\N
515	Bareilly	26	t	1	2016-11-05 08:23:30.994	\N	\N
516	Ghaziabad	26	t	1	2016-11-05 08:25:27.801	\N	\N
517	Gorakhpur	26	t	1	2016-11-05 08:25:58.504	\N	\N
518	Kanpur	26	t	1	2016-11-05 08:26:19.354	\N	\N
519	Lucknow	26	t	1	2016-11-05 08:26:40.425	\N	\N
520	Meercut	26	t	1	2016-11-05 08:26:56.804	\N	\N
521	Noida	26	t	1	2016-11-05 08:27:12.658	\N	\N
522	Varanasi	26	t	1	2016-11-05 08:27:30.17	\N	\N
523	Akbarpur	25	t	1	2016-11-05 08:28:05.898	\N	\N
524	Aligarh	26	t	1	2016-11-05 08:28:27.041	\N	\N
525	Amroha	26	t	1	2016-11-05 08:28:46.58	\N	\N
526	Auraiya	26	t	1	2016-11-05 08:29:10.205	\N	\N
527	Azamgarh	26	t	1	2016-11-05 08:29:51.888	\N	\N
528	Bagpat	26	t	1	2016-11-05 08:30:16.58	\N	\N
529	Bahraich	26	t	1	2016-11-05 08:30:52.692	\N	\N
530	Ballia	26	t	1	2016-11-05 08:31:12.27	\N	\N
531	Balrampur	26	t	1	2016-11-05 08:31:43.66	\N	\N
532	Banda	26	t	1	2016-11-05 08:32:08.818	\N	\N
533	Barabanki	26	t	1	2016-11-05 08:32:30.432	\N	\N
534	Basti	26	t	1	2016-11-05 08:32:47.221	\N	\N
535	Bijnor	26	t	1	2016-11-05 08:33:06.136	\N	\N
537	Budaun	26	t	1	2016-11-05 08:33:46.847	\N	\N
538	Chandauli	26	t	1	2016-11-05 08:34:15.97	\N	\N
539	Chitrakootdham	26	f	1	2016-11-05 08:34:44.972	\N	\N
540	Deoria	26	t	1	2016-11-05 08:35:18.141	\N	\N
541	Etah	26	t	1	2016-11-05 08:36:11.553	\N	\N
542	Etawah	26	t	1	2016-11-05 08:36:32.725	\N	\N
543	Faizabad	26	t	1	2016-11-05 08:36:55.569	\N	\N
544	Ghazipur	26	t	1	2016-11-05 08:37:22.953	\N	\N
545	Gonda	26	t	1	2016-11-05 08:37:40.653	\N	\N
546	Gyanpur	26	t	1	2016-11-05 08:38:00.684	\N	\N
547	Hamipur	26	t	1	2016-11-05 08:38:19.587	\N	\N
548	Hardoi	26	t	1	2016-11-05 08:38:38.427	\N	\N
549	Hathras	26	t	1	2016-11-05 08:39:02.678	\N	\N
550	Janpur	26	t	1	2016-11-05 08:39:19.578	\N	\N
551	Jhansi	26	f	1	2016-11-05 08:39:38.3	\N	\N
553	Kannauj	26	t	1	2016-11-05 08:40:34.071	\N	\N
554	Kaushambi	26	t	1	2016-11-05 08:40:57.861	\N	\N
555	Khalilabad	26	t	1	2016-11-05 08:41:47.487	\N	\N
556	Kheri	26	t	1	2016-11-05 08:42:03.818	\N	\N
557	Kushinagar	26	t	1	2016-11-05 08:42:29.609	\N	\N
558	Lalitpur	26	t	1	2016-11-05 08:42:49.284	\N	\N
559	Maharajganj	26	t	1	2016-11-05 08:43:12.935	\N	\N
561	Mohoba	26	t	1	2016-11-05 08:43:57.167	\N	\N
562	Mathura	26	t	1	2016-11-05 08:44:13.518	\N	\N
563	Mau	26	t	1	2016-11-05 08:44:29.031	\N	\N
564	Mizapur	26	t	1	2016-11-05 08:44:50.29	\N	\N
565	Moradabad	26	t	1	2016-11-05 08:45:29.521	\N	\N
566	Muzaffarnagar	26	t	1	2016-11-05 08:46:33.83	\N	\N
567	Navgarh	26	t	1	2016-11-05 09:48:25.533	\N	\N
568	Orai	26	t	1	2016-11-05 09:48:42.602	\N	\N
569	Padarauna	26	t	1	2016-11-05 09:49:08.047	\N	\N
570	Pillibhit	26	t	1	2016-11-05 09:49:53.367	\N	\N
571	Pratapgarh	26	t	1	2016-11-05 09:50:23.081	\N	\N
572	Rae Barlei	26	t	1	2016-11-05 09:50:49.459	\N	\N
574	Robertsganj	26	t	1	2016-11-05 09:51:41.8	\N	\N
575	Saharanpur	26	t	1	2016-11-05 09:52:06.72	\N	\N
576	Shrawasti	26	t	1	2016-11-05 09:52:29.973	\N	\N
577	Sitapur	26	t	1	2016-11-05 09:52:48.153	\N	\N
579	Suttanpur	26	t	1	2016-11-05 09:53:48.573	\N	\N
580	Unnano	26	t	1	2016-11-05 09:54:07.643	\N	\N
582	Asansol	28	t	1	2016-11-05 09:55:33.959	\N	\N
583	Barasat	28	t	1	2016-11-05 09:56:12.378	\N	\N
584	Bardhampore	28	t	1	2016-11-05 09:56:46.321	\N	\N
585	Durgapur	28	t	1	2016-11-05 09:57:04.687	\N	\N
586	Howra	28	t	1	2016-11-05 09:57:33.305	\N	\N
587	Kolkata	28	t	1	2016-11-05 09:57:49.3	\N	\N
588	Malda	28	t	1	2016-11-05 09:58:05.326	\N	\N
589	Midnapore	28	t	1	2016-11-05 09:58:23.667	\N	\N
590	Siliguri	28	t	1	2016-11-05 09:58:51.105	\N	\N
591	Alipore	28	t	1	2016-11-05 09:59:13.589	\N	\N
592	Balurghat	28	t	1	2016-11-05 09:59:40.401	\N	\N
593	Bankura	26	t	1	2016-11-05 09:59:55.245	\N	\N
594	Barannagar	28	t	1	2016-11-05 10:00:18.933	\N	\N
595	Bhatpara	28	t	1	2016-11-05 10:00:37.564	\N	\N
596	Chinsurah	28	t	1	2016-11-05 10:01:20.974	\N	\N
597	Cooch Behar	28	t	1	2016-11-05 10:01:45.649	\N	\N
598	Darjeeling	28	t	1	2016-11-05 10:02:04.997	\N	\N
599	Jalaiguri	28	t	1	2016-11-05 10:02:27.471	\N	\N
600	Kharagur	28	t	1	2016-11-05 10:02:50.659	\N	\N
601	Krishnagar	28	t	1	2016-11-05 10:03:16.364	\N	\N
602	Panihati	28	t	1	2016-11-05 10:03:35.178	\N	\N
603	Puruliya	28	f	1	2016-11-05 10:03:56.097	\N	\N
604	Sridham	28	t	1	2016-11-05 10:04:18.354	\N	\N
605	Sri Rampur	28	t	1	2016-11-05 10:04:49.152	\N	\N
606	Suri	28	t	1	2016-11-05 10:05:04.414	\N	\N
608	Delhi	34	t	1	2016-11-05 10:15:15.339	\N	\N
614	Car Nicobar	29	t	1	2016-11-05 10:19:20.561	\N	\N
615	Port Blair	29	t	1	2016-11-05 10:19:46.764	\N	\N
617	Silvassa	31	t	1	2016-11-05 10:21:30.615	\N	\N
621	Daman	32	t	1	2016-11-05 10:23:34.778	\N	\N
622	Diu	32	t	1	2016-11-05 10:23:53.043	\N	\N
624	Amini	33	t	1	2016-11-05 10:57:03.445	\N	\N
625	Kavaratii	33	t	1	2016-11-05 10:57:46.902	\N	\N
626	Minicoy	33	t	1	2016-11-05 10:58:09.003	\N	\N
124	Kamrup Metropolitan	3	t	1	2016-10-31 07:51:47.486	1	2016-11-07 08:55:35.697
93	 Sri Potti Sriramulu Nellore	1	t	1	2016-10-31 07:30:08.437	1	2016-11-07 08:56:15.046
627	BHEL	27	t	1	2016-11-07 08:57:07.389	\N	\N
628	Badrinathpuri	27	t	1	2016-11-07 09:01:53.079	\N	\N
629	Bageshwar	27	t	1	2016-11-07 09:02:31.866	\N	\N
630	Bajpur	27	t	1	2016-11-07 09:03:36.453	\N	\N
632	Ban basa	27	t	1	2016-11-07 09:07:51.977	\N	\N
633	Bandia	27	t	1	2016-11-07 09:08:11.918	\N	\N
634	Barkot	27	t	1	2016-11-07 09:08:33.767	\N	\N
636	Bhimtal	27	t	1	2016-11-07 09:10:50.058	\N	\N
638	Bhowali	27	t	1	2016-11-07 09:11:38.595	\N	\N
639	Chakrata	27	t	1	2016-11-07 09:13:27.107	\N	\N
641	Chamba (Theri Garhwal)	27	t	1	2016-11-07 09:15:23.62	\N	\N
642	Chamoli Gopeshwar	27	t	1	2016-11-07 09:18:03.445	\N	\N
643	Clement Town	27	t	1	2016-11-07 09:18:58.298	\N	\N
644	Dehradun	27	t	1	2016-11-07 09:20:29.065	\N	\N
645	Dev Prayag	27	t	1	2016-11-07 09:21:14.075	\N	\N
646	Dhaluwala	27	t	1	2016-11-07 09:21:50.163	\N	\N
647	Dhandera	27	t	1	2016-11-07 09:22:15.569	\N	\N
648	Dharchula	27	t	1	2016-11-07 09:22:32.379	\N	\N
649	Dharchula Dehat	27	t	1	2016-11-07 09:23:02.034	\N	\N
650	Didihat	27	t	1	2016-11-07 09:23:53.197	\N	\N
651	Dineshpur	27	t	1	2016-11-07 09:26:11.803	\N	\N
652	Dogadda	27	t	1	2016-11-07 09:26:33.006	\N	\N
653	Doiwala	27	t	1	2016-11-07 09:26:53.293	\N	\N
654	Dwarahat	27	t	1	2016-11-07 09:27:18.774	\N	\N
655	FRI and Colleage Area	26	t	1	2016-11-07 09:31:18.753	\N	\N
656	Gadapur	27	t	1	2016-11-07 09:31:48.967	\N	\N
657	Gangotri	27	t	1	2016-11-07 09:32:18.158	\N	\N
658	Gochar	27	t	1	2016-11-07 09:32:34.218	\N	\N
659	Haldwani - Kathgodam	27	t	1	2016-11-07 09:34:29.126	\N	\N
660	Harwar	27	t	1	2016-11-07 09:36:08.073	\N	\N
661	Herbertpur	27	t	1	2016-11-07 09:36:39.88	\N	\N
662	Jaspur	27	t	1	2016-11-07 09:36:57.869	\N	\N
663	Jhabrera	27	t	1	2016-11-07 09:37:21.769	\N	\N
664	Joshimath	27	t	1	2016-11-07 09:37:40.62	\N	\N
665	Kanchal Gossain	27	t	1	2016-11-07 09:38:08.022	\N	\N
666	Kaladungi	27	t	1	2016-11-07 09:38:26.93	\N	\N
667	Karn Prayg	27	t	1	2016-11-07 09:38:54.095	\N	\N
668	Kashi pur	27	t	1	2016-11-07 09:39:19.233	\N	\N
669	Kashirampur	27	t	1	2016-11-07 09:39:50.187	\N	\N
670	Kedrnath	27	t	1	2016-11-07 09:40:12.229	\N	\N
671	Kela Khera	27	t	1	2016-11-07 09:40:56.288	\N	\N
672	Kattima	27	t	1	2016-11-07 09:41:14.226	\N	\N
673	Kichha	27	t	1	2016-11-07 09:41:33.733	\N	\N
674	Kiriti Nagar	27	t	1	2016-11-07 09:41:52.525	\N	\N
675	Kottd wara	27	t	1	2016-11-07 09:42:18.705	\N	\N
676	Laksar	27	t	1	2016-11-07 09:42:38.389	\N	\N
677	Lalkuan	27	t	1	2016-11-07 09:43:00.636	\N	\N
678	Landaura	27	t	1	2016-11-07 09:43:20.186	\N	\N
679	Landour	27	t	1	2016-11-07 09:43:36.224	\N	\N
680	Landowne	26	t	1	2016-11-07 09:43:55.713	\N	\N
681	Lohaghat	27	t	1	2016-11-07 09:44:15.501	\N	\N
682	Mathua Kherganj	27	t	1	2016-11-07 09:44:47.565	\N	\N
683	Manglapur	27	t	1	2016-11-07 09:45:14.025	\N	\N
684	Mohanpur Mohammadpur	27	t	1	2016-11-07 09:45:44.541	\N	\N
685	Muni KI Reti	27	t	1	2016-11-07 09:46:08.45	\N	\N
686	Mussoori	27	t	1	2016-11-07 09:46:42.718	\N	\N
687	Ngala	27	t	1	2016-11-07 09:46:58.243	\N	\N
688	Nagala	27	t	1	2016-11-07 09:47:18.987	\N	\N
689	Nainital	27	t	1	2016-11-07 09:47:39.337	\N	\N
690	Nand Prayag	27	t	1	2016-11-07 09:48:09.31	\N	\N
691	Narendra Nagar	27	t	1	2016-11-07 09:48:35.96	\N	\N
692	Pauri	27	t	1	2016-11-07 09:48:52.752	\N	\N
693	Pithoragarh	27	t	1	2016-11-07 09:50:04.669	\N	\N
694	Pratinagar	27	t	1	2016-11-07 09:50:29.559	\N	\N
695	Rajpur(dehradum)	27	t	1	2016-11-07 09:51:38.053	\N	\N
696	Ram Nagar	27	t	1	2016-11-07 09:52:20.936	\N	\N
697	Ram Nagar (Nainital)	27	t	1	2016-11-07 09:52:58.082	\N	\N
698	Raniket	27	t	1	2016-11-07 09:53:19.387	\N	\N
699	Rishkhet	27	t	1	2016-11-07 09:53:38.226	\N	\N
700	Roorkee	27	t	1	2016-11-07 09:53:58.169	\N	\N
701	Rudra Prayag	27	t	1	2016-11-07 09:54:21.37	\N	\N
703	Cudham Singh	27	t	1	2016-11-07 09:58:09.531	\N	\N
704	Shaktigarh	27	t	1	2016-11-07 09:58:45.864	\N	\N
705	Sitargarnj	27	t	1	2016-11-07 09:59:16.908	\N	\N
706	Sri nagar(Garhwal)	27	t	1	2016-11-07 10:00:42.665	\N	\N
707	Sultanpur(Cudhamsingh Nagar)	27	t	1	2016-11-07 10:01:34.719	\N	\N
708	Tanakpur	27	t	1	2016-11-07 10:01:53.479	\N	\N
710	Tehri	27	t	1	2016-11-07 10:02:26.996	\N	\N
712	Veerbhadra	27	t	1	2016-11-07 10:03:56.48	\N	\N
713	Vikasnagar	27	t	1	2016-11-07 10:04:25.467	\N	\N
714	Noninthe list	27	t	1	2016-11-07 10:04:58.35	\N	\N
718	Fairdabad	34	t	1	2016-11-08 05:42:00.681	\N	\N
719	Alor Star	36	t	1	2016-11-09 06:08:48.877	\N	\N
720	Other	36	t	1	2016-11-09 06:09:08.884	\N	\N
721	Kotabharu	37	t	1	2016-11-09 06:09:47.729	\N	\N
722	Kuala Lampur	38	t	1	2016-11-09 06:10:31.734	\N	\N
724	Bandar Labuan	39	t	1	2016-11-09 06:11:20.942	\N	\N
726	Kuantan	41	t	1	2016-11-09 06:12:13.65	\N	\N
728	Seremban	40	t	1	2016-11-09 06:13:00.055	\N	\N
730	Ipoh	42	t	1	2016-11-09 06:13:55.71	\N	\N
732	Kangar	43	t	1	2016-11-09 06:14:52.101	\N	\N
734	George Town	44	t	1	2016-11-09 06:15:47.614	\N	\N
736	Putrajaya	45	t	1	2016-11-09 06:17:55.704	\N	\N
737	Kota Kinabalu	46	t	1	2016-11-09 06:18:47.718	\N	\N
739	Kelang	48	t	1	2016-11-09 06:19:31.702	\N	\N
740	Petaling Jaya	48	t	1	2016-11-09 06:20:13.782	\N	\N
741	Shah Alam	46	t	1	2016-11-09 06:20:46.25	\N	\N
743	Kuching	47	t	1	2016-11-09 06:21:41.312	\N	\N
744	Miri	47	t	1	2016-11-09 06:21:58.339	\N	\N
747	Kuala Terengganu	49	t	1	2016-11-09 06:23:25.015	\N	\N
749	Kandy	51	t	1	2016-11-09 06:30:12.771	\N	\N
751	Trincomaler	52	t	1	2016-11-09 06:30:59.656	\N	\N
753	Anuradhapura	53	t	1	2016-11-09 06:31:49.356	\N	\N
755	Jaffina	54	t	1	2016-11-09 06:38:53.019	\N	\N
757	Kurunegala	55	t	1	2016-11-09 06:39:47.686	\N	\N
759	Ratnapura	56	t	1	2016-11-09 06:40:36.416	\N	\N
761	Galle	57	t	1	2016-11-09 06:41:10.068	\N	\N
764	Colombo	59	t	1	2016-11-09 06:42:56.338	\N	\N
765	Dehiwala	59	t	1	2016-11-09 06:43:20.363	\N	\N
766	Mount  Lavinia	59	t	1	2016-11-09 06:44:16.147	\N	\N
767	Kotte	59	t	1	2016-11-09 06:44:34.192	\N	\N
768	Moratwa	59	t	1	2016-11-09 06:45:15.068	\N	\N
770	Chiang	60	t	1	2016-11-09 07:01:58.564	\N	\N
772	Chon Buri	61	t	1	2016-11-09 07:03:08.998	\N	\N
774	Khon	62	t	1	2016-11-09 07:04:10.42	\N	\N
775	Kaen	62	t	1	2016-11-09 07:04:28.248	\N	\N
777	Bangkok	63	t	1	2016-11-09 07:05:17.219	\N	\N
780	Nakhon Ratchasima	64	t	1	2016-11-09 07:08:50.668	\N	\N
782	Nan	67	t	1	2016-11-09 07:10:54.162	\N	\N
783	Nakhon Si Thammart	66	t	1	2016-11-09 07:11:42.672	\N	\N
784	Nonthaburi	68	t	1	2016-11-09 07:12:24.428	\N	\N
785	Phuket	69	t	1	2016-11-09 07:13:08.496	\N	\N
787	Hatyai	70	t	1	2016-11-09 07:14:04.387	\N	\N
788	Ok Samui	72	t	1	2016-11-09 07:14:36.072	\N	\N
790	Ubon Ratchathani	73	t	1	2016-11-09 07:16:30.21	\N	\N
792	Airdrie	77	t	1	2016-11-09 09:50:50.704	\N	\N
793	Calgary	77	t	1	2016-11-09 09:51:17.232	\N	\N
794	Camrose	77	t	1	2016-11-09 09:51:39.561	\N	\N
795	Grende Prairie	77	t	1	2016-11-09 09:53:21.272	\N	\N
796	Leth bridge	77	t	1	2016-11-09 09:53:44.234	\N	\N
797	Medicine hat	77	t	1	2016-11-09 09:54:05.998	\N	\N
798	Red deer	77	t	1	2016-11-09 09:54:24.536	\N	\N
800	Abbostord	78	t	1	2016-11-09 09:58:20.689	\N	\N
801	Anmore	78	t	1	2016-11-09 09:58:44.331	\N	\N
802	Belcarra	78	t	1	2016-11-09 09:59:03.619	\N	\N
803	Owen Island	78	t	1	2016-11-09 09:59:56.773	\N	\N
804	Burnaby	78	t	1	2016-11-09 10:00:23.463	\N	\N
805	Campbell River	78	t	1	2016-11-09 10:00:52.496	\N	\N
806	Chilliwack	78	t	1	2016-11-09 10:01:11.554	\N	\N
807	Colwood	78	t	1	2016-11-09 10:01:35.686	\N	\N
808	Coqutilam	78	t	1	2016-11-09 10:01:58.704	\N	\N
809	Courtenay	78	t	1	2016-11-09 10:02:34.712	\N	\N
810	Dawson Creek	78	t	1	2016-11-09 10:03:04.337	\N	\N
811	Delta	78	t	1	2016-11-09 10:03:19.27	\N	\N
812	Fort.St.John	78	t	1	2016-11-09 10:03:44.707	\N	\N
813	Kamloops	78	t	1	2016-11-09 10:04:05.112	\N	\N
814	Kelowana	78	t	1	2016-11-09 10:04:24.721	\N	\N
815	Longford	78	t	1	2016-11-09 10:04:46.538	\N	\N
816	Longlie	78	t	1	2016-11-09 10:05:02.451	\N	\N
817	Lions Bay	78	t	1	2016-11-09 10:05:26.299	\N	\N
818	Maple Ridge	78	t	1	2016-11-09 10:05:53.84	\N	\N
819	Nanaimo	78	t	1	2016-11-09 10:06:08.983	\N	\N
820	New West Minister	78	t	1	2016-11-09 10:06:42.895	\N	\N
821	North Vancouver	78	t	1	2016-11-09 10:07:12.056	\N	\N
822	Pentiction	78	t	1	2016-11-09 10:07:47.073	\N	\N
823	Pitt Meadous	78	t	1	2016-11-09 10:09:52.64	\N	\N
824	Port Coquitlam	78	t	1	2016-11-09 10:10:23.607	\N	\N
825	Part Moody	78	t	1	2016-11-09 10:10:46.269	\N	\N
826	Prince George	78	t	1	2016-11-09 10:11:41.553	\N	\N
827	Quencel	78	t	1	2016-11-09 10:16:17.909	\N	\N
828	Richmond	78	t	1	2016-11-09 10:16:47.748	\N	\N
829	Surrey	78	t	1	2016-11-09 10:17:03.788	\N	\N
830	Vancouver	78	t	1	2016-11-09 10:17:30.019	\N	\N
831	Vernon	78	t	1	2016-11-09 10:17:57.063	\N	\N
832	Victoria	78	t	1	2016-11-09 10:19:34.771	\N	\N
\.


--
-- Data for Name: clientinfo; Type: TABLE DATA; Schema: public; Owner: weddfix
--

COPY clientinfo (id, orgid, name, filename, filetype, filesize, filepath, packagefrom, managername, email, mobile, phone, address, city, pincode, stateid, countryid, statusid, createdby, createddate, updatedby, updateddate) FROM stdin;
\.


--
-- Data for Name: comments; Type: TABLE DATA; Schema: public; Owner: weddfix
--

COPY comments (id, name, email, subject, comment, createddate) FROM stdin;
1	Shagul	shagul001@gmail.com	Super	Super	2017-03-15 10:20:53.322
2	Ramesh	rameshmuthuerc@gmail.com	hi	hi sir ,I need quote for my wedding	2017-03-15 10:44:23.885
3	Ramesh	ramesh@windowslive.com	ggf	g ggfftttttttgt t	2017-03-16 05:32:54.09
\.


--
-- Data for Name: country; Type: TABLE DATA; Schema: public; Owner: weddfix
--

COPY country (id, countrycode, countryname, countrydesc, isactive, createdby, createddate, updatedby, updateddate) FROM stdin;
2	CON002	Albania	Albania	t	1	2013-07-22 15:10:41.167226	\N	\N
3	CON003	Algeria	Algeria	t	1	2013-07-22 15:10:41.167226	\N	\N
4	CON004	American Samoa	American Samoa	t	1	2013-07-22 15:10:41.167226	\N	\N
5	CON005	Andorra	Andorra	t	1	2013-07-22 15:10:41.167226	\N	\N
6	CON006	Angola	Angola	t	1	2013-07-22 15:10:41.167226	\N	\N
7	CON007	Anguilla	Anguilla	t	1	2013-07-22 15:10:41.167226	\N	\N
8	CON008	Antarctica	Antarctica	t	1	2013-07-22 15:10:41.167226	\N	\N
9	CON009	Antigua and Barbuda	Antigua and Barbuda	t	1	2013-07-22 15:10:41.167226	\N	\N
10	CON010	Argentina	Argentina	t	1	2013-07-22 15:10:41.167226	\N	\N
11	CON011	Armenia	Armenia	t	1	2013-07-22 15:10:41.167226	\N	\N
12	CON012	Aruba	Aruba	t	1	2013-07-22 15:10:41.167226	\N	\N
13	CON013	Australia	Australia	t	1	2013-07-22 15:10:41.167226	\N	\N
14	CON014	Austria	Austria	t	1	2013-07-22 15:10:41.167226	\N	\N
15	CON015	Azerbaijan	Azerbaijan	t	1	2013-07-22 15:10:41.167226	\N	\N
16	CON016	Bahamas	Bahamas	t	1	2013-07-22 15:10:41.167226	\N	\N
17	CON017	Bahrain	Bahrain	t	1	2013-07-22 15:10:41.167226	\N	\N
18	CON018	Bangladesh	Bangladesh	t	1	2013-07-22 15:10:41.167226	\N	\N
19	CON019	Barbados	Barbados	t	1	2013-07-22 15:10:41.167226	\N	\N
20	CON020	Belarus	Belarus	t	1	2013-07-22 15:10:41.167226	\N	\N
21	CON021	Belgium	Belgium	t	1	2013-07-22 15:10:41.167226	\N	\N
22	CON022	Belize	Belize	t	1	2013-07-22 15:10:41.167226	\N	\N
23	CON023	Benin	Benin	t	1	2013-07-22 15:10:41.167226	\N	\N
24	CON024	Bermuda	Bermuda	t	1	2013-07-22 15:10:41.167226	\N	\N
25	CON025	Bhutan	Bhutan	t	1	2013-07-22 15:10:41.167226	\N	\N
26	CON026	Bolivia	Bolivia	t	1	2013-07-22 15:10:41.167226	\N	\N
27	CON027	Bosnia and Herzegovina	Bosnia and Herzegovina	t	1	2013-07-22 15:10:41.167226	\N	\N
28	CON028	Botswana	Botswana	t	1	2013-07-22 15:10:41.167226	\N	\N
29	CON029	Brazil	Brazil	t	1	2013-07-22 15:10:41.167226	\N	\N
30	CON030	Brunei Darussalam	Brunei Darussalam	t	1	2013-07-22 15:10:41.167226	\N	\N
31	CON031	Bulgaria	Bulgaria	t	1	2013-07-22 15:10:41.167226	\N	\N
32	CON032	Burkina Faso	Burkina Faso	t	1	2013-07-22 15:10:41.167226	\N	\N
33	CON033	Burundi	Burundi	t	1	2013-07-22 15:10:41.167226	\N	\N
34	CON034	Cambodia	Cambodia	t	1	2013-07-22 15:10:41.167226	\N	\N
35	CON035	Cameroon	Cameroon	t	1	2013-07-22 15:10:41.167226	\N	\N
36	CON036	Canada	Canada	t	1	2013-07-22 15:10:41.167226	\N	\N
37	CON037	Cape Verde	Cape Verde	t	1	2013-07-22 15:10:41.167226	\N	\N
38	CON038	Cayman Islands	Cayman Islands	t	1	2013-07-22 15:10:41.167226	\N	\N
39	CON039	Central African Republic	Central African Republic	t	1	2013-07-22 15:10:41.167226	\N	\N
40	CON040	Chad	Chad	t	1	2013-07-22 15:10:41.167226	\N	\N
41	CON041	Chile	Chile	t	1	2013-07-22 15:10:41.167226	\N	\N
42	CON042	China	China	t	1	2013-07-22 15:10:41.167226	\N	\N
43	CON043	Christmas Island	Christmas Island	t	1	2013-07-22 15:10:41.167226	\N	\N
44	CON044	Cocos (Keeling) Islands	Cocos (Keeling) Islands	t	1	2013-07-22 15:10:41.167226	\N	\N
45	CON045	Colombia	Colombia	t	1	2013-07-22 15:10:41.167226	\N	\N
46	CON046	Comoros	Comoros	t	1	2013-07-22 15:10:41.167226	\N	\N
47	CON047	Democratic Republic of the Congo (Kinshasa)	Democratic Republic of the Congo (Kinshasa)	t	1	2013-07-22 15:10:41.167226	\N	\N
48	CON048	Congo, Republic of (Brazzaville)	Congo, Republic of (Brazzaville)	t	1	2013-07-22 15:10:41.167226	\N	\N
49	CON049	Cook Islands	Cook Islands	t	1	2013-07-22 15:10:41.167226	\N	\N
50	CON050	Costa Rica	Costa Rica	t	1	2013-07-22 15:10:41.167226	\N	\N
51	CON051	Ivory Coast	Ivory Coast	t	1	2013-07-22 15:10:41.167226	\N	\N
52	CON052	Croatia	Croatia	t	1	2013-07-22 15:10:41.167226	\N	\N
53	CON053	Cuba	Cuba	t	1	2013-07-22 15:10:41.167226	\N	\N
54	CON054	Cyprus	Cyprus	t	1	2013-07-22 15:10:41.167226	\N	\N
55	CON055	Czech Republic	Czech Republic	t	1	2013-07-22 15:10:41.167226	\N	\N
56	CON056	Denmark	Denmark	t	1	2013-07-22 15:10:41.167226	\N	\N
57	CON057	Djibouti	Djibouti	t	1	2013-07-22 15:10:41.167226	\N	\N
58	CON058	Dominica	Dominica	t	1	2013-07-22 15:10:41.167226	\N	\N
59	CON059	Dominican Republic	Dominican Republic	t	1	2013-07-22 15:10:41.167226	\N	\N
60	CON060	East Timor (Timor-Leste)	East Timor (Timor-Leste)	t	1	2013-07-22 15:10:41.167226	\N	\N
61	CON061	Ecuador	Ecuador	t	1	2013-07-22 15:10:41.167226	\N	\N
62	CON062	Egypt	Egypt	t	1	2013-07-22 15:10:41.167226	\N	\N
63	CON063	El Salvador	El Salvador	t	1	2013-07-22 15:10:41.167226	\N	\N
64	CON064	Equatorial Guinea	Equatorial Guinea	t	1	2013-07-22 15:10:41.167226	\N	\N
65	CON065	Eritrea	Eritrea	t	1	2013-07-22 15:10:41.167226	\N	\N
66	CON066	Estonia	Estonia	t	1	2013-07-22 15:10:41.167226	\N	\N
67	CON067	Ethiopia	Ethiopia	t	1	2013-07-22 15:10:41.167226	\N	\N
68	CON068	Falkland Islands	Falkland Islands	t	1	2013-07-22 15:10:41.167226	\N	\N
69	CON069	Faroe Islands	Faroe Islands	t	1	2013-07-22 15:10:41.167226	\N	\N
70	CON070	Fiji	Fiji	t	1	2013-07-22 15:10:41.167226	\N	\N
71	CON071	Finland	Finland	t	1	2013-07-22 15:10:41.167226	\N	\N
72	CON072	France	France	t	1	2013-07-22 15:10:41.167226	\N	\N
73	CON073	French Guiana	French Guiana	t	1	2013-07-22 15:10:41.167226	\N	\N
74	CON074	French Polynesia	French Polynesia	t	1	2013-07-22 15:10:41.167226	\N	\N
75	CON075	French Southern Territories	French Southern Territories	t	1	2013-07-22 15:10:41.167226	\N	\N
76	CON076	Gabon	Gabon	t	1	2013-07-22 15:10:41.167226	\N	\N
77	CON077	Gambia	Gambia	t	1	2013-07-22 15:10:41.167226	\N	\N
78	CON078	Georgia	Georgia	t	1	2013-07-22 15:10:41.167226	\N	\N
79	CON079	Germany	Germany	t	1	2013-07-22 15:10:41.167226	\N	\N
80	CON080	Ghana	Ghana	t	1	2013-07-22 15:10:41.167226	\N	\N
81	CON081	Gibraltar	Gibraltar	t	1	2013-07-22 15:10:41.167226	\N	\N
82	CON082	Great Britain	Great Britain	t	1	2013-07-22 15:10:41.167226	\N	\N
83	CON083	Greece	Greece	t	1	2013-07-22 15:10:41.167226	\N	\N
84	CON084	Greenland	Greenland	t	1	2013-07-22 15:10:41.167226	\N	\N
85	CON085	Grenada	Grenada	t	1	2013-07-22 15:10:41.167226	\N	\N
86	CON086	Guadeloupe	Guadeloupe	t	1	2013-07-22 15:10:41.167226	\N	\N
87	CON087	Guam	Guam	t	1	2013-07-22 15:10:41.167226	\N	\N
88	CON088	Guatemala	Guatemala	t	1	2013-07-22 15:10:41.167226	\N	\N
89	CON089	Guinea	Guinea	t	1	2013-07-22 15:10:41.167226	\N	\N
90	CON090	Guinea-Bissau	Guinea-Bissau	t	1	2013-07-22 15:10:41.167226	\N	\N
91	CON091	Guyana	Guyana	t	1	2013-07-22 15:10:41.167226	\N	\N
92	CON092	Haiti	Haiti	t	1	2013-07-22 15:10:41.167226	\N	\N
93	CON093	Holy See	Holy See	t	1	2013-07-22 15:10:41.167226	\N	\N
94	CON094	Honduras	Honduras	t	1	2013-07-22 15:10:41.167226	\N	\N
95	CON095	Hong Kong	Hong Kong	t	1	2013-07-22 15:10:41.167226	\N	\N
96	CON096	Hungary	Hungary	t	1	2013-07-22 15:10:41.167226	\N	\N
97	CON097	Iceland	Iceland	t	1	2013-07-22 15:10:41.167226	\N	\N
98	CON098	India	India	t	1	2013-07-22 15:10:41.167226	\N	\N
99	CON099	Indonesia	Indonesia	t	1	2013-07-22 15:10:41.167226	\N	\N
100	CON100	Iran (Islamic Republic of)	Iran (Islamic Republic of)	t	1	2013-07-22 15:10:41.167226	\N	\N
101	CON101	Iraq	Iraq	t	1	2013-07-22 15:10:41.167226	\N	\N
102	CON102	Ireland	Ireland	t	1	2013-07-22 15:10:41.167226	\N	\N
103	CON103	Israel	Israel	t	1	2013-07-22 15:10:41.167226	\N	\N
104	CON104	Italy	Italy	t	1	2013-07-22 15:10:41.167226	\N	\N
105	CON105	Jamaica	Jamaica	t	1	2013-07-22 15:10:41.167226	\N	\N
106	CON106	Japan	Japan	t	1	2013-07-22 15:10:41.167226	\N	\N
107	CON107	Jordan	Jordan	t	1	2013-07-22 15:10:41.167226	\N	\N
108	CON108	Kazakhstan	Kazakhstan	t	1	2013-07-22 15:10:41.167226	\N	\N
109	CON109	Kenya	Kenya	t	1	2013-07-22 15:10:41.167226	\N	\N
110	CON110	Kiribati	Kiribati	t	1	2013-07-22 15:10:41.167226	\N	\N
111	CON111	North Korea	North Korea	t	1	2013-07-22 15:10:41.167226	\N	\N
112	CON112	South Korea	South Korea	t	1	2013-07-22 15:10:41.167226	\N	\N
113	CON113	Kosovo	Kosovo	t	1	2013-07-22 15:10:41.167226	\N	\N
114	CON114	Kuwait	Kuwait	t	1	2013-07-22 15:10:41.167226	\N	\N
115	CON115	Kyrgyzstan	Kyrgyzstan	t	1	2013-07-22 15:10:41.167226	\N	\N
116	CON116	Lao, Peoples Democratic Republic	Lao, Peoples Democratic Republic	t	1	2013-07-22 15:10:41.167226	\N	\N
117	CON117	Latvia	Latvia	t	1	2013-07-22 15:10:41.167226	\N	\N
118	CON118	Lebanon	Lebanon	t	1	2013-07-22 15:10:41.167226	\N	\N
119	CON119	Lesotho	Lesotho	t	1	2013-07-22 15:10:41.167226	\N	\N
120	CON120	Liberia	Liberia	t	1	2013-07-22 15:10:41.167226	\N	\N
121	CON121	Libya	Libya	t	1	2013-07-22 15:10:41.167226	\N	\N
122	CON122	Liechtenstein	Liechtenstein	t	1	2013-07-22 15:10:41.167226	\N	\N
123	CON123	Lithuania	Lithuania	t	1	2013-07-22 15:10:41.167226	\N	\N
124	CON124	Luxembourg	Luxembourg	t	1	2013-07-22 15:10:41.167226	\N	\N
125	CON125	Macau	Macau	t	1	2013-07-22 15:10:41.167226	\N	\N
126	CON126	Macedonia, Rep. of	Macedonia, Rep. of	t	1	2013-07-22 15:10:41.167226	\N	\N
127	CON127	Madagascar	Madagascar	t	1	2013-07-22 15:10:41.167226	\N	\N
128	CON128	Malawi	Malawi	t	1	2013-07-22 15:10:41.167226	\N	\N
129	CON129	Malaysia	Malaysia	t	1	2013-07-22 15:10:41.167226	\N	\N
130	CON130	Maldives	Maldives	t	1	2013-07-22 15:10:41.167226	\N	\N
131	CON131	Mali	Mali	t	1	2013-07-22 15:10:41.167226	\N	\N
132	CON132	Malta	Malta	t	1	2013-07-22 15:10:41.167226	\N	\N
133	CON133	Marshall Islands	Marshall Islands	t	1	2013-07-22 15:10:41.167226	\N	\N
134	CON134	Martinique	Martinique	t	1	2013-07-22 15:10:41.167226	\N	\N
135	CON135	Mauritania	Mauritania	t	1	2013-07-22 15:10:41.167226	\N	\N
136	CON136	Mauritius	Mauritius	t	1	2013-07-22 15:10:41.167226	\N	\N
137	CON137	Mayotte	Mayotte	t	1	2013-07-22 15:10:41.167226	\N	\N
138	CON138	Mexico	Mexico	t	1	2013-07-22 15:10:41.167226	\N	\N
139	CON139	Micronesia, Federal States of	Micronesia, Federal States of	t	1	2013-07-22 15:10:41.167226	\N	\N
140	CON140	Moldova, Republic of	Moldova, Republic of	t	1	2013-07-22 15:10:41.167226	\N	\N
141	CON141	Monaco	Monaco	t	1	2013-07-22 15:10:41.167226	\N	\N
142	CON142	Mongolia	Mongolia	t	1	2013-07-22 15:10:41.167226	\N	\N
143	CON143	Montenegro	Montenegro	t	1	2013-07-22 15:10:41.167226	\N	\N
144	CON144	Montserrat	Montserrat	t	1	2013-07-22 15:10:41.167226	\N	\N
145	CON145	Morocco	Morocco	t	1	2013-07-22 15:10:41.167226	\N	\N
146	CON146	Mozambique	Mozambique	t	1	2013-07-22 15:10:41.167226	\N	\N
147	CON147	Myanmar, Burma	Myanmar, Burma	t	1	2013-07-22 15:10:41.167226	\N	\N
148	CON148	Namibia	Namibia	t	1	2013-07-22 15:10:41.167226	\N	\N
149	CON149	Nauru	Nauru	t	1	2013-07-22 15:10:41.167226	\N	\N
150	CON150	Nepal	Nepal	t	1	2013-07-22 15:10:41.167226	\N	\N
151	CON151	Netherlands	Netherlands	t	1	2013-07-22 15:10:41.167226	\N	\N
152	CON152	Netherlands Antilles	Netherlands Antilles	t	1	2013-07-22 15:10:41.167226	\N	\N
153	CON153	New Caledonia	New Caledonia	t	1	2013-07-22 15:10:41.167226	\N	\N
154	CON154	New Zealand	New Zealand	t	1	2013-07-22 15:10:41.167226	\N	\N
155	CON155	Nicaragua	Nicaragua	t	1	2013-07-22 15:10:41.167226	\N	\N
156	CON156	Niger	Niger	t	1	2013-07-22 15:10:41.167226	\N	\N
157	CON157	Nigeria	Nigeria	t	1	2013-07-22 15:10:41.167226	\N	\N
158	CON158	Niue	Niue	t	1	2013-07-22 15:10:41.167226	\N	\N
159	CON159	Northern Mariana Islands	Northern Mariana Islands	t	1	2013-07-22 15:10:41.167226	\N	\N
160	CON160	Norway	Norway	t	1	2013-07-22 15:10:41.167226	\N	\N
161	CON161	Oman	Oman	t	1	2013-07-22 15:10:41.167226	\N	\N
162	CON162	Pakistan	Pakistan	t	1	2013-07-22 15:10:41.167226	\N	\N
163	CON163	Palau	Palau	t	1	2013-07-22 15:10:41.167226	\N	\N
164	CON164	Palestinian territories	Palestinian territories	t	1	2013-07-22 15:10:41.167226	\N	\N
165	CON165	Panama	Panama	t	1	2013-07-22 15:10:41.167226	\N	\N
166	CON166	Papua New Guinea	Papua New Guinea	t	1	2013-07-22 15:10:41.167226	\N	\N
167	CON167	Paraguay	Paraguay	t	1	2013-07-22 15:10:41.167226	\N	\N
168	CON168	Peru	Peru	t	1	2013-07-22 15:10:41.167226	\N	\N
169	CON169	Philippines	Philippines	t	1	2013-07-22 15:10:41.167226	\N	\N
170	CON170	Pitcairn Island	Pitcairn Island	t	1	2013-07-22 15:10:41.167226	\N	\N
171	CON171	Poland	Poland	t	1	2013-07-22 15:10:41.167226	\N	\N
172	CON172	Portugal	Portugal	t	1	2013-07-22 15:10:41.167226	\N	\N
173	CON173	Puerto Rico	Puerto Rico	t	1	2013-07-22 15:10:41.167226	\N	\N
174	CON174	Qatar	Qatar	t	1	2013-07-22 15:10:41.167226	\N	\N
175	CON175	Reunion Island	Reunion Island	t	1	2013-07-22 15:10:41.167226	\N	\N
176	CON176	Romania	Romania	t	1	2013-07-22 15:10:41.167226	\N	\N
177	CON177	Russian Federation	Russian Federation	t	1	2013-07-22 15:10:41.167226	\N	\N
178	CON178	Rwanda	Rwanda	t	1	2013-07-22 15:10:41.167226	\N	\N
179	CON179	Saint Kitts and Nevis	Saint Kitts and Nevis	t	1	2013-07-22 15:10:41.167226	\N	\N
180	CON180	Saint Lucia	Saint Lucia	t	1	2013-07-22 15:10:41.167226	\N	\N
181	CON181	Saint Vincent and the Grenadines	Saint Vincent and the Grenadines	t	1	2013-07-22 15:10:41.167226	\N	\N
182	CON182	Samoa	Samoa	t	1	2013-07-22 15:10:41.167226	\N	\N
183	CON183	San Marino	San Marino	t	1	2013-07-22 15:10:41.167226	\N	\N
184	CON184	Sao Tome and Principe	Sao Tome and Principe	t	1	2013-07-22 15:10:41.167226	\N	\N
185	CON185	Saudi Arabia	Saudi Arabia	t	1	2013-07-22 15:10:41.167226	\N	\N
186	CON186	Senegal	Senegal	t	1	2013-07-22 15:10:41.167226	\N	\N
187	CON187	Serbia	Serbia	t	1	2013-07-22 15:10:41.167226	\N	\N
188	CON188	Seychelles	Seychelles	t	1	2013-07-22 15:10:41.167226	\N	\N
189	CON189	Sierra Leone	Sierra Leone	t	1	2013-07-22 15:10:41.167226	\N	\N
190	CON190	Singapore	Singapore	t	1	2013-07-22 15:10:41.167226	\N	\N
191	CON191	Slovakia (Slovak Republic)	Slovakia (Slovak Republic)	t	1	2013-07-22 15:10:41.167226	\N	\N
192	CON192	Slovenia	Slovenia	t	1	2013-07-22 15:10:41.167226	\N	\N
193	CON193	Solomon Islands	Solomon Islands	t	1	2013-07-22 15:10:41.167226	\N	\N
194	CON194	Somalia	Somalia	t	1	2013-07-22 15:10:41.167226	\N	\N
195	CON195	South Africa	South Africa	t	1	2013-07-22 15:10:41.167226	\N	\N
196	CON196	South Sudan	South Sudan	t	1	2013-07-22 15:10:41.167226	\N	\N
197	CON197	Spain	Spain	t	1	2013-07-22 15:10:41.167226	\N	\N
198	CON198	Sri Lanka	Sri Lanka	t	1	2013-07-22 15:10:41.167226	\N	\N
199	CON199	Sudan	Sudan	t	1	2013-07-22 15:10:41.167226	\N	\N
200	CON200	Suriname	Suriname	t	1	2013-07-22 15:10:41.167226	\N	\N
201	CON201	Swaziland	Swaziland	t	1	2013-07-22 15:10:41.167226	\N	\N
202	CON202	Sweden	Sweden	t	1	2013-07-22 15:10:41.167226	\N	\N
203	CON203	Switzerland	Switzerland	t	1	2013-07-22 15:10:41.167226	\N	\N
204	CON204	Syria, Syrian Arab Republic	Syria, Syrian Arab Republic	t	1	2013-07-22 15:10:41.167226	\N	\N
205	CON205	Taiwan	Taiwan	t	1	2013-07-22 15:10:41.167226	\N	\N
206	CON206	Tajikistan	Tajikistan	t	1	2013-07-22 15:10:41.167226	\N	\N
207	CON207	Tanzania	Tanzania	t	1	2013-07-22 15:10:41.167226	\N	\N
208	CON208	Thailand	Thailand	t	1	2013-07-22 15:10:41.167226	\N	\N
209	CON209	Tibet	Tibet	t	1	2013-07-22 15:10:41.167226	\N	\N
210	CON210	Timor-Leste (East Timor)	Timor-Leste (East Timor)	t	1	2013-07-22 15:10:41.167226	\N	\N
211	CON211	Togo	Togo	t	1	2013-07-22 15:10:41.167226	\N	\N
212	CON212	Tokelau	Tokelau	t	1	2013-07-22 15:10:41.167226	\N	\N
213	CON213	Tonga	Tonga	t	1	2013-07-22 15:10:41.167226	\N	\N
214	CON214	Trinidad and Tobago	Trinidad and Tobago	t	1	2013-07-22 15:10:41.167226	\N	\N
215	CON215	Tunisia	Tunisia	t	1	2013-07-22 15:10:41.167226	\N	\N
216	CON216	Turkey	Turkey	t	1	2013-07-22 15:10:41.167226	\N	\N
217	CON217	Turkmenistan	Turkmenistan	t	1	2013-07-22 15:10:41.167226	\N	\N
218	CON218	Turks and Caicos Islands	Turks and Caicos Islands	t	1	2013-07-22 15:10:41.167226	\N	\N
219	CON219	Tuvalu	Tuvalu	t	1	2013-07-22 15:10:41.167226	\N	\N
220	CON220	Uganda	Uganda	t	1	2013-07-22 15:10:41.167226	\N	\N
221	CON221	Ukraine	Ukraine	t	1	2013-07-22 15:10:41.167226	\N	\N
222	CON222	United Arab Emirates	United Arab Emirates	t	1	2013-07-22 15:10:41.167226	\N	\N
223	CON223	United Kingdom	United Kingdom	t	1	2013-07-22 15:10:41.167226	\N	\N
224	CON224	United States	United States	t	1	2013-07-22 15:10:41.167226	\N	\N
225	CON225	Uruguay	Uruguay	t	1	2013-07-22 15:10:41.167226	\N	\N
226	CON226	Uzbekistan	Uzbekistan	t	1	2013-07-22 15:10:41.167226	\N	\N
227	CON227	Vanuatu	Vanuatu	t	1	2013-07-22 15:10:41.167226	\N	\N
228	CON228	Vatican City State (Holy See)	Vatican City State (Holy See)	t	1	2013-07-22 15:10:41.167226	\N	\N
229	CON229	Venezuela	Venezuela	t	1	2013-07-22 15:10:41.167226	\N	\N
230	CON230	Vietnam	Vietnam	t	1	2013-07-22 15:10:41.167226	\N	\N
231	CON231	Virgin Islands (British)	Virgin Islands (British)	t	1	2013-07-22 15:10:41.167226	\N	\N
232	CON232	Virgin Islands (U.S.)	Virgin Islands (U.S.)	t	1	2013-07-22 15:10:41.167226	\N	\N
233	CON233	Wallis and Futuna Islands	Wallis and Futuna Islands	t	1	2013-07-22 15:10:41.167226	\N	\N
234	CON234	Western Sahara	Western Sahara	t	1	2013-07-22 15:10:41.167226	\N	\N
235	CON235	Yemen	Yemen	t	1	2013-07-22 15:10:41.167226	\N	\N
236	CON236	Zambia	Zambia	t	1	2013-07-22 15:10:41.167226	\N	\N
237	CON237	Zimbabwe	Zimbabwe	t	1	2013-07-22 15:10:41.167226	\N	\N
1	CON001	Afganistan	Afganistan	t	1	2013-07-22 15:10:41.167226	1	2016-09-10 20:28:23.937
\.


--
-- Data for Name: currency; Type: TABLE DATA; Schema: public; Owner: weddfix
--

COPY currency (id, currency, currencydesc, isactive, createdby, createddate, updatedby, updateddate) FROM stdin;
1	IND Rs.	IND Rs.	t	1	2016-08-17 23:59:50.465	\N	\N
\.


--
-- Data for Name: directoryaccountdetails; Type: TABLE DATA; Schema: public; Owner: weddfix
--

COPY directoryaccountdetails (id, userid, accounttype, deleteprofilereason, isprofiledeleted, verifymobilenumber, verifyemailid, verifiedmobilenumber, verifiedemailid, transactionid, transactionstatus, status, createdby, createddate, updatedby, updateddate) FROM stdin;
1	1	1	\N	f	279401	413313	t	f	\N	\N	1	1	2016-12-04 12:33:25.947	1	2016-12-25 00:00:00
3	3	1	\N	f	563959	454829	t	f	\N	\N	1	3	2016-12-17 20:13:10.155	3	2016-12-25 00:00:00
28	28	1	\N	f	586782	373712	t	f	\N	\N	1	28	2017-03-06 16:06:34.268	28	2017-03-06 00:00:00
4	4	1	\N	f	503793	547522	t	f	\N	\N	1	4	2016-12-27 20:06:19.505	1	2017-01-05 00:00:00
6	6	1	\N	f	270900	441888	f	f	\N	\N	1	6	2017-01-04 17:32:48.824	1	2017-01-05 00:00:00
33	33	1	\N	f	995647	766840	t	f	\N	\N	1	33	2017-03-15 19:26:49.458	33	2017-03-17 00:00:00
8	8	1	\N	f	473638	686585	f	f	\N	\N	1	8	2017-02-14 18:47:22.488	\N	\N
9	9	1	\N	f	161920	425353	f	f	\N	\N	1	9	2017-02-16 08:02:23.84	\N	\N
10	10	1	\N	f	763094	596789	f	f	\N	\N	1	10	2017-02-16 08:04:09.655	\N	\N
11	11	1	\N	f	999483	605132	f	f	\N	\N	1	11	2017-02-16 08:35:33.413	\N	\N
12	12	1	\N	f	170538	232267	f	f	\N	\N	1	12	2017-02-16 08:37:00.194	\N	\N
13	13	1	\N	f	809530	290765	f	f	\N	\N	1	13	2017-02-16 08:38:16.227	\N	\N
14	14	1	\N	f	497438	337646	f	f	\N	\N	1	14	2017-02-16 08:38:55.234	\N	\N
15	15	1	\N	f	761247	507055	f	f	\N	\N	1	15	2017-02-16 08:44:09.494	\N	\N
16	16	1	\N	f	917176	116343	f	f	\N	\N	1	16	2017-02-16 08:58:44.741	\N	\N
17	17	1	\N	f	192047	122085	f	f	\N	\N	1	17	2017-02-16 09:14:14.678	\N	\N
18	18	1	\N	f	963629	658499	f	f	\N	\N	1	18	2017-02-17 06:13:26.075	\N	\N
22	22	1	\N	f	975901	604759	t	f	\N	\N	1	22	2017-02-18 10:29:06.916	22	2017-02-18 00:00:00
27	27	1	\N	f	629664	362508	f	f	\N	\N	1	27	2017-03-06 07:26:10.902	27	2017-03-06 00:00:00
19	19	1	\N	f	966805	474459	f	f	\N	\N	1	19	2017-02-17 11:11:43.446	\N	\N
29	29	1	\N	f	384231	419478	t	f	\N	\N	1	29	2017-03-07 06:35:54.99	29	2017-03-07 00:00:00
24	24	1	\N	f	937882	173249	f	f	\N	\N	1	24	2017-02-18 10:49:23.932	24	2017-02-18 00:00:00
31	31	1	\N	f	869771	543108	f	f	\N	\N	1	31	2017-03-12 05:59:34.228	\N	\N
23	23	1	\N	f	539576	272579	t	f	\N	\N	1	23	2017-02-18 10:35:25.159	23	2017-02-18 00:00:00
21	21	1	\N	f	491031	387965	t	f	\N	\N	1	21	2017-02-18 09:58:29.704	21	2017-02-19 00:00:00
30	30	1	\N	f	694690	951130	t	f	\N	\N	1	30	2017-03-08 05:45:14.427	30	2017-03-08 00:00:00
25	25	1	\N	f	918250	957740	f	f	\N	\N	1	25	2017-03-05 20:25:33.045	\N	\N
20	20	1	\N	f	641692	866794	t	f	\N	\N	1	20	2017-02-18 07:54:07.474	20	2017-02-18 00:00:00
32	32	1	\N	f	165740	229380	f	f	\N	\N	1	32	2017-03-15 13:25:00.714	\N	\N
45	45	1	\N	f	990026	271681	t	f	\N	\N	1	45	2017-04-09 04:41:22.273	45	2017-04-09 00:00:00
46	46	1	\N	f	514019	720993	f	f	\N	\N	1	46	2017-04-09 11:24:52.312	\N	\N
47	47	1	\N	f	316067	264237	f	f	\N	\N	1	47	2017-04-09 11:31:11.204	\N	\N
51	51	1	\N	f	587835	410923	f	f	\N	\N	1	51	2017-04-14 23:22:29.168	51	2017-04-14 00:00:00
34	34	1	\N	f	582363	264676	f	f	\N	\N	1	34	2017-03-25 04:24:38.131	\N	\N
57	57	1	\N	f	562528	260535	t	f	\N	\N	1	57	2017-05-01 05:08:26.594	57	2017-05-01 00:00:00
48	48	1	\N	f	661040	898453	t	f	\N	\N	1	48	2017-04-09 11:46:19.5	48	2017-04-09 00:00:00
35	35	1	\N	f	850362	466416	f	f	\N	\N	1	35	2017-03-25 04:53:26.939	\N	\N
36	36	1	\N	f	333827	348202	f	f	\N	\N	1	36	2017-03-25 05:12:14.873	\N	\N
37	37	1	\N	f	288153	740517	f	f	\N	\N	1	37	2017-03-25 05:25:13.605	\N	\N
38	38	1	\N	f	803317	579146	f	f	\N	\N	1	38	2017-03-25 05:29:20.509	\N	\N
39	39	1	\N	f	766760	756426	f	f	\N	\N	1	39	2017-03-25 05:31:11.626	\N	\N
40	40	1	\N	f	657238	756665	f	f	\N	\N	1	40	2017-03-25 05:36:26.489	\N	\N
41	41	1	\N	f	867960	135143	f	f	\N	\N	1	41	2017-03-29 06:05:22.397	\N	\N
42	42	1	\N	f	428612	323045	f	f	\N	\N	1	42	2017-03-29 06:09:24.17	\N	\N
5	5	1	\N	f	583077	192292	t	f	\N	\N	1	5	2016-12-28 06:09:41.64	5	2017-06-17 00:00:00
49	49	1	\N	f	413028	856896	f	f	\N	\N	1	49	2017-04-14 13:00:27.076	49	2017-04-14 00:00:00
55	55	1	\N	f	159547	381828	f	f	\N	\N	1	55	2017-04-29 04:05:48.222	\N	\N
2	2	1	\N	f	933383	887578	t	f	\N	\N	1	2	2016-12-10 15:58:31.529	2	2017-06-18 00:00:00
26	26	1	\N	f	178397	276362	f	f	\N	\N	1	26	2017-03-06 04:43:17.154	26	2017-05-07 00:00:00
50	50	1	\N	f	165640	204357	f	f	\N	\N	1	50	2017-04-14 13:04:52.05	50	2017-04-14 00:00:00
61	61	1	\N	f	594914	135776	f	f	\N	\N	1	61	2017-05-26 19:59:25.404	\N	\N
43	43	1	\N	f	224370	731462	f	f	\N	\N	1	43	2017-04-06 02:31:21.302	\N	\N
58	58	1	\N	f	412691	738524	f	f	\N	\N	1	58	2017-05-24 06:11:00.737	\N	\N
44	44	1	\N	f	481526	478616	f	f	\N	\N	1	44	2017-04-09 04:39:03.87	44	2017-04-09 00:00:00
56	56	1	\N	f	874723	470262	f	f	\N	\N	1	56	2017-05-01 04:39:39.932	56	2017-05-01 00:00:00
52	52	1	\N	f	396018	361975	f	f	\N	\N	1	52	2017-04-20 23:07:18.405	52	2017-04-20 00:00:00
53	53	1	\N	f	400418	126281	f	f	\N	\N	1	53	2017-04-24 04:58:33.164	\N	\N
54	54	1	\N	f	278604	976495	f	f	\N	\N	1	54	2017-04-24 07:59:16.203	54	2017-04-24 00:00:00
62	62	1	\N	f	653761	474298	f	f	\N	\N	1	62	2017-05-26 20:10:22.463	\N	\N
59	59	1	\N	f	303289	672047	t	f	\N	\N	1	59	2017-05-24 06:18:30.844	59	2017-05-24 00:00:00
60	60	1	\N	f	145762	225104	f	f	\N	\N	1	60	2017-05-24 06:25:07.371	\N	\N
63	63	1	\N	f	297206	131703	f	f	\N	\N	1	63	2017-05-26 20:11:04.678	\N	\N
64	64	1	\N	f	846413	908982	f	f	\N	\N	1	64	2017-05-26 20:17:26.793	\N	\N
67	67	1	\N	f	531830	182104	f	f	\N	\N	1	67	2017-05-30 22:08:14.736	\N	\N
65	65	1	\N	f	694797	750517	f	f	\N	\N	1	65	2017-05-27 07:23:58.563	\N	\N
66	66	1	\N	f	958255	956765	f	f	\N	\N	1	66	2017-05-27 07:24:39.327	\N	\N
7	7	1	\N	f	969068	820762	t	f	\N	\N	1	7	2017-02-02 09:42:30.818	7	2017-05-27 00:00:00
68	68	1	\N	f	310128	936450	f	f	\N	\N	1	68	2017-05-30 22:10:11.658	68	2017-05-30 00:00:00
69	69	1	\N	f	872531	903694	f	f	\N	\N	1	69	2017-05-30 22:31:42.355	69	2017-05-30 00:00:00
70	70	1	\N	f	557050	156560	f	f	\N	\N	1	70	2017-06-13 02:10:18.684	70	2017-06-13 00:00:00
71	71	1	\N	f	179584	327355	f	f	\N	\N	1	71	2017-06-13 02:20:53.406	71	2017-06-13 00:00:00
72	72	1	\N	f	962713	593484	f	f	\N	\N	1	72	2017-06-13 09:41:13.302	72	2017-06-13 00:00:00
74	74	1	\N	f	167665	452958	f	f	\N	\N	1	74	2017-06-13 19:03:06.86	74	2017-06-13 00:00:00
75	75	1	\N	f	105717	167612	f	f	\N	\N	1	75	2017-06-13 19:19:22.18	75	2017-06-13 00:00:00
76	76	1	\N	f	927972	569778	f	f	\N	\N	1	76	2017-06-13 19:28:00.089	76	2017-06-13 00:00:00
77	77	1	\N	f	288957	257241	f	f	\N	\N	1	77	2017-06-13 19:47:22.712	\N	\N
78	78	1	\N	f	390204	255182	f	f	\N	\N	1	78	2017-06-13 19:48:12.274	78	2017-06-13 00:00:00
79	79	1	\N	f	357339	615405	f	f	\N	\N	1	79	2017-06-13 22:43:53.326	\N	\N
80	80	1	\N	f	426314	562569	f	f	\N	\N	1	80	2017-06-13 22:45:31.901	\N	\N
81	81	1	\N	f	219653	309626	f	f	\N	\N	1	81	2017-06-13 22:47:35.124	\N	\N
82	82	1	\N	f	637368	530589	f	f	\N	\N	1	82	2017-06-13 23:56:23.545	\N	\N
73	73	1	\N	f	233205	811054	f	f	\N	\N	1	73	2017-06-13 18:41:02.437	73	2017-06-14 00:00:00
83	83	1	\N	f	870802	268814	f	f	\N	\N	1	83	2017-06-14 00:26:50.708	83	2017-06-14 00:00:00
84	84	1	\N	f	653272	594554	t	f	\N	\N	1	84	2017-06-18 03:11:49.684	84	2017-06-18 00:00:00
85	85	1	\N	f	739790	592885	f	f	\N	\N	1	85	2017-06-18 03:17:44.095	85	2017-06-18 00:00:00
\.


--
-- Data for Name: directorycartdetails; Type: TABLE DATA; Schema: public; Owner: weddfix
--

COPY directorycartdetails (id, userid, planid, plantype, statusid, createdby, createddate, updatedby, updateddate, categoryinfoid) FROM stdin;
1	5	4	UPGRADE	1	5	2016-12-28 06:17:57.851	\N	\N	\N
3	24	3	UPGRADE	1	24	2017-01-21 11:52:43.384	\N	\N	22
2	6	3	UPGRADE	1	6	2017-01-06 08:17:09.482	6	2017-02-21 00:00:00	\N
4	40	3	UPGRADE	1	40	2017-05-07 10:50:32.108	\N	\N	60
\.


--
-- Data for Name: directorycategoryinfo; Type: TABLE DATA; Schema: public; Owner: weddfix
--

COPY directorycategoryinfo (id, companyname, contactname, mobile, phone, email, websiteurl, categoryid, subcategoryid, location, address, cityid, stateid, countryid, pincode, description, seatcapacityid, price, latitude, longitude, categorypictureid, categoryvideourl, phototype, maxrating, maxusersrating, statusid, createdby, createddate, updatedby, updateddate) FROM stdin;
6	Nidha's Beauty Zone & Spa	Nidhas	9443024347	4522301266	info@nidhasbeautystudio.com	www.nidhasbeautystudio.com	4	\N	Bye Pass Road,	68, Navalar Nagar 3rd Street, Near Meenakshi Fan House,	12	24	98	625010	Nidhas, established in the year 2003, with vast experience in bridal make over and other beauty services, committed to deliver excellent service in a complete transparent & satisfying manner. Nidhas always venture into ensuring quality & standards that our customer get when step into our premises, we strongly believe that all our customers are our partners in our mission to deliver good. \r\n\r\nWe specialize in creating a natural, radiant look - how most brides want to look and feel on their big day! On your wedding day we will help create a relaxing, calm, customer friendly atmosphere. \r\n\r\nEvery bride dreams of her wedding day and wants to be at her best appearance that day. Bridal make up is an important part of bridal dressing. along with the shinning jewellery and a gorgeous wedding dress. So its very important to know about the right kind of bridal make up that would suit the brides taste and skin tone. \r\n\r\nWe will ensure that you will look your most outstanding in any type of lighting, from indoors to outdoors.	\N	20000	https://www.google.com/maps/place/Nidha's+Beauty+Studio/@9.925621,78.096153,17z/data=!4m5!3m4!1s0x0:0x29d356fa29fdb55e!8m2!3d9.9253149!4d78.0961525?hl=en-US	\N	53	\N	C1000006	\N	\N	1	7	2017-01-08 19:38:10.887	7	2017-01-08 00:00:00
10	Easwaran Catering	A.Easwaran 	9443015701	9578687888	info@eswaranthenellaicatering.com	eswaranthenellaicatering.com	6	\N	(kamatchihospital)Opposite	89,SouthVeliStreet, Vasantham4DScan	12	24	98	625001	A.Easwaran love for food and people have fueled his desires to make every catering event special. A Easwaran will tell you, "Its no secret. Food can make or break an event. Menu, Taste, Presentation, Timing and Service all have to make sense and it all has to be perfect." Catering Experience is actively involved nationally with your wishes and started my new catering."Eswaran In Madurai No.1 The Nellai Catering Groups & Service" We are looking for your continuous supports and wishes and help us to grow with your valuable orders on your Auspicious day. We will delivered tasty food with superior quality in both "Veg"\r\n	\N	30000	https://www.google.com/maps/place/Nellai+Catering+Groups+%26+Services/@9.910367,78.13256,14z/data=!4m5!3m4!1s0x0:0x8fafef4589eb73ef!8m2!3d9.910959!4d78.121831?hl=en-US	\N	81	\N	C10000010	\N	\N	1	11	2017-01-10 02:19:39.664	11	2017-01-10 00:00:00
12	Sri Sri Sathyanarayana Caterers	Mr.S.Ramanan	9842193776	9788671390	ramanacatering@gmail.com	http://www.srisrisathyanarayanacaterers.com/	6	\N	Byepass road,	M.N.S.S Nivas,P.No:18,\r\nPonmeni Balaji Nagar 1st street,\r\nSurendran Nagar Extension,	12	24	98	625010	SriSri Sathyanarayana caterers is an exclusive catering service for brahmin marriages in Madurai and has been in this industry more years. Leveraging on our significant years of domain experience, our catering services are widely demanded by customers across the city. Our team of talented chefs have extensive and rich experience in this relevant industry and offer great dishes. Our expertise helps us to offer variety of competent services to the clients as per the occasion. Services offered by us are getting popular by the day, making us the first choice of many today.We arrange for the Sastrigal, marriage halls, Nadhaswaram & Maelam, Flowers and garlands, Thamboola Bags, Delicious dinner, mouthwatering sweets prepared hygienically and served with smile.Our service charges are nominal and reasonable. They are in accordance with the menu shortlisted by you.	\N	40000	https://www.google.com/maps/place/Sri+Sathya+Narayanan+Caterings+Madurai/@9.9197559,78.0866467,17z/data=!3m1!4b1!4m5!3m4!1s0x3b00cf73243518df:0xc751a7b50c79f85d!8m2!3d9.9197559!4d78.0888354?hl=en-US	\N	96	\N	C10000012	\N	\N	1	13	2017-01-10 03:11:52.105	13	2017-01-10 00:00:00
4	SS STUDIO	Mr.Karthik	9865842806	9578758348	ssdigitalstudiotrichy@gmail.com	http://www.ssweddingphotography.com	2	\N	Palkarai,	SS Digital Photos, 17c, Parrupukara st,	27	24	98	620001	SS Wedding Photography was established by Mr.KARTHIK in 1997. Our style of photography is contemporary with a classic twist; combining beautiful photography portraiture with dynamic reportage storytelling.\r\nI am a Tamilnadu based wedding photographer, and cover all surrounding areas. I have been taking photographs for over 10 years.\r\nMy love of landscape and nature photography, and fascination with aspect of light and seasonal changes has influenced my style of creative portraiture. I thoroughly enjoy being a wedding photographer, and I consider it a great honor to share such a special day with every couple, capturing photographic memories which will be treasured forever.\r\nProducing memorable wedding photographs requires a good understanding between the photographer and his subjects. I am able to create good pictures largely through my relaxed and personal approach, creating a rapport with each couple, all of which helps to build a trusting relationship. Careful thought and planning is given in achieving a satisfying record.\r\nOn your wedding day, my role is to work as unobtrusively as possible, allowing you to concentrate on enjoying your day. I am skilled at producing a visual commentary of weddings, combining a variety of creative, imaginative and reportage photography styles.\r\nI undertake group photography with minimal guests, preferring to allow fun and interaction between the bride & groom and the wedding party. Your wedding photography is your only lasting memory of your day, so, it is important that you choose someone with whom you can get along well.\r\n	\N	50000	https://www.google.com/maps/place/SS+Digital+Photography+(candid+pre+wedding+photographers,+videographer,birthday,marriage+engagement)/@13.04929,80.212901,13z/data=!4m8!1m2!2m1!1sS+S+Digital+Photo+Studio!3m4!1s0x0:0x497f7ee6fc411d89!8m2!3d13.0468497!4d80.2256763?hl=en-US	\N	41	\N	C1000004	\N	\N	1	4	2017-01-08 18:56:41.23	4	2017-01-08 00:00:00
2	Ramesh Studio	Ramesh	9629942968		ramesh@windowslive.com		2	\N	velur	Namakkal, velur	15	24	98	637208	i am doing studio business	\N	50000		\N	26	\N	C1000002	\N	\N	1	6	2017-01-07 06:06:16.039	6	2017-01-07 00:00:00
5	Rachnas Beauty Parlour	MONIKA	8220124220		makeoverbyrachnasbeautystudio@gmail.com	http://www.rachnasbeautystudio.com	4	\N	KK Nagar	A/7,Vasantamaligai, 100 feet road, above bata showroow,	12	24	98	625020	RACHNA'S BEAUTY STUDIO, A LADIES BEAUTY PARLOUR IN MADURAI OWNED BY RACHNA MOHANLAL. A VARIETY OF LUXURY HAIR AND BEAUTY SERVICES CATER TO A WIDE SPECTRUM OF CLIENTS WHO ENJOY THE INTIMATE AMBIANCE OF THE SALONS COUPLED WITH PERSONALIZED AND PROFESSIONAL SERVICE. WE BRING CUTTING EDGE TECHNOLOGY IN HAIR CUTTING, COLORING, STYLING, BEAUTY, SPA THERAPY AND MAKE-UP TO THE SALON. WE ARE BACKED BY A LARGE CREATIVE TEAM OF ENTHUSIASTIC HAIR STYLISTS AND BEAUTICIANS WHO MAINTAIN A HIGH STANDARD OF CUSTOMER SERVICE. THE STAFF IS TRAINED REGULARLY IN THE BEST INSTITUTES IN INDIA SO THAT RACHNAS BEAUTY STUDIO IS ALWAYS ABREAST OF CURRENT TRENDS AND LATEST TECHNIQUES.WE PROVIDE EXCLUSIVE PACKAGES FOR BRIDAL MAKEUP IN MADURAI.	\N	30000	https://www.google.co.in/maps/place/Rachna's+Beauty+Studio/@9.9339299,78.141885,17z/data=!3m1!4b1!4m5!3m4!1s0x3b00c5b832f7ef33:0xa76b281e50b99eeb!8m2!3d9.9339246!4d78.1440737?hl=en&authuser=0	\N	47	\N	C1000005	\N	\N	1	3	2017-01-08 19:26:34.224	3	2017-01-08 00:00:00
22	KarkiPeare Services	Karthick	7418544792		karthickraja@gmail.com		6	\N	chennai	dsdfsgdsf	5	24	98	607001		\N	2000		\N	153	\N	C10000022	\N	\N	1	24	2017-01-21 11:50:52.455	24	2017-01-21 00:00:00
7	Vinitas Salon and Day Spa	VINITAS	9843888800	9843888800	contact@vinitas.co.in	www.vinitas.co.in	4	\N	KK Nagar	Plot No:438, 9th Cross Street,	12	24	98	625020	With a very humble start in 1987 by our founder Mrs Vinita Jain, we have come a long way journeying through for more than 29 years. Her motto is NEVER STOP LEARNING. Mrs.Vinita Jain has continued to teach and train throughout her career as she has successfully run her salon and spa for over 29 years.\r\n\r\nShe has trained and mentored many stylists who have come through her salon over the years and is extremely proud of their accomplishments. Our goal is to welcome you to become a part of our ever-growing family and to offer a level of service not found anywhere else. Our customers come first, at VINITAS Salon & Day Spa. We are dedicated to providing each of our guests with a gratifying experience every time they visit. VINITAS Salon and Day Spa. A unique salon and day spa experience with a diverse team of Stylists, Estheticians, and Nail Technicians. VINITAS Salon and Day Spa are fashion forward and accomplished professionals who strive to deliver timeless and trendy styles and services. When you visit VINITAS you will be greeted with a smile and encouraged to relax and feel at home with VINITAS Salon and Day Spa.\r\n	\N	30000	https://www.google.co.in/maps/place/Bridal+Makeup+I+Beauty+Spa+In+Madurai+I+Vinitas+Salon+and+Day+Spa/@9.932795,78.1437583,17z/data=!3m1!4b1!4m5!3m4!1s0x3b00c5b7a8e4c0f1:0xeccaae56b82fd90b!8m2!3d9.932795!4d78.145947?hl=en&authuser=0	\N	61	\N	C1000007	\N	\N	1	8	2017-01-08 19:53:22.713	8	2017-01-08 00:00:00
8	CHENNAI WEDDING PHOTOGRAPHERS	CHENNAI WEDDING PHOTOGRAPHERS	9941011142		info@chennaiweddingphotography.info	www.chennaiweddingphotography.info	2	\N	Kodambakkam,	O.No.294. N.No.212.\r\nArcot Road, 1st Floor,	1	24	98	600024	Creative, Candid and Traditional Wedding Photographers...\r\nCHENNAI WEDDING PHOTOGRAPHY.INFO is a 25 year old creative establishment, created by a team of young, passionate, ambitious photo professionals with vast experience, from traditional photography to digital photography.\r\nAs visual artists, we strive to capture the disappearing moments of any subject in this world. As we think about it, we realize that it is virtually impossible to capture the same image twice in the natural world. Atmospheric elements ensure that there is a change happening, every fraction of a second. So, every moment bathed in light is a unique and precious moment.\r\nIt is our goal to make you comfortable and relaxed as much as possible while still taking enough time to capture the beautiful timeless images that you expect.\r\nIn this span of 25 years Chennai Wedding Photographerswere blessed with the opportunity of more than 400 Corporate Programs & Events and more than 900 Weddings & Functions.\r\nFor Chennai Wedding Photographers, every client, every event, every wedding is very very important, hence we put our whole hearted effort to make everything memorable.\r\n\r\n\r\nTRADITIONAL & CANDID PHOTOGRAPHY\r\nPRE-POST WEDDING PHOTO SHOOT\r\nHD & SD VIDEOGRAPHY\r\nCINEMATIC WEDDING VIDEOS\r\nLIVE WEBCASTING\r\nDESIGNER ALBUMS\r\nCOFFEE TABLE BOOKS\r\nINSTANT PHOTO PRINTS AT EVENTS\r\n	\N	80000	https://www.google.co.in/maps/place/Chennai+Wedding+Photographers/@13.029686,80.1901855,14z/data=!4m8!1m2!2m1!1schennaiphotographers.info!3m4!1s0x3a5266edd6d1da89:0xc6e2dc6dda9a61e!8m2!3d13.052023!4d80.21867	\N	68	\N	C1000008	\N	\N	1	10	2017-01-09 08:35:22.141	10	2017-01-09 00:00:00
11	OM MURUGA CATERING SERVICE	Mrs. HINDUMATHI	9843571543	9944087966	ommuruga77@ymail.com	http://ommurugacatering.com	6	\N	Anna Nagar,	14, Vishnu Complex, 80 Feet Road, 	12	24	98	625005	Finding and choosing a caterer from the many available catering services can be one of the most important aspects in planning your party or event. Fortunately, choosing a caterer doesn't have to be stressful or confusing. You've come to the right place!!! At Om Muruga Catering.	\N	50000	https://www.google.com/maps/place/OM+MURUGA+CATERING+SERVICE/@9.923978,78.1464473,17z/data=!3m1!4b1!4m5!3m4!1s0x3b00c5ae3a04671d:0x8f7d55259c1ee748!8m2!3d9.923978!4d78.148636?hl=en-US	\N	89	\N	C10000011	\N	\N	1	12	2017-01-10 02:40:25.303	12	2017-01-10 00:00:00
9	My Travels	Shagul Hameed	9042126880		shagul001@gmail.com		10	\N	Mandaveli	Narayana Lane	1	24	98	600028	Good Plan	\N	10000		\N	79	https://www.youtube.com/watch?v=J4AZh-K8ZMI	C1000009	\N	\N	1	1	2017-01-09 18:27:05.174	1	2017-01-26 00:00:00
14	Sri Sai Vivaha Mahal	Sri Sai Vivaha Mahal	9367774232		info@srisaivivahamahal.com	www.srisaivivahamahal.com	1	\N	Vardarajapuram	63 Uppillipalayam Main Road	4	24	98	641015	A great Marriage isn't something that just happens, it's something that must be created and we are happy to be part of the creation.\r\n\r\nSri Sai Vivaha Mahal is a brand new A/C Marriage hall located in the heart of Coimbatore, it's one among the best A/C halls available for marriage in Coimbatore.\r\n\r\nThe aesthetic design, modern amenities and prime location makes Sri Sai Vivaha Mahal the ideal choice for marriages, various festivities and celebrations.\r\n\r\nFeatures such as ample parking space, modern kitchen facilities, A/C Hall, A/C rooms for bride and groom, spacious dining hall, fully covered buffet space sets it apart.\r\n\r\nAnd the Kalyana mandapam is well connected by public transportation as well.	\N	300000	https://www.google.com/maps/place/Sri+Sai+Vivaha+Mahal/@10.986857,77.023681,14z/data=!4m5!3m4!1s0x0:0xbf14b06bce8d55da!8m2!3d11.006573!4d77.023654?hl=en-US	\N	104	\N	C10000014	\N	\N	1	16	2017-01-16 15:23:14.501	16	2017-01-16 00:00:00
16	Shivalaiya	shivalaiya	9677622223		info@shivalaiya.in	http://www.shivalaiya.in/	1	\N	Selvapuram	#1, Perur Main Road	4	24	98	641026	SHIVALAIYA Mahal Auditorium A/C is located at Selvapuram, on the Perur Main Road. There are two wedding halls,\r\nSeating capacity is 300 - 1500 persons (CORAL & PEARL hall) with fully centralized Air condition hall and RUBY Hall with floating population 200 persons.\r\nKey Features of Our Wedding hall\r\n\r\nThe Campus is Under Strict Surveillance of our professional Security staff and Officers supported by CCTV Cameras on all the main places.\r\n\r\nTemple within the same premises (as per Vasthu and Aagama Shashram)\r\n\r\nWe have enormous space for up to 80 Car and bike parking.\r\n\r\nBus facility available from all parts of coimbatore city\r\n\r\nRestrictions: Non Vegetarian, Liquor and Plastic Items are not Allowed	\N	150000	https://www.google.co.in/maps/place/Shivalaiya+Mahal+Auditorium+A%2Fc+,Selvapuram,Coimbatore/@10.9890062,76.9391548,17z/data=!4m5!3m4!1s0x3ba8596a9e1499db:0x5f1072acf2fc515c!8m2!3d10.9890009!4d76.9413435?hl=en	\N	119	\N	C10000016	\N	\N	1	18	2017-01-17 06:33:34.218	18	2017-01-18 00:00:00
13	EVP Rajeswari Marriage Hall	EVP Rajeswari Marriage Hall	9444403848	\N	evprajeswari@gmail.com	http://www.evprajeswari.com/	1	\N	Kolapakkam, 	3A\\\\145, Anna main road,	1	24	98	600122	  	\N	150000	https://www.google.com/maps/embed?pb=!1m14!1m8!1m3!1d7773.848832169657!2d80.242416!3d13.040483!3m2!1i1024!2i768!4f13.1!3m3!1m2!1s0x0%3A0x2a17561d2bb37096!2sEVP+Rajeswari+Marriage+Palace!5e0!3m2!1sen!2sus!4v1485177804116	\N	97	\N	C10000013	\N	\N	1	15	2017-01-16 15:10:08.082	15	2017-01-16 00:00:00
15	Kalyanamalai MNC VEL Kalyana Mandapam	Kalyanamalai MNC VEL Kalyana Mandapam	9840891400		info@kmweddinghalls.com	www.kmweddinghalls.com	1	\N	Sulur	SF 247 A/4B, Muthukaundanputhoor	4	24	98	641406	KM Wedding Halls, is managed by KM Wedding Events Management (P) Ltd, a subsidiary of KM Wedding Events Management Inc., an OTC USA registered company. KM Wedding Halls is a dream project of Kalyanamalai Mohan with over 30 years of experience in enabling, arranging and organizing the marriages.\r\n\r\nKM Wedding Halls provide a range of perfect and fully equipped marriage and reception halls that make your dear ones marriage in to a dream marriage. The well equipped wedding halls are designed to offer right type of quality infrastructure for your family wedding.\r\n\r\nKM Wedding halls offer marriage halls that are furnished with air-conditioned marriage hall, air-conditioned dining hall; air-conditioned rooms for stay, fully equipped kitchen, protected drinking water facility, standby power generator and adequate parking facility.\r\n\r\nKM Wedding Halls only provide marriage venues that are exclusively designed for weddings and offer\r\n\r\n Utmost comfort\r\n Right type of luxury\r\n Neat & clean ambiance\r\n Proper sanctity to perform a wedding\r\n\r\nKM Wedding Halls furnish marriage halls that feature a range of facilities blended with location convenience in its fold to offer total flexibility in conducting weddings.\r\n\r\nThe other services offered by KM Wedding Events Management Inc., include Kalyanamalai SUN TV show, Kalyanamalai fortnightly matrimonial magazine, www.kmmatrimony.com and wedding events planning service provider www.athithiseva.com	\N	200000		\N	111	\N	C10000015	\N	\N	1	17	2017-01-17 06:20:34.271	17	2017-01-17 00:00:00
18	Pretty Queen	Prettyqueen	9894731161	4222310822	prettyqueenliza2010@gmail.com	http://www.prettyqueen.in/	4	\N	Ramanathapuram	Point Plaza 1668, Trichy Road,\r\nOpp Sungam Chindhamani, Near Ovium ,	4	24	98	641045	Pretty queen beauty salon since 1985.We believe that once beauty in yourself, others too will see the beauty in you. With this belief in mind, we offer a host of beauty and wellness services to help customers look and feel their confident best our team of professionals are trained and dedicated to consistently providing quality standards. So head over to pretty queen and enrich your life with some well-deserved pampering.\r\n\r\nWe Specialize in:\r\nHair Cuts\r\nHair Colours\r\nWaxing\r\nHair Styling\r\nBody Treatments\r\nEye Beautification\r\nBridal Make-up\r\nFace Treatments\r\nScalp and Hair Treatments\r\nWeight Loss Program\r\nOur treatment include removal of toxins and impurities of the skin and use of Lactic acid that aid exfoliation and hydrating skin. Hairstyling is another aspect of beauty that makes an independent statement in ones appearance. Proper hairstyling can bring about remarkable renovation in rediscovering ones real beauty.	\N	20000	https://www.google.com/maps?ll=11.01171,76.967235&z=9&t=m&hl=en-US&gl=IN&mapclient=embed&q=Coimbatore+Tamil+Nadu	\N	132	\N	C10000018	\N	\N	1	20	2017-01-20 22:16:52.771	20	2017-01-20 00:00:00
17	Midland Residency	Midland Residency	8754046608	4222343477	midlandresidencycbe@gmail.com	http://midlandresidency.in/	1	\N	Perur Main Road	S.F.NO.232/1-B, TELUGUPALAYAM PIRIVU	4	24	98	641039	Midland Residency, the budget hotel with all luxurious amenities.\r\nAn ideal Banquet halls for small business get together or Big Business Meetings.\r\nA Pure -Vegetarian Multi-Cuisine Restaurant Capable of catering to 5000 people at a time.\r\n\r\nLooking For A Budget Hotel with Luxurious amenities? Midland Residency is the Right Place!	\N	150000	https://www.google.com/maps?ll=10.984043,76.927021&z=16&t=m&hl=en-US&gl=IN&mapclient=embed&cid=2919411653764498628	\N	125	\N	C10000017	\N	\N	1	19	2017-01-18 09:01:30.587	19	2017-01-18 00:00:00
19	Ritz	Ritzsalon	4224221136	4224221136	enquiry@ritzsalon.in	http://www.ritzsalon.in/	4	\N	 Ramanathapuram	Krishnaswamy Nagar, Sowripalayam Pirivu	4	24	98	641045	Our unisex salon is a one-stop destination for bridal MAKEUP, makeovers, spa and salon services in Coimbatore. Ritz hosts a dynamic team of creative professionals whose motto is to honour and exceed the expectations of Brands We Deals With. We have a state-of-the-art salon, which excels in professional bridal makeover, hair spa and wellness services. We have a large base of satisfied and loyal customers, who have raved about our services on every social media platform. We attribute this success to our dedicated team of professionals who, under expertise guidance, give Brands We Deals With their highest level of service, professionalism and attention. So, come on over to discover a new you!\r\nRitz Salon is a one stop solution for all your beautification, relaxation & rejuvenation needs. It offers you an extensive array of skin, hair, body & soul related treatments that do not only make you look perfect but also feel perfect! Our beauty experts are highly trained & equipped to offer you the best of services with utmost focus on hygiene.\r\nAll our activities are directed towards just one thing A Happy Rejuvenated YOU!\r\nWHY VISIT RITZ\r\nOne can visit this place just to feel pampered and beautiful. Ritz offers a variety of facials suitable to all types of budgets. She also offers a lot of beauty packages to SUIT individual needs. For sensitive skin, treatments are tailored according to the needs and requirements of the customer.\r\nBest of all is the very personalised attention that is received by all who visit Ritz. Every visit is a relaxing and rejuvenating experience at Ritz.\r\nThe services offered here are the best in Coimbatore and much in line with what is the latest and greatest in the world of beauty.	\N	25000	https://www.google.com/maps?ll=11.001861,76.997448&z=17&t=m&hl=en-US&gl=IN&mapclient=embed&q=Krishnaswamy+Nagar+Sowripalayam+Pirivu,+Ramanathapuram+Coimbatore,+Tamil+Nadu+641045	\N	139	\N	C10000019	\N	\N	1	21	2017-01-20 22:36:40.002	21	2017-01-20 00:00:00
20	Priyas Bridal Studio  Training School	Priya	9965262402	4274040940	info@priyasbeautyspa.com	http://www.priyasbeautyspa.com/	4	\N	Alagapuram	Kannupaiyan Complex,\r\nThrowathi Amman Koil (opp)	20	24	98	636015	Priyas Ladies Beauty Parlour Established from 2002 in the ground of Beauty and cosmetology was continuing by Mrs. Shanmuga Priya , Beauty Consultant, dedicate in Beauty & Health associated fields has completed Diploma In BEAUTY THERAPY courses and SPA courses. \r\nBridal Make Ups \r\n\r\nYour Day, Your Moment, Your Look \r\n\r\nThe most special day of your life deserves a look thats remembered for years. As bridal Makeover, Hair specialist, Priyas Bridal Studio has put smiles of the most Style-Conscious brides in India. Be it Indian Traditional Wedding or contemporary and International theme, Priyas Bridal Studio touch is all you need to look the best ever. \r\n\r\n  Bridal\r\n1.   Bridal Mehandi\r\n2.   BRIDAL MAKE UP\r\n3.   Bridal Jewellery \r\n4.   HD Make Up\r\n5.   Airbrush Make Up \r\n6.   Cini Make up \r\n7.   Party Make Up	\N	15000		\N	145	\N	C10000020	\N	\N	1	22	2017-01-20 22:54:41.542	22	2017-01-20 00:00:00
21	Salonmanthra	Salonmanthra	4274262521	4274262521	salonmanthraslm@gmail.com 	http://www.salonmanthra.com/	4	\N	(Backside Winsor Castel Hotel Rajaji Road)	29, Chenna Krishnapuram,	20	24	98	636007	Salon Manthra was set up in the year 2007 in salem. we offer head to toe beauty and grooming services, coupled with expert global products, all under one roof. Along with a fine precision for cut, color and style.\r\n \r\nWe also offer patrons the ultimate indulgence consisting of rejuvenating spa facials, massages and skin-care therapies with 100% organic spa products - classy, conventional, contemporary and consistent service par excellence. Our team of enthusiastic and experienced beauticians appreciates all taste and budgets and are at your attention for all your beauty and wellness essentials.	\N	30000		\N	147	\N	C10000021	\N	\N	1	23	2017-01-20 23:06:30.413	23	2017-01-20 00:00:00
24	Ethnic Decors	Ethnicdecors	9710424260		mailus@ethnicdecors.com	http://www.ethnicdecors.com/	3	\N	Egmore	No. 260, IInd Floor,\r\nFountain Plaza,\r\nPantheon Road,	1	24	98	600008	We are passionate about weddings and our work. This passion translates each occasion into something our clients find unforgettable and unique. We listen and try to understand all the hopes and dreams that our clients have harboured.\r\nWedding decorations will be one of the single-most important aspects of your wedding. This is because your wedding decorations are what gives your wedding its own unique atmosphere, personality, and mood. We will play a major role in bringing your wedding theme from concept to completion. Our team with their unique ideas can create for you a theme which combines both traditional and contemporary decor designs from Wedding Stages and Mandaps / Manavarai to Wedding Arches and Floral designs\r\nWe provide hundreds of different set ups and styles which you can view, on the website. Along with flowers arrangements and drape, set decorations, Ethnic Decors also provides various other wedding services that will make the event more memorable.\r\nWe can help with all aspects of your Wedding and Special Celebratory Occasions, visit our Service pages for our full service and browse the Gallery pages for colourful range of Decor styles	\N	20000	https://www.google.com/maps?ll=13.10796,80.24487&z=14&t=m&hl=en&gl=US&mapclient=embed&cid=8635602511674210868	\N	161		C10000024	\N	\N	1	26	2017-01-25 12:20:49.945	26	2017-01-25 00:00:00
25	Weddingdecorator	Wedding Decorator	9884436365		hello@johnmilton.in	http://www.weddingdecorator.in/	3	\N	GKM Colony	345/b,19th,Nedunchezhian street	1	24	98	600082	I started my career before 20 years as an interior decorator,moved a web designer and now a prolific art director.Because of my ardent love of decoration and entertainment ,i carry myself in this field. I think there is no doubt that we have gone beyond the shores of entertainment to a greater extent, in fact, than I had expected and in a shorter period of time. As a pioneer in the field ,\r\nour team of experts can provide immediate professional support to you during your review and throughout the order, delivery and setup processes. Every step of your mandap selection process is simple, straightforward and completely hassle free and we work hard to keep it that way Mandapam decorations With a variety of Wedding and mandap services in Chennai and all over India all under one roof we are able to assist you with unique designs combined with the latest designers and technology to make your setting look a rich one. Our personalized service and high standards help turn your dreams into reality. You will always be dealing with the experts directly with no third parties in between to ensure you receive the bestpossible customer service experience.So come to us for a richer experience\r\nOur personalised service and high standards help turn your dreams into reality. You will always be dealing with the experts directly with no third parties in between to ensure you receive the best possible customer service experience	\N	25000	https://www.google.com/maps/place/Decorator+John+Milton/@13.112257,80.222491,15z/data=!4m5!3m4!1s0x0:0xbb5435692601ea70!8m2!3d13.112257!4d80.222491?hl=en-US	\N	168		C10000025	\N	\N	1	27	2017-01-25 12:30:40.188	27	2017-01-25 00:00:00
26	JUSTICE V.R.KRISHNA IYER COMMUNITY HALL	V.R.Krishna iyer	8220016559		vrkrishnaiyer1@gmail.com		1	\N	K.K.Nagar	143, Erikarai salai, K.K.Nagar	12	24	98	625020		\N	50000		\N	174		C10000026	\N	\N	1	30	2017-02-20 08:52:21.005	30	2017-02-20 00:00:00
23	Absolute Decors	Absolute Decors 	9551036939		absolutedecors@gmail.com	http://www.absolutedecors.com/	3	\N	Choolaimedu	No.5,G.N Flats,\r\nOpp. Aathila Fish Market,\r\nPeriyar Pathai	1	24	98	600094	At Absolute Wedding Design we plan elegant, stylish, glamorous and fun celebrations. We are the Luxury Wedding Planners for savvy, sophisticated couples who demand first class service and a world-class event. we strive to be the best at what we do (and several prestigious publications have been kind enough to state that we are!). Our discerning, international client base includes aristocrats, high-spend public figures and couples seeking unique and surprising celebrations.\r\n\r\nWhether you are visiting our site with your own celebration in mind, or just taking a look around we hope a tour inside will prove informative and inspiring. And if you feel we'd be the right luxury wedding planners for your celebration, we'd love to hear from you...\r\n\r\nThere are many elements to designing and decorating events that it can seem a little daunting. But not with the Gorgeous team at your side! Our experience and dedication will eliminate the stress of making your dreams a reality. We are able to work to any budget and never lose sight of what is to be achieved and with our huge selection of decorations, designs and ideas, your day will be totally unique.\r\n\r\nIt is this focus on attention to detail and client-oriented philosophy that allows us to not only create outstanding events but also surpass all expectations and make every event truly gorgeous.\r\n\r\n	\N	15000	https://www.google.com/maps?ll=13.060016,80.221078&z=15&t=m&hl=en-US&gl=US&mapclient=embed&cid=13347307515653839963	\N	155		C10000023	\N	\N	1	25	2017-01-25 12:08:24.982	25	2017-01-25 00:00:00
27	Focuzstudios	Focuzstudios	8015555500		focuzstudios@gmail.com	https://www.focuzstudios.com	2	\N	Selvi Nagar, Kolathur	9A, Dhanarajapuram Extension, Selvi Nagar 1st Street,  Selvi Nagar, Kolathur, Chennai.	1	24	98	600099	We're\r\nIt is nothing but all about the eye behind the camera\r\nWedding photography is all about the beauty of a moment. The most beautiful moment could be at a flicker of a second,\r\nand a good photograph is always about keeping the moment from running away. At Focuz Studios, \r\nwe are a hyper enthusiastic bunch of obsessively passionate people who are constantly listening with our eyes. We believe and surrender to the power of a good photograph.\r\n \r\nGreat photography comes from that special moment when beautiful light, a unique location and dynamic composition all combine to capture and create emotion.\r\n The emotion may be the raw determination of a swimmer lunging to touch the wall,  the laughter of a small child as she plays with a sibling, or that special feeling you have as you witness a once in a lifetime occasion.\r\n Whether photographing athletes for a specialty publication, or shooting a family photo session, this is my goal as a professional photographer, to capture those emotions, to record those moments, and preserve those memories forever.\r\n \r\nTraditional Indian Wedding photography is also all about the details. Our lenses are tuned to blend in with the ambience, understand your emotions, and capture all the candid moments that are so part of a fleeting reality.\r\n \r\nRest assured, we would love to be a part of your wedding and wow you with colorful, jaw dropping pictures of moments that are truly yours. We will show you a world within yourself that you probably did not realise existed. We would love to have our lens focus you. On your wedding. On your moments. Our ultimate reward will come years later, when you look at your photographs, and those memories once again come to life.\r\n	\N	150000	https://www.google.com/maps/embed?pb=!1m18!1m12!1m3!1d3885.595815513981!2d80.20372531524183!3d13.12477221504889!2m3!1f0!2f0!3f0!3m2!1i1024!2i768!4f13.1!3m3!1m2!1s0x3a526461dc4ffb35%3A0x66b757f68dda9789!2sFocuz+Studios%E2%84%A2!5e0!3m2!1sen!2sin!4v1487608730240	\N	175	https://www.youtube.com/user/focuzstudios	C10000027	\N	\N	1	31	2017-02-21 05:04:27.616	31	2017-02-24 00:00:00
3	STUDIO ART	P BALAJI	9965916911	\N	info@studioartin.com	\N	2	\N	Valluvar Colony	No 7/1, 3rd Floor, Sherbelle Towers, Old Natham Road,	12	24	98	625014	\N	\N	50000	https://www.google.com/maps/embed?pb=!1m14!1m8!1m3!1d15718.936446725495!2d78.1288423!3d9.9560661!3m2!1i1024!2i768!4f13.1!3m3!1m2!1s0x0%3A0x5815ed65cb667c5d!2sWedding+photography+madurai+STUDIO+ART!5e0!3m2!1sen!2sin!4v1487603575751" 	\N	29	https://www.youtube.com/watch?v=4bz6dhXXRhk	C1000003	\N	\N	1	2	2017-01-08 18:16:27.779	2	2017-02-20 00:00:00
36	vinophotography	vino	9994892934		vinophotography.cbe@gmail.com	http://www.vinophotography.in/	2	\N	Gandhipiram	278, Padayappa Complex, 5th Street, Cross Cut Road,	4	24	98	641012	The focus of Vino Photography is creative wedding photography that is truly artistic,\r\nand fashionable portraits that are about beauty and style. Our wedding photographers are available for all your special moments including weddings, \r\nfamily portfolios, candid pictures, and portraits.\r\n	\N	80000	https://www.google.com/maps/embed?pb=!1m18!1m12!1m3!1d3916.249286260281!2d76.96495031523222!3d11.019905257664554!2m3!1f0!2f0!3f0!3m2!1i1024!2i768!4f13.1!3m3!1m2!1s0x3ba858543588f969%3A0x97bd1302f8ee994c!2sVino+Photography!5e0!3m2!1sen!2sin!4v1487611877897"	\N	227		C10000036	\N	\N	1	38	2017-02-27 14:13:10.54	38	2017-02-27 00:00:00
33	JK Creatives	JK Creatives	9894277650		hello@jkcreatives.com	http://jkcreatives.com/	2	\N	Ganapathypudur	B311, Ananya Raintree, /207, Dr. Kandha Swamy, 2, Bharathiyar Rd, B.K.R Nagar	4	24	98	641006	EST CANDID WEDDING PHOTOGRAPHERS IN BANGALORE & COIMBATORE\r\n\r\nWe are based in Coimbatore & Bangalore, but that doesnt stop us from coming to your wedding and documenting your storywherever you are..\r\n\r\nWe constantly take up assignments in Hyderabad, Trichi, Chennai and Cochin(Ernakulam). We love to travel and besides South India, I am available to shoot weddings in Goa, Udaipur, Delhi NCR, Jaipur, Pune, Mumbai, Kolkata, Rajasthan and pretty much everywhere.\r\n\r\nIt doesnt matter if its a big fat wedding or a small In house wedding, wed love to take up the assignment. In the end, moments and emotions are the only things that matter.\r\n\r\nAND.. WE LOVE,  LOVE, LOVE DESTINATION WEDDINGS\r\n	\N	60000	https://www.google.com/maps/embed?pb=!1m18!1m12!1m3!1d125310.57317518244!2d76.90843743886752!3d11.041969952448687!2m3!1f0!2f0!3f0!3m2!1i1024!2i768!4f13.1!3m3!1m2!1s0x3ba8586e1380e691%3A0xa9dbc2cecc3ebc09!2sJKCreatives+-+Candid+Photographers+in+Coimbatore!5e0!3m2!1sen!2sin!4v1487657854493" width="600" height="450" frameborder="0" style="border:0" allowfullscreen></iframe>	\N	204	https://vimeo.com/146645753	C10000033	\N	\N	1	37	2017-02-23 14:19:31.956	37	2017-02-23 00:00:00
32	apsara beauty parlour	pradeepa	7639112121	4518121	sapradeepa121@gmail.com		4	\N	opposite to alankar theatre	78-a kamarajar salai 1st floor 	12	24	98	625009		\N	10000		\N	203		C10000032	\N	\N	1	36	2017-02-21 11:51:19.741	36	2017-02-21 00:00:00
35	Test	Test	9965916911		info@rohanmishraphotography.com		2	\N	Test	Test	1	24	98	600028		\N	10000		\N	226		C10000035	\N	\N	1	33	2017-02-26 09:08:27.028	33	2017-02-26 00:00:00
28	rm Photography	Rohan Mishra	9940090869		info@rohanmishraphotography.com	http://www.rohanmishraphotography.com/	2	\N	Thoraipakkam	RM photography,Mettukuppam	1	24	98	600097	Our passion for wedding photography is grounded on the pure joy of celebrating 'LOVE' which we get to see only in a wedding.\r\n\r\nBeing Candid wedding photographers, our approach is to capture the "real life" moments which will eventually transform into the "Most Memorable Moments" of your life. \r\nIt's the experience which matters and we are well equipped to capture them to make it last for generations. We capture the beauty, the details,\r\n the emotions and most importantly \r\n"YOUR LOVE STORY".\r\n\r\nAfter the shoot, we put our creativity to shape and make beautiful Story books for each couple that tells their story in an absolutely exclusive manner. \r\nWe offer each couple an amazing imagery which helps them to relive their marriage celebration again & again.\r\n\r\nWe are Rohan and Puja, a husband + wife photography duo..Who tell the story of people in LOVE!!\r\n\r\nBeing married ourselves, we understand what it takes and what goes into a wedding! We usually work together, \r\nand as a result bring an individual perspective into the work we deliver. My background in photography combined with Pujas experience with advertising, \r\nstyling and ideation are perfect for two unique perspectives presented as one final image. \r\nThis is a lot of fun! \r\n\r\nWe believe, photographing weddings is more than simply documenting the events of the day. Providing truly great memories requires insight, \r\nintuition and the ability to connect with people on an emotional level and this is what makes those images stand apart.\r\nWe love travelling and have photographed weddings across India out of which destination weddings are our personal favourite!\r\n\r\nWE FEEL\r\n\r\n- It's important we're excited about our jobs!\r\n- It's important that you trust your photographers\r\n- We can make you laugh & feel comfortable & confident in front of the camera.\r\n- We are vibrant & happy...so are YOU. Now that's the secret for those fun & gorgeous photos.\r\n	\N	80000	https://www.google.co.in/maps/search/Rm+photographyMettukuppam,+Thoraipakkam,+Chennai,+Tamil+Nadu/@13.0468849,79.7886177,9z/data=!3m1!4b1	\N	181	https://www.youtube.com/watch?v=owg8cdiF_A4	C10000028	\N	\N	1	33	2017-02-21 05:34:49.93	33	2017-02-26 00:00:00
37	Madurai Decorators	P. Kannan	9943578787		info@maduraidecorators.com	www.maduraidecorators.com	3	\N	S.Puliyankulam	1/94, Pallivasal Street,\r\n\r\n1/94, Pallivasal Street, Silaimman (Via),	12	24	98	625201	Congratulation! It's time to celebrate and make your special moment an unforgettable talk about affair. It is your Day, your Dream, your Vision and Madurai Decoration's personal assistance to help you achieve and transform your Heavenly Bliss life into reality.\r\n\r\nIndian Wedding are Vibrant & Elaborative. Every wedding has its own Uniqueness which reflects your taste, style & personality. Madurai Decortions - Wedding and Party Planner from Madurai, India provides hassle free, stress free and flattered perfect Events. We manage every minute details & create an exception from simple thematic to an elaborative destination wedding.\r\n\r\nAllow our professional team to design and organize your exceptional, cherished experience which is romantic and memorable. Madurai Decorations is a renowned company who is committed to deliver the Ideal wedding for you and your guests.\r\n\r\nWith our assistance you can embark on a privileged venture with the state of the Art Theme Design and professional approach. Our services include Decoration (from a decent decor to theme decor), Venue selection, Catering Services, Invitation Cards, Exclusive Trousseau Packaging, Entertainment (International Artist too), Make Over Consultancy, Bride and Groom Entry, Special Jaimala Design, Mehndi Artist, Photographer & Videographer and much more\r\n\r\nOur motto is to make your dream come true into reality as we provide one stop solution for Wedding & Events. Our aim is to cherish your peace of mind by offering a complete range of wedding services and saving you from being occupied on dealing and wrangling with the individual suppliers. As we are a renowned company and have been organizing wedding on a frequent basis, we get the best rates available in the market from all the vendors which can be benefitted by you.	\N	60000	https://www.google.com/maps/embed?pb=!1m14!1m8!1m3!1d15722.414073590182!2d78.180668!3d9.883592!3m2!1i1024!2i768!4f13.1!3m3!1m2!1s0x0%3A0x438276fc81abfe9d!2sMadurai+Decorators!5e0!3m2!1sen!2sin!4v1488447388166" 	\N	240	https://www.youtube.com/watch?v=zS9rwTgBMtY&feature=youtu.be	C10000037	\N	\N	1	39	2017-03-02 09:37:21.672	39	2017-03-02 00:00:00
1	Sana Wedding Hall	Shagul Hameed	9042126880		shagul001@gmail.com	https://weddfix.com	1	\N	Mandaveli	Narayana Lane	1	24	98	600028	Hello	\N	10000		\N	24	https://www.youtube.com/watch?v=5ZkD_o6NLK0, https://www.youtube.com/watch?v=DYoQJ7w2ULw	C1000001	5	1	1	1	2017-01-06 22:32:42.707	1	2017-03-26 00:00:00
67	Madurai Radha Travels	Radha	7373756633		mrtcustomercare@gmail.com	http://www.madurairadhatravels.in/	10	\N	Periyar Bus Stand	D-20, Shopping Complex	12	24	98	625001	We are plying passenger buses between Madurai and Chennai. Initially we started off with push back seats and latter become pioneer in introducing bus with sleeper facility and now added air conditioned bus with sleeper facility, with toilet facility which had been a long felt need of customers. We are also operating staff busses to corporate houses	\N	2000	https://www.google.com/maps/embed?pb=!1m18!1m12!1m3!1d125759.49498957596!2d78.07459842881858!3d9.935270724495362!2m3!1f0!2f0!3f0!3m2!1i1024!2i768!4f13.1!3m3!1m2!1s0x3b00c5805d4c6c6f%3A0xce99a6fd1d06bc0b!2sMadurai+Radha+Travels+Private+Ltd!5e0!3m2!1sen!2sin!4v1497446633277	\N	486	https://www.youtube.com/watch?v=VgJwK1Wnr94	C10000067	\N	\N	1	80	2017-06-14 06:26:05.802	80	2017-06-14 00:00:00
38	Bridal Henna Studio	Bridal Henna Studio	9360015661	9360015661	info@bridalhennastudio12.com		7	\N	near ak ahamed	no 21/16, second floor, mahal third street,	12	24	98	625001	Bridal Mehandi.\r\nPortrait Mehandi,\r\nArabic Mehandi,	\N	5000		\N	261		C10000038	\N	\N	1	43	2017-04-15 13:17:52.432	43	2017-04-16 00:00:00
43	Ha Studios	Ha Studios	9003020234		hello@hastudios.in	http://www.hastudios.in	2	\N	coimbatore	B-72 Cheran maanagar, \r\nVilankurichi Post\r\n	4	24	98	641035	About us...\r\n\r\nWith over three years of wedding photography experience, we have become true storytellers. We are humorous and easygoing people, we put our clients at ease and inject much fun into the day. We can translate your special day into breathtaking images where the couples can cherish and reminisce in years to come.\r\n\r\nHa Studios works with a team of experienced photographers & videographers. Together we have extensive backgrounds in editorial, commercial, fashion, and documentary photography / videography.  \r\n\r\n\r\nHa for Happiness!	\N	80000	https://www.google.com/maps/embed?pb=!1m14!1m8!1m3!1d62649.953242115174!2d76.981637!3d11.066935!3m2!1i1024!2i768!4f13.1!3m3!1m2!1s0x0%3A0xf74fd84c440c1591!2sHa+Studios+-+Best+Creative+Wedding+Photographers+in+Coimbatore!5e0!3m2!1sen!2sus!4v1492337702033"	\N	247		C10000043	\N	\N	1	44	2017-04-16 03:18:04.166	44	2017-04-16 00:00:00
34	LIGHTSTORY Wedding Photography	Vijesh	9500088632		vijesh@lightstory.in	http://www.lightstory.in/	2	\N	Vadapalani	Arcot Road	1	24	98	600024	Thanks for getting in touch with us. We understand that each wedding is unique and that it is a culmination of your dreams of so many years. For that reason, we feel it is important to hear all about your wants and needs when it comes to your wedding photography and we will do everything in our powers to make your dream come true. It is your big day and we want to be a part of it and make it magnificent by capturing  all those beautiful moments to make beautiful memories that can be relived forever! Please use the contact form below to tell us about your dream wedding and we will do our very best to offer a customized package, tailor-made for you. We look forward to brightening your important beginning with our creativity.	\N	80000	https://www.google.com/maps/embed?pb=!1m18!1m12!1m3!1d7773.480949801026!2d80.20705862671382!3d13.05218451321214!2m3!1f0!2f0!3f0!3m2!1i1024!2i768!4f13.1!3m3!1m2!1s0x3a5266bf5a08c45f%3A0x9478e1cd7e7f1723!2sVadapalani%2C+Chennai%2C+Tamil+Nadu!5e0!3m2!1sen!2sin!4v1487925710449"	\N	254	https://www.youtube.com/watch?v=DRkeylnGkpQ	C10000034	\N	\N	1	32	2017-02-24 08:47:26.843	32	2017-04-16 00:00:00
47	Kohinoor Hotels	Kohinoor Hotels	7402660077	4244560044	res@kohinoorhotelserode.com	www.kohinoorhotelserode.com	1	\N	Erode Fort	330, Brough Road, 	8	24	98	638001	Centrally located on Brough Road in the heart of Erode's commercial hub, Kohinoor Hotel Erode is the smart choice for all types of guest including corporate, business travelers, leisure, short & long stay and for those who are transiting Erode and are looking for exceptional service combined with the value for money, offering a relaxed, affordable and hassle-free stay every time with endless comforts.\r\nGuest can choose from 42 well-appointed spacious air-conditioned rooms and suites that showcase contemporary design.\r\nAmenities include high-speed free Wi-Fi throughout the hotel, free parking, LED TVs with 50 satellite channels in every room, 24 hours check in/check-out, room service, free newspaper, concierge and more.\r\nA delicious complimentary South Indian breakfast available to all guests in the morning at Ruchi Restaurant which is located at the lobby.\r\nA variety of Delicious tandoori dishes, grills, seafood & multi-cuisine dishes are available at Ruchi for lunch and dinner are available.\r\nFor all your event needs whether it is for wedding, reception, engagement, conference or seminar the Emerald is a beautifully designed 660-sq ft. hall that can host up to 100 covers. The second hall Sapphire is a superb open space roof top with the seating capacity of nearly 300 plus for all kinds of functions, engagement, wedding, friends get to gather, ladies night, casual gathering and more .	\N	100000	https://www.google.com/maps/embed?pb=!1m14!1m8!1m3!1d1383.0770851528396!2d77.72236633246459!3d11.339623228982932!3m2!1i1024!2i768!4f13.1!3m3!1m2!1s0x0%3A0x947c353ae523467e!2sKohinoor+Hotels!5e0!3m2!1sen!2sin!4v1493271747138	\N	280		C10000047	\N	\N	1	48	2017-04-26 22:48:03.254	48	2017-04-26 00:00:00
46	RAJAMMAL THIRUMANA MAHAL AC	RAJAMMAL 	9444284830		rajammalthirumanamahal@gmail.com	http://rajammal.wixsite.com/rtmslm	1	\N	Annathanapatti	Annathanapatti Police Station Road\r\n279, Trichy Branch Rd\r\n	20	24	98	636006	Facilities\r\n* Marriage Hall - Centralized A/c \r\n* Bride & Bridegroom Rooms A/c\r\n* Lift facility\r\n* Guest Rooms\r\n* Parking\r\n* Genset\r\n* Modernized Kitchen	\N	100000	https://www.google.com/maps/embed?pb=!1m19!1m12!1m3!1d125049.70918964772!2d78.07689974470632!3d11.637353841997223!2m3!1f0!2f0!3f0!3m2!1i1024!2i768!4f13.1!4m4!3e6!4m0!4m1!1s0x3babefd733c45bbb%3A0xdb16d11610fde443!5e0!3m2!1sen!2s!4v1493269111566	\N	268		C10000046	\N	\N	1	47	2017-04-26 22:07:26.825	47	2017-04-26 00:00:00
45	MUDHRA MELAMS	Mudhra Melam	9842871815		mudhramelams@gmail.com	http://www.chendamelam.co.in	7	\N	Podanur	Mudhra melam, No. 67, Chettipalayam Road, 	4	24	98	641023	Chendamelam is the most popular and widely acclaimed for kerala. We are work in this field in three generations. It is most famous for the kerala state and other states festival to work. We have familiar workers to perform in this field and their dedication, interpretation, skill and talents persons.\r\n\r\n	\N	65000		\N	257		C10000045	\N	\N	1	46	2017-04-16 11:39:37.922	46	2017-04-16 00:00:00
48	Shankar Mahal	Shankar 	9843198889	4242273279	contactus@shankarmahal.com	http://www.shankarmahal.com/	1	\N	Perundurai Road	#101, Sangu Nagar Corner, 	8	24	98	638009	Shankar Mahal was built by S. Periasamy during 1990. It's one of best in class mandapam, located in center of Erode city with necessary facilities...\r\n\r\nMarriages are said to be made in heaven & we make it a reality at Shankar Mahal\r\nIn Shankar Mahal we allow Marriage, Reception, Betrothal, Puberty function, Meetings and so on.\r\n\r\nYour life full of happiness ahead starts right here with us! We welcome you for a wonderful time in our facility!	\N	120000	https://www.google.com/maps/embed?pb=!1m23!1m12!1m3!1d125186.03740845063!2d77.62971024165499!3d11.330057053399395!2m3!1f0!2f0!3f0!3m2!1i1024!2i768!4f13.1!4m8!3e6!4m0!4m5!1s0x3ba96f1e27b421a3%3A0x256cf9d84994322f!2sShankar+Mahal%2C+101%2C+Perundurai+Rd%2C+EB+Officer&#39;s+Colony%2C+Palayapalayam%2C+Erode%2C+Tamil+Nadu+638011!3m2!1d11.3300653!2d77.69975079999999!5e0!3m2!1sen!2sin!4v1493273783466	\N	290		C10000048	\N	\N	1	49	2017-04-26 23:17:27.475	49	2017-04-26 00:00:00
51	MUTHU MAHAL	MUTHU 	9363231313	4242330200	muthumahalerode@gmail.com	http://www.muthumahalerode.com/index.php	1	\N	Pavalathampalayam Village,	S.F.No. 40, Veppampalayam Bus Stop,\r\nPerundurai Main Road,	8	24	98	638040	'MUTHU MAHAL' - an astonishing place to conduct and celebrate your marriages, exhibition and all other functions with joy and happiness. We are located at the most prominent developing location at erode. A pleasant and peaceful mahal to enjoy your happenings. Fully equipped function halls, spacious well arranged dining halls, eye catching elevation and interior decors, maximum boarding facilities, modernised kitchen, small township sized buffet hall will definitely add elegance and beauty to your functions. We are very proud to introduce a 5-star category mandapam at erode with kindness overloaded.\r\n\r\nFEATURES\r\n\r\n  Excellent architecture & decors inside and outside the mandapam.\r\n  Maximum guests accomodation inside the mandapam in and around erode.\r\n  Masically spacious dining hall equipped fully with air conditioners.\r\n  Parking area accomodation can bear 500 two wheelers, 600 cars at ease.\r\n  Massive buffet hall with all necessary facilities equipped.\r\n  23 airconditioned rooms to accomodate guests which includes 7 premium executive suites.\r\n  Fully automated exhaust system and modern cooking equipments in the kitchen with 3 store rooms.	\N	300000	https://www.google.com/maps/embed?pb=!1m23!1m12!1m3!1d125197.81018923463!2d77.58660524139147!3d11.30313347196681!2m3!1f0!2f0!3f0!3m2!1i1024!2i768!4f13.1!4m8!3e6!4m0!4m5!1s0x3ba96e7eb5086411%3A0xa61068d83a5c6394!2sMuthu+Mahal%2C+S.F.+No.+40%2C+Perundurai+Main+Road%2C+Veppampalayam+Bus+Stop%2C+Pavalathampalayam+Village%2C+Erode%2C+Tamil+Nadu+638040!3m2!1d11.3031417!2d77.65664579999999!5e0!3m2!1sen!2sin!4v1493278556104	\N	317		C10000051	\N	\N	1	52	2017-04-27 00:47:29.104	52	2017-04-27 00:00:00
49	Sri Vari Arangam	Sri Vari 	9965260000		srivariarangam@gmail.com	http://www.srivariarangam.com/	1	\N	Kathirampatti Post	180, Pavalathampalayam,\r\nNear AET School, Perundurai Road,	8	24	98	638107	It is one life that we all have and every moment is to be celebrated' happens to be the motto of Sri Vari. \r\n\r\nThis gallant Kalyana Mandapam was constructed by R.P.Periyasamy ( who has 45 years of experience in Civil Construction Industry ), with an intention of spreading positivity and happiness in the society.\r\n\r\nSri Vari hosts one of the most spacious marriage halls in Erode that can host a total capacity to occupy over 1200 members. Suitable for grand weddings, receptions and other occasions that deserve a touch of heaven.	\N	200000	https://www.google.com/maps/embed?pb=!1m23!1m12!1m3!1d125196.36594487677!2d77.59056844142381!3d11.30643976968628!2m3!1f0!2f0!3f0!3m2!1i1024!2i768!4f13.1!4m8!3e6!4m0!4m5!1s0x3ba96e7c382dc75b%3A0x5290c5497de9b2be!2sSri+Vari+Arangam%2C+180+Pavalathampalayam%2C+Near+AET+School%2C+Perundurai+Road%2C+Kathirampatti+(PO)%2C+Erode%2C+Tamil+Nadu+638107!3m2!1d11.306448!2d77.660609!5e0!3m2!1sen!2sin!4v1493275158254	\N	299		C10000049	\N	\N	1	50	2017-04-26 23:41:27.407	50	2017-04-26 00:00:00
50	PLATINUM MAHAL	PLATINUM MAHAL	9894097777		platinum9777@gmail.com	http://platinummahal.com/index.php	1	\N	R N PUDUR (PO),	PLATINUM TRADE CENTRE PRIVATE LIMITED,\r\n165, BHAVANI MAIN ROAD,	8	24	98	638005	PLATINUM MAHAL	\N	200000	https://www.google.com/maps/embed?pb=!1m23!1m12!1m3!1d125153.1136622337!2d77.6168390423919!3d11.405018501741875!2m3!1f0!2f0!3f0!3m2!1i1024!2i768!4f13.1!4m8!3e6!4m0!4m5!1s0x3ba96909d399d68b%3A0x621cc0f90869b1d0!2sPlatinum+Trade+Centre%2F+Platinum+Mahal%2C+Bhavani+Rd%2C+Erode%2C+Tamil+Nadu+638102!3m2!1d11.4050268!2d77.6868796!5e0!3m2!1sen!2sin!4v1493277029339	\N	311	https://www.youtube.com/watch?v=lTH3ofbKWOE	C10000050	\N	\N	1	51	2017-04-27 00:11:56.356	51	2017-04-27 00:00:00
52	Bharath Studio Digital Lab	 Bharath 	9843053366	4242256315	bharathstudioerode@gmail.com	http://www.bharathstudio.in/	2	\N	Opp.Telephone  Exchange,	Bharath Studio Digital Lab,\r\n\r\n255,Brough Road	8	24	98	638001	BHARATH STUDIO DIGITAL LAB  is a Photography, and Videography Production services company that offers a comprehensive range of services to their clients. Based in ERODE a melting pot of experience, innovation, enthusiasm and creativity, the studio has been instrumental in working proactively with the presitegious clients.	\N	50000	https://www.google.com/maps/embed?pb=!1m23!1m12!1m3!1d125181.91069368883!2d77.65103784174734!3d11.339479646902978!2m3!1f0!2f0!3f0!3m2!1i1024!2i768!4f13.1!4m8!3e6!4m0!4m5!1s0x3ba96f3f5bb2e6a9%3A0xefd68cb2e9512046!2sBharath+Studio+Digital+Lab%2C+255%2CBrough+Road%2C+Opp.Telephone+Exchange%2C+Erode%2C+Tamil+Nadu+638001!3m2!1d11.3394879!2d77.7210784!5e0!3m2!1sen!2sin!4v1493280776409	\N	337	https://youtu.be/WffS_nFKYQo	C10000052	\N	\N	1	53	2017-04-27 01:17:54.296	53	2017-04-27 00:00:00
55	Janaki Videos	Janaki Videos	9443424759		janakivideos@gmail.com	http://www.janakivideos.in/index.php	2	\N	Palayapalayam	42, Avvaiyar St, Teachers Colony	8	24	98	638011	We area Professionally Managed unit engaged in covering events and moments which you want to cherish. Janaki Videos, has a team of professionals who are good at capturing valuable moments and events, is a aesthetic and appealing way, offering a visual treat to your eyes. We are doing this for the past 33 years. Our sister concern is Rockfort Video Vision, Trichy. We have 3 branch office in Trichy. One in Erode and Salem.\r\nWe can do with professional case a expertise events like Wedding, Family Functions, Corporate Events, Studio Portraits, LED Wall Displays, etc..,\r\nWe have state of art equipments like HD Cameras, high and recording equipments professional lights, special effects mixers, sensitive audio equipments jimmy jip, steady camera etc. We are capable of Synchronizing Multicamera inputs, to give visual images like that of a movie. We have a team of creative professionals, who are good at capturing movements planned as well an unplanned candid camera shots is an exciting manner offering treat to your eyes. In our Coverage of your cherished events, you will not miss any valuable moment or people.\r\nWe specialise in South Indian weddings and know what needs to be photographed at the many different types of religious and cultural ceremonies which take place at Hindu, Brahmin, Muslim and Christian weddings. Our customer service is second to none. A dedicated, efficient and professional approach has delighted our discerning wedding photography clients. We take a personal interest in each Bride & Groom's wedding, and go that extra mile to ensure that our wedding photography service exceeds your expectations.	\N	80000	https://www.google.com/maps/embed?pb=!1m23!1m12!1m3!1d125185.51944473498!2d77.6344098416666!3d11.33124015258366!2m3!1f0!2f0!3f0!3m2!1i1024!2i768!4f13.1!4m8!3e6!4m0!4m5!1s0x3ba96f1ed879a939%3A0xccce9b377d4e80de!2sJanaki+Videos+in+Erode!3m2!1d11.3312484!2d77.7044504!5e0!3m2!1sen!2sin!4v1493290424474	\N	364		C10000055	\N	\N	1	57	2017-04-27 04:01:08.996	57	2017-04-27 00:00:00
57	SHIGA PETALS	SHIGA PETALS	9842866607	4242256711	info@shigapetals.com	http://www.shigapetals.com/index.html	3	\N	Erode Fort	1A,Thepakulam Street	8	24	98	638001	Shiga Petals is the branded solution which provides the theme design for the wedding, birthday, engagement etc., Shiga Petals dedicated planning and execution makes each wedding to give it a unique look and translating it into a memorable experience.\r\n\r\nOur Management Team is capable of suggesting opt stage decoration design, passage design, design for Entrance taking into account the size of the Hall, area of the passage and entrance.\r\n\r\nA lot of collection of carving designs, Pillars God and Goddess Idols are available for customer selection to meet their taste and occasion of the function.	\N	70000	https://www.google.com/maps/embed?pb=!1m23!1m12!1m3!1d125182.01054455357!2d77.65313544174512!3d11.339251747060096!2m3!1f0!2f0!3f0!3m2!1i1024!2i768!4f13.1!4m8!3e6!4m0!4m5!1s0x3ba96f40bcbd9fc5%3A0xb93cc5d5e99c0bc4!2sSHIGA+PETALS+in+erode!3m2!1d11.33926!2d77.723176!5e0!3m2!1sen!2sin!4v1493294185667	\N	391	https://www.youtube.com/watch?v=OIPQKCqlL2s	C10000057	\N	\N	1	59	2017-04-27 04:58:29.905	59	2017-04-27 00:00:00
62	Aishwariyas Silks	Aishwariya	9789775533		aishwariyassilks@hotmail.com	http://www.aishwariyassilks.in/	9	\N	 K.K.Nagar	Plot no:9, old no:1 East First Street, T.T.C. Depot Opp	12	24	98	625020	Aishwariya's silks was started in 2008 by its founder Mrs. M. MEKALA at her house hold in k.k. nagar Madurai.  She  was  initially  a  home maker  of  two kids and  later  she  started  her  own  tailoring &  embroidery  unit at  her  house.  This business  gave her  a  lot  of  customers  in  the  surrounding  areas .\r\nThus she wanted to start her own textile business. So she started Aishwariyassilks at her house at a very small level .She managed to bring in chudithar materials and sarees from nearby markets and sold it at her house.	\N	20000	https://www.google.com/maps/embed?pb=!1m18!1m12!1m3!1d125758.50409197154!2d78.07597442884075!3d9.937847722684555!2m3!1f0!2f0!3f0!3m2!1i1024!2i768!4f13.1!3m3!1m2!1s0x3b00c5c86f6a3db7%3A0x2166413cf03ff4b7!2sAishwariyassilks!5e0!3m2!1sen!2sin!4v1495785306462	\N	417	https://www.youtube.com/watch?v=rq4HH1MfISc	C10000062	\N	\N	1	70	2017-05-26 00:57:09.655	70	2017-05-26 00:00:00
66	AGATHIYAR JANA SIDHAR	JANA SIDHAR	9842846104		astrologyiyer@gmail.com	http://www.agathiyarjanachithar.in	12	\N	kamarajarsalai 	No.36, CMR road	12	24	98	625009	An old joke goes, if you get married to the right person, then you are complete and if you dont you are finished! On a more serious note, since marriage is one of the biggest decisions of life, it is important to find the right person to settle down with. Our astrologers can help you decide. And, if you have been waiting to hold that curious, cuddly bundle of joy, our astrologers shall bring you the best advice too.\r\nYou can get solutions to\r\nMarriage-related concerns\r\nConception issues\r\nPuzzling questions about your childs future and education	\N	1000	https://www.google.com/maps/embed?pb=!1m14!1m8!1m3!1d15720.99236210317!2d78.136028!3d9.913284!3m2!1i1024!2i768!4f13.1!3m3!1m2!1s0x0%3A0xe62aab20408ec5cd!2sAgathiyar+Jana+Sidhar!5e0!3m2!1sen!2sin!4v1497444681562	\N	475	https://www.youtube.com/watch?list=PLI1eLWqTtWrvh_ZrOmRJCjyBFapSEqIqt&v=WQvFuAflcEg	C10000066	\N	\N	1	78	2017-06-14 05:52:23.228	78	2017-06-14 00:00:00
53	DBoxstudio	DBoxstudio	9965786898		dboxstudio2015@gmail.com	http://www.dboxstudio.in/	2	\N	Sampath Nagar	72, Perundurai Rd, Sanjay Nagar, Paari Nagar	8	24	98	638011	Studio Dbox is a boutique of talented photographers and videographers that specializes in creative wedding photography and films. We strive to give you timeless photographs that celebrate your love, make your parents honored and leave your friends envious.We are based in Erode, but our weddings have taken us to places like the Coimbatore, Tripur, Pollachi,and more. Whether your wedding is on an exotic island in the middle of an ocean or under a tree in your ancestral village, we would love to be there for you. Weve done more than 250 weddings, but trust us, every time it is a different feeling that comes in. Thats the thing about love  it just gets newer every time.\r\n\r\nPhotography\r\nA good image is the result of good chemistry between the photographer and the subject and the situation. With our experienced photographers, we would be able to provide the first-class images that are lively, beautiful and unpredictable expressions.\r\n\r\nPhotography is the science, art and practice of creating durable images by recording light or other electromagnetic radiation, either electronically by means of an image sensor, or chemically by means of a light-sensitive material such as photographic film.	\N	60000	https://www.google.com/maps/embed?pb=!1m23!1m12!1m3!1d125183.77362215916!2d77.63709374170567!3d11.335226949834896!2m3!1f0!2f0!3f0!3m2!1i1024!2i768!4f13.1!4m8!3e6!4m0!4m5!1s0x3ba96f226365c217%3A0xaac64dc8f0feb29d!2sDbox+Studio%2C+72%2C+Perundurai+Rd%2C+Sanjay+Nagar%2C+Paari+Nagar%2C+Sampath+Nagar%2C+Erode%2C+Tamil+Nadu+638009!3m2!1d11.3352352!2d77.70713429999999!5e0!3m2!1sen!2sin!4v1493286543447	\N	347	https://youtu.be/oU4IUWqpqCE	C10000053	\N	\N	1	54	2017-04-27 02:50:40.408	54	2017-04-27 00:00:00
54	EYE TEC Videos	EYE TEC Videos	9842748143	4244030143	eyetecvideos@gmail.com	http://www.eyetecvideos.com/	2	\N	Veerappanchatram	Chatram, Near KVB Bank, 173, Sathy Rd, Vasantha Nagar	8	24	98	638004	We offer exclusive professional photography services in portrait photography, candid wedding photography, industrial photography, resort photography and product photography. In candid wedding photography and portrait photography we aim to capture the most precious moments of your occasion. We believe in capturing the right expression, mood and emotion of the subject through exclusive portrait photography. We photograph weddings, birthday, puberty, graduation, newborn, kids or some special family gathering.	\N	70000	https://www.google.com/maps/embed?pb=!1m23!1m12!1m3!1d125177.02829354239!2d77.64346644185665!3d11.350617739224957!2m3!1f0!2f0!3f0!3m2!1i1024!2i768!4f13.1!4m8!3e6!4m0!4m5!1s0x3ba96f318307fd71%3A0xd19dcc7eaeb8c048!2sEYETEC+Video&#39;s%2C+Chatram%2C+Near+KVB+Bank%2C+173%2C+Sathy+Rd%2C+Vasantha+Nagar%2C+Veerappanchatram%2C+Erode%2C+Tamil+Nadu+638004!3m2!1d11.350626!2d77.71350699999999!5e0!3m2!1sen!2sin!4v1493289184097	\N	356	https://youtu.be/xH0ASpy2cpU	C10000054	\N	\N	1	56	2017-04-27 03:36:48.996	56	2017-04-27 00:00:00
56	Studio K	Studio K	9965234040		studiokerd@gmail.com	http://www.studiok.photos/	2	\N	Sengodampalayam	126/B2, Canara Bank Building	8	24	98	638012	We do all kinds of Photography Baby Portraits,Wedding Portraits,Alliance Portraits,Baby Portraits,Group Portraits of Colleges and Schools.	\N	60000	https://www.google.com/maps/embed?pb=!1m23!1m12!1m3!1d125188.13187848184!2d77.61372844160812!3d11.325271756698966!2m3!1f0!2f0!3f0!3m2!1i1024!2i768!4f13.1!4m8!3e6!4m0!4m5!1s0x3ba96eeef2f9564f%3A0xa0bcade7f36d4fe4!2sstudio+K+in+Erode!3m2!1d11.32528!2d77.683769!5e0!3m2!1sen!2sin!4v1493292263784	\N	375		C10000056	\N	\N	1	58	2017-04-27 04:30:31.236	58	2017-04-27 00:00:00
58	Sarasu Decorator	Sarasu 	9842838035	4242337039	info@sarasudecorators.com	http://sarasudecorators.com	3	\N	Mullam Parappu	No 324, Poondurai Road	8	24	98	638115		\N	80000	https://www.google.com/maps/embed?pb=!1m10!1m8!1m3!1d62602.31064209825!2d77.726075!3d11.287528!3m2!1i1024!2i768!4f13.1!5e0!3m2!1sen!2sus!4v1493296314993	\N	406		C10000058	\N	\N	1	60	2017-04-27 05:33:03.755	60	2017-04-27 00:00:00
59	Heritage	Heritage Madurai	9445512702	2385455	reservations@heritagemadurai.com 	http://www.heritagemadurai.com	11	\N	Kochadai	11, Melakkal Main Road	12	24	98	625016	Heritage Madurai rings with historic charm that echoes in every hallway and every room. Lounge by the Olympic-sized temple tank pool, or luxuriate in a plunge pool in your own private villa. Dine under a 200 year old banyan tree, serenaded by bird calls while enjoying the perfect meal prepared by your own personal chef, perfectly tempered to your particular taste buds. Take a leisurely historic walk through the corridors where every stone has a story to tell. There is more to Heritage Madurai.\r\n\r\nRestoration of the Madurai Club was fittingly awarded to Bawas disciple, Sri Lankan architect and prodigy Vinod Jayasinghe. Maintaining Bawas unique style and most of the material he had used, Jayasinghe restored the resort to its former glory, along with the addition of modern conveniences. Leaving his own personal stamp on the project, Jayasinghe, in addition to personal courtyards and enclosed plunge pools in every villa, added an Olympic-sized, temple tank styled pool.\r\n\r\nToday, Heritage Madurai comprises 72 rooms including 35 villas. The old colonial bungalows have been refurbished maintaining that traditional South Indian flavor, only found in Madurai	\N	10000	https://www.google.com/maps/embed?pb=!1m18!1m12!1m3!1d3929.9726411825786!2d78.08493031522842!3d9.936234276854117!2m3!1f0!2f0!3f0!3m2!1i1024!2i768!4f13.1!3m3!1m2!1s0x3b00cf3f9614d91b%3A0x783a43e7763b997e!2sHeritage+Madurai!5e0!3m2!1sen!2sin!4v1493366178784	\N	414	https://www.youtube.com/watch?v=IMrnNGWinEY, https://www.youtube.com/watch?v=q3nK6Fg3fCg	C10000059	\N	\N	1	61	2017-04-28 00:59:17.229	61	2017-04-28 00:00:00
60	Tst	Test	7418544792		karthick@gmail.com		10	\N	Chennai	Test	5	24	98	607001	Test	\N	1000	hello.jjk	\N	413	dgdsg	C10000060	\N	\N	1	40	2017-05-07 10:40:31.963	40	2017-05-07 00:00:00
63	JC RESIDENCY	JCRESIDENCY	7373737301	4524200399	madurai@jcresidency.com	http://jcresidency.com	11	\N	Chokkikulam, Chinna Chokkikulam	#14,Lady Doak College Road	12	24	98	625002	JC Residency is renowned as one of the Best Hotels in Madurai, offering guests a wide array of comforts and services. We desire to serve our guests with all the comforts and facilities they have been searching for. Located at the heart of the city, JC Residency is a top choice hotel for most corporate and leisure travellers. We are among one of the finest inclusion in the conglomeration of luxury boutique hotels in Madurai. Apart from accommodation, the hotel acts as an artistic centre with exhibitions of painting, photography and presentations that will surely make your stay enjoyable and memorable. The concept of the place combines artwork with an exquisite multi-cuisine restaurant.\r\n\r\nAt JC Residency, even with a cup of delicious coffee in incredibly warm atmosphere among complete strangers, but very friendly people you will feel truly happy. The conditions that are present were created for business people to talk and do business, free Wi-Fi internet access, improved lighting in the workplace. Contemporary styling, affable service and distinctive southern appeal are some of our addendums that let you relax, unwind and refresh to the fascinating hues of a vibrant heritage native to the city also known as the "The Athens of the East".	\N	4000	https://www.google.com/maps/embed?pb=!1m14!1m8!1m3!1d3929.9571245135153!2d78.132496!3d9.937525555399922!3m2!1i1024!2i768!4f13.1!3m3!1m2!1s0x0%3A0x121713b1fdf8431a!2sJC+Residency!5e0!3m2!1sen!2sin!4v1497438746078	\N	429	https://www.youtube.com/watch?v=FuEIRUBdK78	C10000063	\N	\N	1	74	2017-06-14 04:17:17.705	74	2017-06-14 00:00:00
64	Thangamayil	Thangamayil	4522565553	4522565553	care@thangamayil.com	https://www.thangamayil.com	5	\N	Narayanapuram	Palami Center (2nd & 3rd Floor),\r\nNear Ramakrishna Mutt, \r\n25/6, New Natham Road	12	24	98	625014	Thangamayil Jewellery Limited (TMJL), is one of the fastest growing companies in India, positioned in the market as a chain of retail jewellery stores across several districts in Tamil Nadu, a state that is said to have the largest share (40%) of India's total gold consumption (WGC).\r\n\r\nPrior to the formation of Thangamayil Jewellery Private Limited in the year 2000, business was carried on by the promoters of the company, in the name of "Balu Jewellery", at Madurai. The company primarily deals with four product lines, i.e., Gold, Silver, Diamonds and Platinum; the sale of gold being a predominant source of its income. As a part of the jewellery retail trade, majority of ornaments are bought from various dealers in the states of Andhra Pradesh, Gujarat, Kerala, West Bengal, etc., to be sold through its chain of stores. TMJL has also established four manufacturing units that employ in-house goldsmiths to craft designer jewellery, which are in vogue with the current trends in the marketplace. The company instituted a number of savings schemes to suit the specific needs of various demographics, distinguishing itself a great deal from the run-of-the-mill business practices in retail jewellery.	\N	10000	https://www.google.com/maps/embed?pb=!1m18!1m12!1m3!1d125752.03991483655!2d78.06218942898546!3d9.954642710884485!2m3!1f0!2f0!3f0!3m2!1i1024!2i768!4f13.1!3m3!1m2!1s0x3b00c5e05fb83add%3A0x414366c8d0f1111d!2sThangamayil+Jewellery+Limited!5e0!3m2!1sen!2sin!4v1497440612010	\N	442	https://www.youtube.com/watch?v=2DtUOEiyAjA	C10000064	\N	\N	1	75	2017-06-14 04:47:30.729	75	2017-06-14 00:00:00
65	Rajmahalsilk	Raj	7200333333	4522622647	info@rajmahalsilks.com	http://rajmahalsilks.com	8	\N	Madurai Main	Vengalakadai Street	12	24	98	625001		\N	5000	https://www.google.com/maps/embed?pb=!1m18!1m12!1m3!1d125765.96171044775!2d78.05209762867383!3d9.918436636325794!2m3!1f0!2f0!3f0!3m2!1i1024!2i768!4f13.1!3m3!1m2!1s0x3b00c583555d9f87%3A0x417998fe71de36c!2sRaj+Mahal+Silks!5e0!3m2!1sen!2sin!4v1497443194039	\N	469	https://www.youtube.com/watch?v=HJhl3z6xLwk	C10000065	\N	\N	1	77	2017-06-14 05:29:52.252	77	2017-06-14 00:00:00
\.


--
-- Data for Name: directorycategoryinfoaccountdetails; Type: TABLE DATA; Schema: public; Owner: weddfix
--

COPY directorycategoryinfoaccountdetails (id, userid, categoryinfoid, accounttype, transactionid, transactionstatus, statusid, createdby, createddate, updatedby, updateddate) FROM stdin;
2	2	3	2	51936444541154ffb262	SUCCESS	1	2	2017-01-09 06:12:40.121	\N	\N
1	1	1	2	1cca0f5a19db351f346b	SUCCESS	1	1	2017-01-09 05:49:53.923	\N	\N
3	4	4	2	d95cc03c0ad4dd57ee5a	SUCCESS	1	4	2017-01-09 06:13:41.271	\N	\N
4	8	7	2	78ffe4f1dce96548b7b9	SUCCESS	1	8	2017-01-09 06:15:31.639	\N	\N
5	7	6	2	a99a8ab61cb2ebea2da8	SUCCESS	1	7	2017-01-09 06:51:20.156	\N	\N
6	3	5	2	ce984c206062f69dc10a	SUCCESS	1	3	2017-01-09 06:52:57.828	\N	\N
7	10	8	2	b12705e05d166bc26131	SUCCESS	1	10	2017-01-09 15:54:48.001	\N	\N
8	11	10	2	f05cd963f8a0c7522faa	SUCCESS	1	11	2017-01-10 02:26:19.89	\N	\N
9	12	11	2	6661928fdf96873fee46	SUCCESS	1	12	2017-01-10 02:59:26.452	\N	\N
10	13	12	2	b0c0afa3604a839f8a5e	SUCCESS	1	13	2017-01-10 03:17:37.168	\N	\N
11	15	13	2	62990bb70ab1a6b31a29	SUCCESS	1	15	2017-01-16 15:25:07.322	\N	\N
12	20	18	2	6775d35db36ba41b7e3c	SUCCESS	1	20	2017-01-24 13:02:23.763	\N	\N
13	21	19	2	367d02810f5481153bce	SUCCESS	1	21	2017-01-24 13:08:58.664	\N	\N
14	22	20	2	6ad90712ae313b40a148	SUCCESS	1	22	2017-02-09 18:04:57.3	\N	\N
15	25	23	2	02abfb4b27e1fb68c3f9	SUCCESS	1	25	2017-02-09 18:07:59.944	\N	\N
16	26	24	2	0644f95415275c896fe9	SUCCESS	1	26	2017-02-09 18:09:30.209	\N	\N
17	27	25	2	03a2cdc7a8df67819d3c	SUCCESS	1	27	2017-02-09 18:11:53.912	\N	\N
18	30	26	2	f5f88f11688e326a2773	SUCCESS	1	30	2017-02-20 08:55:29.368	\N	\N
19	36	32	3	ceca7a38fedaa44abec8	SUCCESS	1	36	2017-02-21 11:59:34.166	\N	\N
20	31	27	2	73906b842fa7a13bf753	SUCCESS	1	31	2017-02-24 09:44:52.852	\N	\N
21	32	34	2	e2ed7cc158338c3983e4	SUCCESS	1	32	2017-02-24 09:45:31.158	\N	\N
22	17	15	2	63a0dbe12b79b2ea3090	SUCCESS	1	17	2017-02-24 09:47:25.534	\N	\N
23	33	28	2	3b235cbc27d90733fc95	SUCCESS	1	33	2017-02-24 09:47:55.323	\N	\N
24	18	16	2	f8a95f60e87cdbb2fc93	SUCCESS	1	18	2017-02-24 09:48:48.408	\N	\N
25	19	17	2	1a92b57aa7a6328119d3	SUCCESS	1	19	2017-02-24 09:59:14.451	\N	\N
26	38	36	2	fa027eb503d454defe28	SUCCESS	1	38	2017-02-27 14:13:57.901	\N	\N
27	39	37	2	05173dad7ad87505d383	SUCCESS	1	39	2017-03-02 09:38:11.894	\N	\N
28	43	38	2	7315b7cb7bb80442a979	SUCCESS	1	43	2017-04-15 13:27:08.754	\N	\N
29	44	43	2	8bbe593db2967d41389c	SUCCESS	1	44	2017-04-16 03:24:03.725	\N	\N
30	46	45	2	dbacaab0596ba3a61aa1	SUCCESS	1	46	2017-04-16 11:42:57.802	\N	\N
32	47	46	2	2496b42d1f9befa505ab	SUCCESS	1	47	2017-04-26 22:15:39.232	\N	\N
33	48	47	2	13bcb16aeae63df84ae3	SUCCESS	1	48	2017-04-26 22:50:12.906	\N	\N
34	49	48	2	35ab854d74fcb0dab6ce	SUCCESS	1	49	2017-04-26 23:18:48.393	\N	\N
35	50	49	2	b7ee3d5ab65c7732df13	SUCCESS	1	50	2017-04-26 23:51:08.218	\N	\N
36	51	50	2	6d7176e83b5a27506c1c	SUCCESS	1	51	2017-04-27 00:13:15.553	\N	\N
38	52	51	2	03e8166454cd4208b451	SUCCESS	1	52	2017-04-27 00:57:51.838	\N	\N
39	53	52	2	bb921bb2567d101f81b6	SUCCESS	1	53	2017-04-27 01:20:53.546	\N	\N
40	54	53	2	2ea26aca515c4cfc40cf	SUCCESS	1	54	2017-04-27 02:55:22.856	\N	\N
41	56	54	2	552f674c485c1c00a344	SUCCESS	1	56	2017-04-27 03:37:58.774	\N	\N
43	57	55	2	c0fb2d22025845bbb221	SUCCESS	1	57	2017-04-27 04:04:07.437	\N	\N
44	58	56	2	e546a7f5966acbddc496	SUCCESS	1	58	2017-04-27 04:31:30.039	\N	\N
46	59	57	2	0b57f74a8c7ce7d26e15	SUCCESS	1	59	2017-04-27 05:05:44.894	\N	\N
47	60	58	2	6bbb2d36fb1e67634853	SUCCESS	1	60	2017-04-27 05:36:07.121	\N	\N
48	70	62	2	ed9ee5adb3db063b35e7	SUCCESS	1	70	2017-05-26 00:59:33.791	\N	\N
49	74	63	2	84d230775be317c662b0	SUCCESS	1	74	2017-06-14 04:21:24.585	\N	\N
50	75	64	2	eecbf8d4223a46e0d23c	SUCCESS	1	75	2017-06-14 04:51:18.138	\N	\N
51	77	65	2	57d1384d45a95a5fb6ce	SUCCESS	1	77	2017-06-14 05:34:22.55	\N	\N
52	78	66	2	3baadf0732023fe951d0	SUCCESS	1	78	2017-06-14 05:55:49.507	\N	\N
53	80	67	2	5074484c80607123cab8	SUCCESS	1	80	2017-06-14 06:27:27.277	\N	\N
\.


--
-- Data for Name: directorycategoryreview; Type: TABLE DATA; Schema: public; Owner: weddfix
--

COPY directorycategoryreview (id, vendorid, rating, name, email, reviewtitle, review, statusid, createdby, createddate, updatedby, updateddate) FROM stdin;
1	1	5	Ramesh	ramesh@gmail.com	wedding hall	Good wedding hall 	1	5	2017-01-21 11:56:56.123	\N	\N
\.


--
-- Data for Name: directorycategoryshortlisted; Type: TABLE DATA; Schema: public; Owner: weddfix
--

COPY directorycategoryshortlisted (id, vendorid, userid, shortlisted, statusid, createdby, createddate, updatedby, updateddate) FROM stdin;
8	3	5	t	1	5	2017-03-06 09:31:22.666	\N	\N
16	12	5	t	1	5	2017-03-09 06:18:31.991	\N	\N
17	36	5	t	1	5	2017-03-09 06:23:30.3	\N	\N
19	34	5	t	1	5	2017-03-13 13:51:42.756	\N	\N
23	1	5	t	1	5	2017-04-09 22:00:22.436	\N	\N
27	13	26	t	1	26	2017-04-11 20:03:29.396	\N	\N
28	1	26	t	1	26	2017-04-11 21:46:03.028	\N	\N
31	4	26	t	1	26	2017-04-12 12:40:59.32	\N	\N
40	10	5	t	1	5	2017-04-14 09:57:04.154	\N	\N
42	6	5	t	1	5	2017-04-14 10:01:23.336	\N	\N
43	32	5	t	1	5	2017-04-14 10:02:41.806	\N	\N
48	15	26	t	1	26	2017-04-29 14:43:22.078	\N	\N
49	55	7	t	1	7	2017-05-08 09:18:01.105	7	2017-05-08 00:00:00
50	1	7	t	1	7	2017-05-10 07:19:01.271	\N	\N
51	3	7	t	1	7	2017-05-19 06:58:59.307	7	2017-05-19 00:00:00
52	1	69	t	1	69	2017-05-30 22:36:03.936	\N	\N
5	1	2	t	1	2	2017-03-04 04:31:10.543	2	2017-06-12 00:00:00
53	1	71	t	1	71	2017-06-13 02:27:39.704	71	2017-06-13 00:00:00
\.


--
-- Data for Name: directorypromotiondetails; Type: TABLE DATA; Schema: public; Owner: weddfix
--

COPY directorypromotiondetails (id, promocode, expires, discount, email, sentto, sent, userid, accepted, statusid, createdby, createddate, updatedby, updateddate) FROM stdin;
1	FREE	2017-01-31 00:00:00	10	\N	\N	\N	\N	\N	1	1	2016-12-26 23:13:08.469	\N	\N
\.


--
-- Data for Name: directoryrole; Type: TABLE DATA; Schema: public; Owner: weddfix
--

COPY directoryrole (id, rolename, roledesc, isactive, createdby, createddate, updatedby, updateddate) FROM stdin;
1	ADMIN	Admin	t	1	2016-08-06 15:17:27.507	\N	\N
2	SUPERADMIN	Super Admin	t	1	2016-08-06 15:17:27.507	\N	\N
3	USER	User	t	1	2016-08-06 22:25:49.642	\N	\N
4	VENDORADMIN	Vendor Admin	t	1	2016-08-06 22:25:49.642	\N	\N
\.


--
-- Data for Name: directoryroledetails; Type: TABLE DATA; Schema: public; Owner: weddfix
--

COPY directoryroledetails (id, userid, roleid, description, createdby, createddate, updatedby, updateddate) FROM stdin;
1	1	1	ADMIN	1	2016-12-04 12:33:25.943	\N	\N
3	3	3	USER	1	2016-12-17 20:13:10.148	1	2016-12-25 00:00:00
5	5	3	USER	1	2016-12-28 06:09:41.639	\N	\N
2	2	1	ADMIN	1	2016-12-10 15:58:31.529	1	2017-01-01 00:00:00
4	4	3	USER	1	2016-12-27 20:06:19.503	1	2017-01-05 00:00:00
6	6	3	USER	1	2017-01-04 17:32:48.823	1	2017-01-05 00:00:00
7	7	3	USER	1	2017-02-02 09:42:30.816	\N	\N
8	8	3	USER	1	2017-02-14 18:47:22.486	\N	\N
9	9	3	USER	1	2017-02-16 08:02:23.838	\N	\N
10	10	3	USER	1	2017-02-16 08:04:09.655	\N	\N
11	11	3	USER	1	2017-02-16 08:35:33.413	\N	\N
12	12	3	USER	1	2017-02-16 08:37:00.194	\N	\N
13	13	3	USER	1	2017-02-16 08:38:16.226	\N	\N
14	14	3	USER	1	2017-02-16 08:38:55.231	\N	\N
15	15	3	USER	1	2017-02-16 08:44:09.494	\N	\N
16	16	3	USER	1	2017-02-16 08:58:44.741	\N	\N
17	17	3	USER	1	2017-02-16 09:14:14.678	\N	\N
18	18	3	USER	1	2017-02-17 06:13:26.074	\N	\N
19	19	3	USER	1	2017-02-17 11:11:43.446	\N	\N
20	20	3	USER	1	2017-02-18 07:54:07.474	\N	\N
21	21	3	USER	1	2017-02-18 09:58:29.704	\N	\N
22	22	3	USER	1	2017-02-18 10:29:06.916	\N	\N
23	23	3	USER	1	2017-02-18 10:35:25.159	\N	\N
24	24	3	USER	1	2017-02-18 10:49:23.932	\N	\N
25	25	3	USER	1	2017-03-05 20:25:32.885	\N	\N
26	26	3	USER	1	2017-03-06 04:43:17.153	\N	\N
27	27	3	USER	1	2017-03-06 07:26:10.901	\N	\N
28	28	3	USER	1	2017-03-06 16:06:34.268	\N	\N
29	29	3	USER	1	2017-03-07 06:35:54.99	\N	\N
30	30	3	USER	1	2017-03-08 05:45:14.426	\N	\N
31	31	3	USER	1	2017-03-12 05:59:34.227	\N	\N
32	32	3	USER	1	2017-03-15 13:25:00.714	\N	\N
33	33	3	USER	1	2017-03-15 19:26:49.458	\N	\N
34	34	3	USER	1	2017-03-25 04:24:38.13	\N	\N
35	35	3	USER	1	2017-03-25 04:53:26.939	\N	\N
36	36	3	USER	1	2017-03-25 05:12:14.873	\N	\N
37	37	3	USER	1	2017-03-25 05:25:13.605	\N	\N
38	38	3	USER	1	2017-03-25 05:29:20.509	\N	\N
39	39	3	USER	1	2017-03-25 05:31:11.625	\N	\N
40	40	3	USER	1	2017-03-25 05:36:26.489	\N	\N
41	41	3	USER	1	2017-03-29 06:05:22.396	\N	\N
42	42	3	USER	1	2017-03-29 06:09:24.17	\N	\N
43	43	3	USER	1	2017-04-06 02:31:21.302	\N	\N
44	44	3	USER	1	2017-04-09 04:39:03.869	\N	\N
45	45	3	USER	1	2017-04-09 04:41:22.273	\N	\N
46	46	3	USER	1	2017-04-09 11:24:52.312	\N	\N
47	47	3	USER	1	2017-04-09 11:31:11.204	\N	\N
48	48	3	USER	1	2017-04-09 11:46:19.499	\N	\N
49	49	3	USER	1	2017-04-14 13:00:27.073	\N	\N
50	50	3	USER	1	2017-04-14 13:04:52.049	\N	\N
51	51	3	USER	1	2017-04-14 23:22:29.168	\N	\N
52	52	3	USER	1	2017-04-20 23:07:18.404	\N	\N
53	53	3	USER	1	2017-04-24 04:58:33.161	\N	\N
54	54	3	USER	1	2017-04-24 07:59:16.203	\N	\N
55	55	3	USER	1	2017-04-29 04:05:48.221	\N	\N
56	56	3	USER	1	2017-05-01 04:39:39.931	\N	\N
57	57	3	USER	1	2017-05-01 05:08:26.594	\N	\N
58	58	3	USER	1	2017-05-24 06:11:00.736	\N	\N
59	59	3	USER	1	2017-05-24 06:18:30.844	\N	\N
60	60	3	USER	1	2017-05-24 06:25:07.371	\N	\N
61	61	3	USER	1	2017-05-26 19:59:25.404	\N	\N
62	62	3	USER	1	2017-05-26 20:10:22.463	\N	\N
63	63	3	USER	1	2017-05-26 20:11:04.677	\N	\N
64	64	3	USER	1	2017-05-26 20:17:26.793	\N	\N
65	65	3	USER	1	2017-05-27 07:23:58.563	\N	\N
66	66	3	USER	1	2017-05-27 07:24:39.327	\N	\N
67	67	3	USER	1	2017-05-30 22:08:14.736	\N	\N
68	68	3	USER	1	2017-05-30 22:10:11.658	\N	\N
69	69	3	USER	1	2017-05-30 22:31:42.354	\N	\N
70	70	3	USER	1	2017-06-13 02:10:18.684	\N	\N
71	71	3	USER	1	2017-06-13 02:20:53.406	\N	\N
72	72	3	USER	1	2017-06-13 09:41:13.302	\N	\N
73	73	3	USER	1	2017-06-13 18:41:02.437	\N	\N
74	74	3	USER	1	2017-06-13 19:03:06.86	\N	\N
75	75	3	USER	1	2017-06-13 19:19:22.18	\N	\N
76	76	3	USER	1	2017-06-13 19:28:00.088	\N	\N
77	77	3	USER	1	2017-06-13 19:47:22.712	\N	\N
78	78	3	USER	1	2017-06-13 19:48:12.274	\N	\N
79	79	3	USER	1	2017-06-13 22:43:53.326	\N	\N
80	80	3	USER	1	2017-06-13 22:45:31.901	\N	\N
81	81	3	USER	1	2017-06-13 22:47:35.124	\N	\N
82	82	3	USER	1	2017-06-13 23:56:23.545	\N	\N
83	83	3	USER	1	2017-06-14 00:26:50.708	\N	\N
84	84	3	USER	1	2017-06-18 03:11:49.684	\N	\N
85	85	3	USER	1	2017-06-18 03:17:44.095	\N	\N
\.


--
-- Data for Name: directorysendinfo; Type: TABLE DATA; Schema: public; Owner: weddfix
--

COPY directorysendinfo (id, vendorid, name, mobile, email, weddingdate, sendemail, needcallback, statusid, createdby, createddate, updatedby, updateddate, feedbackrequested, feedbackstatus) FROM stdin;
2	1	Ramesh	9629942968	rameshmuthuerc@gmail.com	\N	f	f	1	5	2017-01-04 14:44:46.722	5	2017-01-21 00:00:00	t	SUCCESS
1	2	Ramesh	9629942968	rameshmuthuerc@gmail.com	\N	f	f	1	5	2016-12-28 06:19:08.58	6	2017-01-26 00:00:00	t	\N
3	36	Shagul Hameed	9042126880	shagul001@gmail.com	\N	f	f	1	2	2017-03-01 04:44:01.568	\N	\N	\N	\N
4	1	Shagul	9042126880	shagul001@gmail.com	2017-12-31 00:00:00	t	f	1	2	2017-03-01 19:03:55.587	\N	\N	\N	\N
5	1	Shagul	9042126880	shagul001@gmail.com	2017-12-31 00:00:00	t	f	1	2	2017-03-03 13:27:34.868	\N	\N	\N	\N
6	1	Shagul	9042126880	shagul001@gmail.com	2017-12-31 00:00:00	t	f	1	2	2017-03-04 04:28:23.589	\N	\N	\N	\N
7	3	Ramesh	0	rameshmuthuerc@gmail.com	\N	f	f	1	5	2017-03-06 09:28:31.992	\N	\N	\N	\N
8	1	Shagul	9042126880	shagul001@gmail.com	2017-12-31 00:00:00	t	f	1	2	2017-03-16 03:38:01.814	\N	\N	\N	\N
9	1	Shagul	9042126880	shagul001@gmail.com	2017-12-31 00:00:00	f	f	1	2	2017-03-17 03:48:28.609	\N	\N	\N	\N
10	1	Shagul	9042126880	shagul001@gmail.com	2017-12-31 00:00:00	t	f	1	2	2017-03-17 03:54:13.424	\N	\N	\N	\N
11	1	Shagul	9042126880	shagul001@gmail.com	2017-12-31 00:00:00	f	f	1	2	2017-03-17 04:11:13.582	\N	\N	\N	\N
12	1	Shagul	9042126880	shagul001@gmail.com	2017-12-31 00:00:00	f	f	1	2	2017-03-17 04:11:30.67	\N	\N	\N	\N
13	1	Ramesh	0	rameshmuthuerc@gmail.com	2017-12-31 00:00:00	f	f	1	5	2017-03-17 04:14:35.983	\N	\N	\N	\N
14	3	Ramesh	0	rameshmuthuerc@gmail.com	2017-12-31 00:00:00	f	f	1	5	2017-03-17 04:15:32.325	\N	\N	\N	\N
17	1	Karthick	7418544792	karthickraja0292@gmail.com	2017-12-31 00:00:00	f	f	1	26	2017-04-02 05:15:48.153	\N	\N	\N	\N
18	1	Shagul	9042126880	shagul001@gmail.com	2017-12-31 00:00:00	t	f	1	2	2017-04-11 20:58:34.995	\N	\N	\N	\N
19	1	Karthick	0	karthickraja0292@gmail.com	\N	t	t	1	26	2017-04-11 21:46:12.516	\N	\N	\N	\N
20	1	Karthick	0	karthickraja0292@gmail.com	\N	f	t	1	26	2017-04-12 12:31:14.167	\N	\N	\N	\N
23	34	Ramesh	0	rameshmuthuerc@gmail.com	\N	f	f	1	5	2017-04-19 22:01:55.679	\N	\N	\N	\N
22	1	Ramesh	0	rameshmuthuerc@gmail.com	\N	f	f	1	5	2017-04-12 19:08:57.564	1	2017-05-07 00:00:00	t	\N
15	1	Shagul	9042126880	shagul001@gmail.com	2017-12-31 00:00:00	t	f	1	2	2017-03-18 02:59:44.826	1	2017-05-07 00:00:00	t	\N
16	1	Shagul	9042126880	shagul001@gmail.com	2017-12-31 00:00:00	t	f	1	2	2017-04-02 04:34:03.007	1	2017-05-07 00:00:00	t	\N
21	1	Karthick	0	karthickraja0292@gmail.com	2017-12-31 00:00:00	f	f	1	26	2017-04-12 13:42:44.524	1	2017-05-07 00:00:00	t	\N
24	1	Ramesh	0	ramesh@windowslive.com	\N	f	f	1	7	2017-05-26 19:07:09.624	\N	\N	\N	\N
25	1	Shagul	9042126880	shagul001@gmail.com	2017-12-31 00:00:00	t	f	1	2	2017-05-26 19:13:29.984	\N	\N	\N	\N
26	1	Shagul	9042126880	shagul001@gmail.com	2017-12-31 00:00:00	t	f	1	2	2017-05-26 19:15:55.054	\N	\N	\N	\N
27	1	Shagul	9042126880	shagul001@gmail.com	2017-12-31 00:00:00	t	f	1	2	2017-05-26 19:16:19.216	\N	\N	\N	\N
28	1	Shagul	9042126880	shagul001@gmail.com	2017-12-31 00:00:00	t	f	1	2	2017-05-26 19:17:45.426	\N	\N	\N	\N
29	1	Shagul	9042126880	shagul001@gmail.com	2017-12-31 00:00:00	t	f	1	2	2017-05-26 19:18:42.509	\N	\N	\N	\N
30	1	Shagul	9042126880	shagul001@gmail.com	2017-12-31 00:00:00	t	f	1	2	2017-05-26 19:18:48.499	\N	\N	\N	\N
31	1	Shagul	9042126880	shagul001@gmail.com	2017-12-31 00:00:00	t	f	1	2	2017-05-27 00:14:57.015	\N	\N	\N	\N
32	1	Shagul	9042126880	shagul001@gmail.com	2017-12-31 00:00:00	t	f	1	2	2017-05-27 00:15:09.307	\N	\N	\N	\N
33	1	Shagul	9042126880	shagul001@gmail.com	2017-12-31 00:00:00	t	f	1	2	2017-05-27 00:20:03.799	\N	\N	\N	\N
34	1	Shagul	9042126880	shagul001@gmail.com	2017-12-31 00:00:00	t	f	1	2	2017-05-27 00:20:27.427	\N	\N	\N	\N
35	1	Shagul	9042126880	shagul001@gmail.com	2017-12-31 00:00:00	t	f	1	2	2017-05-30 22:35:03.695	\N	\N	\N	\N
36	1	Shagul	9042126880	shagul001@gmail.com	2017-12-31 00:00:00	t	f	1	2	2017-05-31 02:55:20.926	\N	\N	\N	\N
37	1	Ramesh	9629942968	ramesh@windowslive.com	\N	t	f	1	7	2017-06-02 02:18:37.684	\N	\N	\N	\N
38	1	Ramesh	9629942968	ramesh@windowslive.com	\N	t	f	1	7	2017-06-02 02:26:35.453	\N	\N	\N	\N
39	1	Ramesh	9629942968	ramesh@windowslive.com	\N	f	t	1	7	2017-06-02 02:33:39.753	\N	\N	\N	\N
40	3	Ramesh	9629942968	ramesh@windowslive.com	\N	t	f	1	7	2017-06-02 02:37:40.574	\N	\N	\N	\N
41	1	Shagul	9042126880	shagul001@gmail.com	2017-12-31 00:00:00	t	f	1	2	2017-06-02 03:28:33.906	\N	\N	\N	\N
42	1	Ramesh	9629942968	ramesh@windowslive.com	\N	f	t	1	7	2017-06-02 03:45:38.362	\N	\N	\N	\N
43	1	Shagul	9042126880	shagul001@gmail.com	2017-12-31 00:00:00	t	f	1	2	2017-06-02 05:20:51.012	\N	\N	\N	\N
44	1	Ramesh	9629942968	rameshmuthuerc@gmail.com	\N	f	t	1	5	2017-06-03 04:50:58.112	\N	\N	\N	\N
\.


--
-- Data for Name: directoryupgradeplandetails; Type: TABLE DATA; Schema: public; Owner: weddfix
--

COPY directoryupgradeplandetails (id, planname, amount, validity, getsmsalert, isactive, createdby, createddate, updatedby, updateddate) FROM stdin;
1	FREE	0	1	f	t	1	2016-12-03 20:15:27.205743	1	2016-12-27 20:04:49.204
2	GOLD	500	6	t	t	1	2016-12-27 20:02:55.388	1	2017-05-21 04:02:22.993
3	DIAMOND	1000	12	t	t	1	2016-12-27 20:04:13.012	1	2017-05-21 04:02:51.953
\.


--
-- Data for Name: directoryuserprofile; Type: TABLE DATA; Schema: public; Owner: weddfix
--

COPY directoryuserprofile (id, fullname, email, password, passwordhash, mobile, cityid, stateid, countryid, pincode, description, profilepictureid, weddingdate, websiteurl, facebookurl, twitterurl, linkedinurl, pinteresturl, instagramurl, roleid, statusid, createdby, createddate, updatedby, updateddate) FROM stdin;
6	Ramesh	antidevil1332@gmail.com	65e183f23dea945f5e912827eaf4820	65e183f23dea945f5e912827eaf4820	9629942967	15	24	98	637208	i have a mahal in namakkal	\N	\N		\N	\N	\N	\N	\N	3	1	1	2017-01-04 17:32:48.814	6	2017-01-06 00:00:00
1	Shagul Hameed	admin@weddfix.com	1be2cd51784eb392dbbc025aee4287d9	1be2cd51784eb392dbbc025aee4287d9	9042126880	1	24	98	600028		172	\N	\N	\N	\N	\N	\N	\N	1	1	1	2016-12-04 13:01:06.890255	1	2017-01-26 00:00:00
3	Sana	sana@gmail.com	5d8cf6b5b92611e4ff6e9a50808fa9e6	5d8cf6b5b92611e4ff6e9a50808fa9e6	9042126880	1	24	98	600028	Hi	26	2016-12-29 00:00:00	\N	\N	\N	\N	\N	\N	3	1	1	2016-12-17 20:13:10.024	3	2017-01-01 00:00:00
4	dd studio	info@studioartin.com	65e183f23dea945f5e912827eaf4820	65e183f23dea945f5e912827eaf4820	9698926990	12	24	98	625014	SS Wedding Photography was established by Mr.KARTHIK in 1997. Our style of photography is contemporary with a classic twist; combining beautiful photography portraiture with dynamic reportage storytelling.\r\nI am a Tamilnadu based wedding photographer, and cover all surrounding areas. I have been taking photographs for over 10 years.\r\nMy love of landscape and nature photography, and fascination with aspect of light and seasonal changes has influenced my style of creative portraiture. I thoroughly enjoy being a wedding photographer, and I consider it a great honor to share such a special day with every couple, capturing photographic memories which will be treasured forever.\r\nProducing memorable wedding photographs requires a good understanding between the photographer and his subjects. I am able to create good pictures largely through my relaxed and personal approach, creating a rapport with each couple, all of which helps to build a trusting relationship. Careful thought and planning is given in achieving a satisfying record.\r\nOn your wedding day, my role is to work as unobtrusively as possible, allowing you to concentrate on enjoying your day. I am skilled at producing a visual commentary of weddings, combining a variety of creative, imaginative and reportage photography styles.\r\nI undertake group photography with minimal guests, preferring to allow fun and interaction between the bride & groom and the wedding party. Your wedding photography is your only lasting memory of your day, so, it is important that you choose someone with whom you can get along well.\r\n	24	\N	http://www.ssweddingphotography.com	\N	\N	\N	\N	\N	3	1	1	2016-12-27 20:06:19.5	4	2017-01-06 00:00:00
8	Ramu	jacky@gmail.com	5d8cf6b5b92611e4ff6e9a50808fa9e6	5d8cf6b5b92611e4ff6e9a50808fa9e6	9042126880	1	24	98	606202	\N	\N	2017-12-31 00:00:00	\N	\N	\N	\N	\N	\N	3	1	1	2017-02-14 18:47:22.454	\N	\N
9	Ramesh	ram@gmail.com	202cb962ac59075b964b07152d234b70	202cb962ac59075b964b07152d234b70	9632587459	10	24	98	963258	\N	\N	2017-09-09 00:00:00	\N	\N	\N	\N	\N	\N	3	1	1	2017-02-16 08:02:23.799	\N	\N
10	fhgg	vhcfgh	34fd3e99b603b8082c0b6666d637a1ab	34fd3e99b603b8082c0b6666d637a1ab	86555	134	31	8	565	\N	\N	2007-09-09 00:00:00	\N	\N	\N	\N	\N	\N	3	1	1	2017-02-16 08:04:09.652	\N	\N
11	ffty	gggg@h.com	202cb962ac59075b964b07152d234b70	202cb962ac59075b964b07152d234b70	96666	4	24	98	2555	\N	\N	2017-02-16 00:00:00	\N	\N	\N	\N	\N	\N	3	1	1	2017-02-16 08:35:33.41	\N	\N
12	fhhh	vhjj	c8ffe9a587b126f152ed3d89a146b445	c8ffe9a587b126f152ed3d89a146b445	89999	155	32	98	5666	\N	\N	2017-02-08 00:00:00	\N	\N	\N	\N	\N	\N	3	1	1	2017-02-16 08:37:00.184	\N	\N
13	hdhdh	nndbdh@g.com	202cb962ac59075b964b07152d234b70	202cb962ac59075b964b07152d234b70	9595995	2	32	98	95959	\N	\N	2017-02-16 00:00:00	\N	\N	\N	\N	\N	\N	3	1	1	2017-02-16 08:38:16.224	\N	\N
14	cfgf	ffff	6b76c83aa28b95c4a200df788af2c44d	6b76c83aa28b95c4a200df788af2c44d	8855	85	30	6	5555	\N	\N	\N	\N	\N	\N	\N	\N	\N	3	1	1	2017-02-16 08:38:55.23	\N	\N
15	ggcgf	gghhh	4929889963b548751d8b0760f4151e23	4929889963b548751d8b0760f4151e23	965555	154	5	98	85555	\N	\N	2017-02-02 00:00:00	\N	\N	\N	\N	\N	\N	3	1	1	2017-02-16 08:44:09.48	\N	\N
16	ghcg	cvccbvh@gmail.com	c8ffe9a587b126f152ed3d89a146b445	c8ffe9a587b126f152ed3d89a146b445	8855665	2	5	98	256255	\N	\N	2017-02-06 00:00:00	\N	\N	\N	\N	\N	\N	3	1	1	2017-02-16 08:58:44.739	\N	\N
17	Ramesh	raccvccbvh@gmail.com	202cb962ac59075b964b07152d234b70	202cb962ac59075b964b07152d234b70	965556555	2	24	98	236589	\N	\N	2017-02-02 00:00:00	\N	\N	\N	\N	\N	\N	3	1	1	2017-02-16 09:14:14.661	\N	\N
18	Ramesh	raja@gmail.com	c8ffe9a587b126f152ed3d89a146b445	c8ffe9a587b126f152ed3d89a146b445	9629942968	8	24	98	637208	\N	\N	2017-02-06 00:00:00	\N	\N	\N	\N	\N	\N	3	1	1	2017-02-17 06:13:26.052	\N	\N
19	Muthusamy	muthu@gmail.com	202cb962ac59075b964b07152d234b70	202cb962ac59075b964b07152d234b70	9629942968	15	24	98	62469	\N	\N	2017-03-03 00:00:00	\N	\N	\N	\N	\N	\N	3	1	1	2017-02-17 11:11:43.443	\N	\N
20	vinoth	vinoth@gmail.com	202cb962ac59075b964b07152d234b70	202cb962ac59075b964b07152d234b70	0	10	24	98	963258	\N	\N	2017-03-10 00:00:00	\N	\N	\N	\N	\N	\N	3	1	1	2017-02-18 07:54:07.422	20	2017-02-18 00:00:00
21	Arun	arun@gmail.com	202cb962ac59075b964b07152d234b70	202cb962ac59075b964b07152d234b70	0	15	24	98	963259	\N	\N	2018-02-10 00:00:00	\N	\N	\N	\N	\N	\N	3	1	1	2017-02-18 09:58:29.701	21	2017-02-18 00:00:00
22	Bala	bala@gmail.com	202cb962ac59075b964b07152d234b70	202cb962ac59075b964b07152d234b70	0	8	24	98	963259	\N	\N	2017-06-09 00:00:00	\N	\N	\N	\N	\N	\N	3	1	1	2017-02-18 10:29:06.911	22	2017-02-18 00:00:00
24	vini	vini@gmail.com	202cb962ac59075b964b07152d234b70	202cb962ac59075b964b07152d234b70	9629942968	10	24	98	123456	\N	\N	2017-05-07 00:00:00	\N	\N	\N	\N	\N	\N	3	1	1	2017-02-18 10:49:23.916	\N	\N
23	Muthu	muthu123@gmail.com	202cb962ac59075b964b07152d234b70	202cb962ac59075b964b07152d234b70	0	8	24	98	123456	\N	\N	2016-08-05 00:00:00	\N	\N	\N	\N	\N	\N	3	1	1	2017-02-18 10:35:25.157	23	2017-02-18 00:00:00
30	vinoth	vinoth123@gmail.com	202cb962ac59075b964b07152d234b70	202cb962ac59075b964b07152d234b70	0	32	24	98	123456	\N	\N	\N	\N	\N	\N	\N	\N	\N	3	1	1	2017-03-08 05:45:14.39	30	2017-03-08 00:00:00
25	Ramu	jaky@gmail.com	5d8cf6b5b92611e4ff6e9a50808fa9e6	5d8cf6b5b92611e4ff6e9a50808fa9e6	9042126880	1	24	98	606202	\N	\N	2017-12-31 00:00:00	\N	\N	\N	\N	\N	\N	3	1	1	2017-03-05 20:25:32.877	\N	\N
27	vijay	vijay@gmail.com	202cb962ac59075b964b07152d234b70	202cb962ac59075b964b07152d234b70	9629942968	10	24	98	637208	\N	\N	2017-03-05 00:00:00	\N	\N	\N	\N	\N	\N	3	1	1	2017-03-06 07:26:10.894	\N	\N
28	Arunkumar	arunkumar@gmail.com	202cb962ac59075b964b07152d234b70	202cb962ac59075b964b07152d234b70	0	4	24	98	637208	\N	\N	2017-09-30 00:00:00	\N	\N	\N	\N	\N	\N	3	1	1	2017-03-06 16:06:34.266	28	2017-03-06 00:00:00
31	karthickRaja	karthickraja@gmail.com	e2295eea4940a2066f36a58abf2f5995	e2295eea4940a2066f36a58abf2f5995	7418544792	1	24	98	607001	\N	\N	2017-12-31 00:00:00	\N	\N	\N	\N	\N	\N	3	1	1	2017-03-12 05:59:34.222	\N	\N
7	Ramesh	ramesh@windowslive.com	202cb962ac59075b964b07152d234b70	202cb962ac59075b964b07152d234b70	9629942968	15	24	98	637209	\N	428	\N	\N	\N	\N	\N	\N	\N	3	1	1	2017-02-02 09:42:30.786	7	2017-06-12 00:00:00
29	Ramesh	ram123@gmail.com	202cb962ac59075b964b07152d234b70	202cb962ac59075b964b07152d234b70	0	18	24	98	963256	\N	\N	\N	\N	\N	\N	\N	\N	\N	3	1	1	2017-03-07 06:35:54.826	29	2017-03-07 00:00:00
32	bzvzhaj	mzhgga	76d80224611fc919a5d54f0ff9fba446	76d80224611fc919a5d54f0ff9fba446	86463466	85	1	32	967667670	\N	\N	\N	\N	\N	\N	\N	\N	\N	3	1	1	2017-03-15 13:25:00.709	\N	\N
33	praveen	rpkumar91@gmail.com	76d80224611fc919a5d54f0ff9fba446	76d80224611fc919a5d54f0ff9fba446	0	1	24	98	620009	\N	\N	\N	\N	\N	\N	\N	\N	\N	3	1	1	2017-03-15 19:26:49.444	33	2017-03-15 00:00:00
34	karthickRaja	rpkumar@gmail.com	e2295eea4940a2066f36a58abf2f5995	e2295eea4940a2066f36a58abf2f5995	7418544792	1	24	98	607001	\N	\N	2017-12-31 00:00:00	\N	\N	\N	\N	\N	\N	3	1	1	2017-03-25 04:24:38.108	\N	\N
35	karthickRaja	rp91@gmail.com	79cfac6387e0d582f83a29a04d0bcdc4	79cfac6387e0d582f83a29a04d0bcdc4	7418544792	1	24	98	607001	\N	\N	2017-12-31 00:00:00	\N	\N	\N	\N	\N	\N	3	1	1	2017-03-25 04:53:26.917	\N	\N
36	ramesh999	ramesh999@gmail.com	6fc42c4388ed6f0c5a91257f096fef3c	6fc42c4388ed6f0c5a91257f096fef3c	98877665544	93	1	3	667887	\N	\N	0020-01-04 00:00:00	\N	\N	\N	\N	\N	\N	3	1	1	2017-03-25 05:12:14.86	\N	\N
38	maven	naveen@gmail.com	e691cb702f5d25642aa87009ef1948f8	e691cb702f5d25642aa87009ef1948f8	9867452321	82	29	1	632123	\N	\N	0019-05-06 00:00:00	\N	\N	\N	\N	\N	\N	3	1	1	2017-03-25 05:29:20.497	\N	\N
39	naveen12345	naveen12345@gmail.com	45becd6c5dd83e2179cd81df8640cd5a	45becd6c5dd83e2179cd81df8640cd5a	8967543212	82	2	1	654523	\N	\N	0020-01-03 00:00:00	\N	\N	\N	\N	\N	\N	3	1	1	2017-03-25 05:31:11.6	\N	\N
40	rppraveen91	rppraveen91@gmail.com	639c71ba1dbde84db84b3eb15d6820	639c71ba1dbde84db84b3eb15d6820	9876452312	82	29	1	654321	\N	\N	0022-01-03 00:00:00	\N	\N	\N	\N	\N	\N	3	1	1	2017-03-25 05:36:26.474	\N	\N
52	Test	karthi123@gmail.com	e10adc3949ba59abbe56e057f20f883e	e10adc3949ba59abbe56e057f20f883e	7418544792	49	24	98	607001	\N	\N	\N	\N	\N	\N	\N	\N	\N	3	1	1	2017-04-20 23:07:18.396	\N	\N
2	Shagul	shagul001@gmail.com	5d8cf6b5b92611e4ff6e9a50808fa9e6	5d8cf6b5b92611e4ff6e9a50808fa9e6	9042126880	1	24	98	606202	\N	27	\N	\N	\N	\N	\N	\N	\N	1	1	1	2016-12-10 15:58:31.466	2	2017-05-07 00:00:00
41	naveenkumar123	naveenkumar123@gmail..com	76d80224611fc919a5d54f0ff9fba446	76d80224611fc919a5d54f0ff9fba446	7845124578	1	24	98	698714	\N	\N	0020-05-03 00:00:00	\N	\N	\N	\N	\N	\N	3	1	1	2017-03-29 06:05:22.373	\N	\N
42	krishna	krishna123@gmail.com	76d80224611fc919a5d54f0ff9fba446	76d80224611fc919a5d54f0ff9fba446	8978451256	2	1	38	698745	\N	\N	0020-05-03 00:00:00	\N	\N	\N	\N	\N	\N	3	1	1	2017-03-29 06:09:24.144	\N	\N
56	test	test@gmail.com	e10adc3949ba59abbe56e057f20f883e	e10adc3949ba59abbe56e057f20f883e	7418544792	30	24	98	607001	\N	\N	\N	\N	\N	\N	\N	\N	\N	3	1	1	2017-05-01 04:39:39.145	\N	\N
44	Karthick R	karthickraja1292@gmail.com	e10adc3949ba59abbe56e057f20f883e	e10adc3949ba59abbe56e057f20f883e	7708405400	608	7	98	607001	\N	\N	2017-12-31 00:00:00	\N	\N	\N	\N	\N	\N	3	1	1	2017-04-09 04:39:03.837	44	2017-04-20 00:00:00
59	Ramesh	nil@gmail.com	202cb962ac59075b964b07152d234b70	202cb962ac59075b964b07152d234b70	9629942968	10	24	98	696529	\N	\N	\N	\N	\N	\N	\N	\N	\N	3	1	1	2017-05-24 06:18:30.818	59	2017-05-24 00:00:00
37	praveenkumar	praveenkumar91@gmail.com	962012d09b8170d912f0669f6d7d9d07	962012d09b8170d912f0669f6d7d9d07	9789276358	82	1	1	620009	\N	\N	0021-01-03 00:00:00	\N	\N	\N	\N	\N	\N	3	1	1	2017-03-25 05:25:13.597	37	2017-03-29 00:00:00
45	Karthick	karthick@gmail.com	e10adc3949ba59abbe56e057f20f883e	e10adc3949ba59abbe56e057f20f883e	7708405400	5	24	98	607001	\N	\N	2017-04-10 00:00:00	\N	\N	\N	\N	\N	\N	3	1	1	2017-04-09 04:41:22.254	45	2017-04-09 00:00:00
46	kart	kart@gmail.com	e10adc3949ba59abbe56e057f20f883e	e10adc3949ba59abbe56e057f20f883e	7708405400	1	24	98	607001	\N	\N	\N	\N	\N	\N	\N	\N	\N	3	1	1	2017-04-09 11:24:52.301	\N	\N
43	an	jothi8aj@gmail.com	76727d2f91ca2a75a6aaba84b1d7bce1	76727d2f91ca2a75a6aaba84b1d7bce1	9789276358	1	24	98	600001	\N	\N	0017-06-06 00:00:00	\N	\N	\N	\N	\N	\N	3	1	1	2017-04-06 02:31:21.278	\N	\N
47	karthickRaja	karthi@gmail.com	e2295eea4940a2066f36a58abf2f5995	e2295eea4940a2066f36a58abf2f5995	7418544792	1	24	98	607001	\N	\N	2017-12-31 00:00:00	\N	\N	\N	\N	\N	\N	3	1	1	2017-04-09 11:31:11.194	\N	\N
48	karthi	karthi1292@gmail.com	e10adc3949ba59abbe56e057f20f883e	e10adc3949ba59abbe56e057f20f883e	0	1	24	98	607001	\N	\N	\N	\N	\N	\N	\N	\N	\N	3	1	1	2017-04-09 11:46:19.487	48	2017-04-09 00:00:00
49	Balaji	againbala@hotmail.com	6d88858ef67009e9ee15f48a1f422453	6d88858ef67009e9ee15f48a1f422453	9965916911	12	24	98	625014	\N	\N	\N	\N	\N	\N	\N	\N	\N	3	1	1	2017-04-14 13:00:27.026	\N	\N
50	Balaji	againnoah@yahoo.com	170857006841a8c3f468d7e9065bec7f	170857006841a8c3f468d7e9065bec7f	9965916911	12	24	98	625014	\N	\N	\N	\N	\N	\N	\N	\N	\N	3	1	1	2017-04-14 13:04:52.037	\N	\N
51	Ramesh	ramee@gmail.com	202cb962ac59075b964b07152d234b70	202cb962ac59075b964b07152d234b70	9629942968	15	24	98	637280	\N	\N	\N	\N	\N	\N	\N	\N	\N	3	1	1	2017-04-14 23:22:29.157	\N	\N
53	kumar91	tamilmani89@gmail.com	76d80224611fc919a5d54f0ff9fba446	76d80224611fc919a5d54f0ff9fba446	9789276358	1	24	98	600016	\N	\N	0019-12-05 00:00:00	\N	\N	\N	\N	\N	\N	3	1	1	2017-04-24 04:58:33.15	\N	\N
54	arunkumar	arunkumar91@gmail.com	76d80224611fc919a5d54f0ff9fba446	76d80224611fc919a5d54f0ff9fba446	9789276358	56	12	6	60016	\N	\N	\N	\N	\N	\N	\N	\N	\N	3	1	1	2017-04-24 07:59:16.189	\N	\N
57	test	twst@gmail.com	e10adc3949ba59abbe56e057f20f883e	e10adc3949ba59abbe56e057f20f883e	0	9	24	98	607001	\N	\N	\N	\N	\N	\N	\N	\N	\N	3	1	1	2017-05-01 05:08:26.346	57	2017-05-01 00:00:00
26	Karthick	karthickraja0292@gmail.com	fcea920f7412b5da7be0cf42b8c93759	fcea920f7412b5da7be0cf42b8c93759	7418544792	1	24	98	606202	Hi...	\N	2017-12-31 00:00:00	\N	\N	\N	\N	\N	\N	3	1	1	2017-03-06 04:43:17.118	26	2017-05-07 00:00:00
55	karthick R	kar	81dc9bdb52d04dc20036dbd8313ed055	81dc9bdb52d04dc20036dbd8313ed055	7418544792	1	24	98	607001	\N	\N	\N	\N	\N	\N	\N	\N	\N	3	1	1	2017-04-29 04:05:48.191	\N	\N
58	Ramesh	raja123@gmail.com	202cb962ac59075b964b07152d234b70	202cb962ac59075b964b07152d234b70	9629942968	20	24	98	637203	\N	\N	\N	\N	\N	\N	\N	\N	\N	3	1	1	2017-05-24 06:11:00.688	\N	\N
60	Vinoth	vino@gmail.com	81dc9bdb52d04dc20036dbd8313ed055	81dc9bdb52d04dc20036dbd8313ed055	9629942968	12	24	98	3652368	\N	\N	\N	\N	\N	\N	\N	\N	\N	3	1	1	2017-05-24 06:25:07.353	\N	\N
61	mak	mak@gmail.com	202cb962ac59075b964b07152d234b70	202cb962ac59075b964b07152d234b70	9629942968	15	24	98	637208	\N	\N	\N	\N	\N	\N	\N	\N	\N	3	1	1	2017-05-26 19:59:25.393	\N	\N
62	Shagul	shagul0011@gmail.com	5d8cf6b5b92611e4ff6e9a50808fa9e6	5d8cf6b5b92611e4ff6e9a50808fa9e6	9042126880	1	24	98	606202	\N	\N	2017-12-31 00:00:00	\N	\N	\N	\N	\N	\N	3	1	1	2017-05-26 20:10:22.455	\N	\N
63	Shagul	guhan@gmail.com	5d8cf6b5b92611e4ff6e9a50808fa9e6	5d8cf6b5b92611e4ff6e9a50808fa9e6	9042126880	1	24	98	606202	\N	\N	2017-12-31 00:00:00	\N	\N	\N	\N	\N	\N	3	1	1	2017-05-26 20:11:04.667	\N	\N
64	Shagul	kaka@gmail.com	5d8cf6b5b92611e4ff6e9a50808fa9e6	5d8cf6b5b92611e4ff6e9a50808fa9e6	9042126880	1	24	98	606202	\N	\N	2017-12-31 00:00:00	\N	\N	\N	\N	\N	\N	3	1	1	2017-05-26 20:17:26.754	\N	\N
65	Shagul	boom@gmail.com	5d8cf6b5b92611e4ff6e9a50808fa9e6	5d8cf6b5b92611e4ff6e9a50808fa9e6	9042126880	1	24	98	606202	\N	\N	2017-12-31 00:00:00	\N	\N	\N	\N	\N	\N	3	1	1	2017-05-27 07:23:58.55	\N	\N
66	Shagul	kaka123456@gmail.com	5d8cf6b5b92611e4ff6e9a50808fa9e6	5d8cf6b5b92611e4ff6e9a50808fa9e6	9042126880	1	24	98	606202	\N	\N	2017-12-31 00:00:00	\N	\N	\N	\N	\N	\N	3	1	1	2017-05-27 07:24:39.298	\N	\N
67	Shagul	boom123@gmail.com	5d8cf6b5b92611e4ff6e9a50808fa9e6	5d8cf6b5b92611e4ff6e9a50808fa9e6	9042126880	1	24	98	606202	\N	\N	2017-12-31 00:00:00	\N	\N	\N	\N	\N	\N	3	1	1	2017-05-30 22:08:14.726	\N	\N
68	varun	varun@gmail.com	202cb962ac59075b964b07152d234b70	202cb962ac59075b964b07152d234b70	9629942968	8	24	98	2653896	\N	\N	\N	\N	\N	\N	\N	\N	\N	3	1	1	2017-05-30 22:10:11.643	\N	\N
69	murugan	murugan@gmail.com	202cb962ac59075b964b07152d234b70	202cb962ac59075b964b07152d234b70	9629942968	12	24	98	6523555	\N	\N	\N	\N	\N	\N	\N	\N	\N	3	1	1	2017-05-30 22:31:42.336	\N	\N
70	Ramesh	somu@gmail.com	e10adc3949ba59abbe56e057f20f883e	e10adc3949ba59abbe56e057f20f883e	9245202641	4	24	98	123456	\N	\N	\N	\N	\N	\N	\N	\N	\N	3	1	1	2017-06-13 02:10:18.669	\N	\N
71	Vijay	vijaykumar@gmail.com	e10adc3949ba59abbe56e057f20f883e	e10adc3949ba59abbe56e057f20f883e	9629942968	20	24	98	5698745	\N	\N	\N	\N	\N	\N	\N	\N	\N	3	1	1	2017-06-13 02:20:53.399	\N	\N
72	Gandhimathi 	gandhimathirp@gmail.com	4998c1ebb2964c5f9afb6cd13d14c3	4998c1ebb2964c5f9afb6cd13d14c3	8870199443	12	24	98	625014	\N	\N	\N	\N	\N	\N	\N	\N	\N	3	1	1	2017-06-13 09:41:13.289	\N	\N
73	Check	check@gmail.com	e10adc3949ba59abbe56e057f20f883e	e10adc3949ba59abbe56e057f20f883e	9629942968	8	24	98	123456	\N	\N	\N	\N	\N	\N	\N	\N	\N	3	1	1	2017-06-13 18:41:02.425	\N	\N
74	check	check1@gmail.com	202cb962ac59075b964b07152d234b70	202cb962ac59075b964b07152d234b70	9629942968	4	24	98	123	\N	\N	\N	\N	\N	\N	\N	\N	\N	3	1	1	2017-06-13 19:03:06.85	\N	\N
75	check	check2@gmail.com	202cb962ac59075b964b07152d234b70	202cb962ac59075b964b07152d234b70	9629942968	7	24	98	123456	\N	\N	\N	\N	\N	\N	\N	\N	\N	3	1	1	2017-06-13 19:19:22.165	\N	\N
76	checker	check3@gmail.com	202cb962ac59075b964b07152d234b70	202cb962ac59075b964b07152d234b70	9629942968	10	24	98	123456	\N	\N	\N	\N	\N	\N	\N	\N	\N	3	1	1	2017-06-13 19:28:00.051	\N	\N
77	checking	checking	202cb962ac59075b964b07152d234b70	202cb962ac59075b964b07152d234b70	9629942968	8	24	98	123456	\N	\N	\N	\N	\N	\N	\N	\N	\N	3	1	1	2017-06-13 19:47:22.703	\N	\N
78	checking	checking@gmail.com	202cb962ac59075b964b07152d234b70	202cb962ac59075b964b07152d234b70	9629942968	8	24	98	123456	\N	\N	\N	\N	\N	\N	\N	\N	\N	3	1	1	2017-06-13 19:48:12.267	\N	\N
79	testing	testing@gmail.com	202cb962ac59075b964b07152d234b70	202cb962ac59075b964b07152d234b70	9629942968	8	24	98	1236588	\N	\N	\N	\N	\N	\N	\N	\N	\N	3	1	1	2017-06-13 22:43:53.316	\N	\N
80	test	test123@gmail.com	202cb962ac59075b964b07152d234b70	202cb962ac59075b964b07152d234b70	9629942968	9	24	98	8555	\N	\N	\N	\N	\N	\N	\N	\N	\N	3	1	1	2017-06-13 22:45:31.887	\N	\N
81	test	test321@gmail.com	202cb962ac59075b964b07152d234b70	202cb962ac59075b964b07152d234b70	9629942968	10	24	98	632585	\N	\N	\N	\N	\N	\N	\N	\N	\N	3	1	1	2017-06-13 22:47:35.112	\N	\N
82	testing	testing123@gmail.com	202cb962ac59075b964b07152d234b70	202cb962ac59075b964b07152d234b70	9629942968	8	24	98	266555	\N	\N	\N	\N	\N	\N	\N	\N	\N	3	1	1	2017-06-13 23:56:23.515	\N	\N
83	somu	somu123@gmail.com	202cb962ac59075b964b07152d234b70	202cb962ac59075b964b07152d234b70	9629942968	8	24	98	123688	\N	\N	\N	\N	\N	\N	\N	\N	\N	3	1	1	2017-06-14 00:26:50.649	\N	\N
5	Ramesh	rameshmuthuerc@gmail.com	e10adc3949ba59abbe56e057f20f883e	e10adc3949ba59abbe56e057f20f883e	9629942968	4	24	98	606202	\N	241	\N	\N	\N	\N	\N	\N	\N	3	1	1	2016-12-28 06:09:41.618	5	2017-06-17 00:00:00
84	vinoth	vino123@gmail.com	e10adc3949ba59abbe56e057f20f883e	e10adc3949ba59abbe56e057f20f883e	9629942968	8	24	98	123555	\N	\N	\N	\N	\N	\N	\N	\N	\N	3	1	1	2017-06-18 03:11:49.673	84	2017-06-18 00:00:00
85	book	book@gmail.com	e10adc3949ba59abbe56e057f20f883e	e10adc3949ba59abbe56e057f20f883e	9629942968	8	24	98	123456	\N	\N	\N	\N	\N	\N	\N	\N	\N	3	1	1	2017-06-18 03:17:44.085	\N	\N
\.


--
-- Data for Name: directoryuserpwreset; Type: TABLE DATA; Schema: public; Owner: weddfix
--

COPY directoryuserpwreset (id, userid, resetkey) FROM stdin;
4	37	90de3136-6cf8-417a-a2fb-04930063a14f
6	53	4b34b7ec-a403-4416-ba93-e71d9c532095
8	6	e2464bcb-d2df-4bf4-b4fd-0b169f06c015
10	50	f6f86a74-cf5a-495d-8799-c2b7d66c50ce
19	9	46db3613-1a2e-4bee-959b-a7efcdc27e1d
25	2	e6bbaf66-7b02-4cd3-9ec6-49c826b14c9f
27	5	0e0d13f3-dbcd-40c4-88b1-ddd65eb77fe6
\.


--
-- Data for Name: directoryvendoraccountdetails; Type: TABLE DATA; Schema: public; Owner: weddfix
--

COPY directoryvendoraccountdetails (id, userid, accounttype, deleteprofilereason, isprofiledeleted, verifymobilenumber, verifyemailid, verifiedmobilenumber, verifiedemailid, transactionid, transactionstatus, status, createdby, createddate, updatedby, updateddate) FROM stdin;
21	21	1	\N	f	111355	216343	t	f	\N	\N	1	21	2017-01-20 22:25:23.954	21	2017-01-20 00:00:00
22	22	1	\N	f	193174	800465	t	f	\N	\N	1	22	2017-01-20 22:46:21.266	22	2017-01-20 00:00:00
23	23	1	\N	f	250903	182150	t	f	\N	\N	1	23	2017-01-20 23:00:48.237	23	2017-01-20 00:00:00
5	5	1	\N	f	608978	859542	t	f	\N	\N	1	5	2017-01-05 20:42:06.697	5	2017-01-05 00:00:00
24	24	1	\N	f	238619	467709	t	f	\N	\N	1	24	2017-01-21 11:47:24.914	24	2017-01-21 00:00:00
25	25	1	\N	f	402721	265870	t	f	\N	\N	1	25	2017-01-25 12:01:12.127	25	2017-01-25 00:00:00
26	26	1	\N	f	562836	817782	t	f	\N	\N	1	26	2017-01-25 12:16:35.096	26	2017-01-25 00:00:00
27	27	1	\N	f	700551	902499	t	f	\N	\N	1	27	2017-01-25 12:26:21.947	27	2017-01-25 00:00:00
6	6	1	\N	f	168053	495561	t	f	\N	\N	1	6	2017-01-06 08:10:58.127	6	2017-01-06 00:00:00
28	28	1	\N	f	164469	389781	t	f	\N	\N	1	28	2017-01-25 19:25:39.114	28	2017-01-25 00:00:00
1	1	2	\N	f	336243	677122	t	f	\N	\N	1	1	2017-01-01 14:25:02.717	1	2017-01-06 00:00:00
2	2	2	\N	f	107479	994211	t	f	\N	\N	1	2	2017-01-04 17:36:27.883	1	2017-01-08 00:00:00
29	29	1	\N	f	718727	635399	f	f	\N	\N	1	29	2017-02-20 08:21:41.888	\N	\N
4	4	3	\N	f	686085	415153	t	f	\N	\N	1	4	2017-01-05 17:40:30.815	1	2017-01-08 00:00:00
30	30	1	\N	f	390957	360578	t	f	\N	\N	1	30	2017-02-20 08:23:01.438	30	2017-02-20 00:00:00
7	7	3	\N	f	608121	402457	t	f	\N	\N	1	7	2017-01-08 19:32:06.149	1	2017-01-08 00:00:00
3	3	3	\N	f	666277	807523	t	f	\N	\N	1	3	2017-01-05 11:11:48.435	1	2017-01-08 00:00:00
31	31	1	\N	f	803549	371409	t	f	\N	\N	1	31	2017-02-21 04:59:57.969	31	2017-02-21 00:00:00
8	8	3	\N	f	475530	430792	t	f	\N	\N	1	8	2017-01-08 19:47:38.778	1	2017-01-08 00:00:00
9	9	1	\N	f	651986	145416	t	f	\N	\N	1	9	2017-01-08 20:03:08.37	9	2017-01-08 00:00:00
10	10	1	\N	f	509281	885577	t	f	\N	\N	1	10	2017-01-09 08:14:57.95	10	2017-01-09 00:00:00
11	11	1	\N	f	934431	474029	t	f	\N	\N	1	11	2017-01-10 02:13:05.961	11	2017-01-10 00:00:00
12	12	1	\N	f	341705	454459	t	f	\N	\N	1	12	2017-01-10 02:30:31.177	12	2017-01-10 00:00:00
13	13	1	\N	f	439247	737143	t	f	\N	\N	1	13	2017-01-10 03:07:11.147	13	2017-01-10 00:00:00
14	14	1	\N	t	886934	645441	f	f	\N	\N	1	14	2017-01-16 14:55:14.902	1	2017-01-16 00:00:00
15	15	1	\N	f	835929	314410	t	f	\N	\N	1	15	2017-01-16 15:02:01.616	15	2017-01-16 00:00:00
16	16	1	\N	f	674310	275536	t	f	\N	\N	1	16	2017-01-16 15:16:08.195	16	2017-01-16 00:00:00
17	17	1	\N	f	288487	697659	t	f	\N	\N	1	17	2017-01-17 06:13:20.943	17	2017-01-17 00:00:00
18	18	1	\N	f	204894	636733	t	f	\N	\N	1	18	2017-01-17 06:26:12.215	18	2017-01-17 00:00:00
19	19	1	\N	f	496423	523242	t	f	\N	\N	1	19	2017-01-18 08:54:22.94	19	2017-01-18 00:00:00
20	20	1	\N	f	937339	101813	t	f	\N	\N	1	20	2017-01-20 22:10:49.399	20	2017-01-20 00:00:00
32	32	1	\N	f	943789	702386	t	f	\N	\N	1	32	2017-02-21 05:23:59.631	32	2017-02-21 00:00:00
33	33	1	\N	f	382640	815917	t	f	\N	\N	1	33	2017-02-21 05:29:41.933	33	2017-02-21 00:00:00
34	34	1	\N	f	648444	537674	t	f	\N	\N	1	34	2017-02-21 05:39:35.403	34	2017-02-21 00:00:00
35	35	1	\N	f	283019	572932	t	f	\N	\N	1	35	2017-02-21 06:01:56.284	35	2017-02-21 00:00:00
36	36	1	\N	f	807497	123355	t	f	\N	\N	1	36	2017-02-21 11:16:31.536	36	2017-02-21 00:00:00
37	37	1	\N	f	211889	691853	t	f	\N	\N	1	37	2017-02-23 14:11:10.682	37	2017-02-23 00:00:00
38	38	1	\N	f	493378	656460	t	f	\N	\N	1	38	2017-02-27 14:07:15.055	38	2017-02-27 00:00:00
39	39	1	\N	f	976247	400750	t	f	\N	\N	1	39	2017-03-02 09:29:20.206	39	2017-03-02 00:00:00
51	51	1	\N	f	158629	139008	t	f	\N	\N	1	51	2017-04-26 23:57:30.648	1	2017-04-28 00:00:00
42	42	1	\N	f	120800	603608	f	f	\N	\N	1	42	2017-04-15 13:09:13.762	\N	\N
41	41	1	\N	f	748172	487080	f	f	\N	\N	1	41	2017-04-15 12:11:13.468	41	2017-04-15 00:00:00
43	43	1	\N	f	943098	937067	t	f	\N	\N	1	43	2017-04-15 13:09:48.992	43	2017-04-15 00:00:00
44	44	1	\N	f	982321	282847	t	f	\N	\N	1	44	2017-04-15 13:52:18.821	44	2017-04-15 00:00:00
45	45	1	\N	f	916317	511974	f	f	\N	\N	1	45	2017-04-16 11:15:44.708	45	2017-04-16 00:00:00
46	46	1	\N	f	555815	520793	t	f	\N	\N	1	46	2017-04-16 11:21:14.268	46	2017-04-16 00:00:00
47	47	1	\N	f	359267	113225	t	f	\N	\N	1	47	2017-04-26 21:22:36.675	47	2017-04-26 00:00:00
48	48	1	\N	f	177316	681882	t	f	\N	\N	1	48	2017-04-26 22:30:41.12	48	2017-04-26 00:00:00
49	49	1	\N	f	883496	250785	t	f	\N	\N	1	49	2017-04-26 22:58:08.045	49	2017-04-26 00:00:00
50	50	1	\N	f	917665	812080	t	f	\N	\N	1	50	2017-04-26 23:28:35.054	50	2017-04-26 00:00:00
52	52	1	\N	f	101326	133616	t	f	\N	\N	1	52	2017-04-27 00:26:49.519	52	2017-04-27 00:00:00
53	53	1	\N	f	718447	722964	t	f	\N	\N	1	53	2017-04-27 01:05:03.94	53	2017-04-27 00:00:00
54	54	1	\N	f	780371	753929	t	f	\N	\N	1	54	2017-04-27 02:41:54.686	54	2017-04-27 00:00:00
55	55	1	\N	f	731575	377380	t	f	\N	\N	1	55	2017-04-27 03:07:46.209	55	2017-04-27 00:00:00
56	56	1	\N	f	169429	207476	t	f	\N	\N	1	56	2017-04-27 03:27:34.118	56	2017-04-27 00:00:00
57	57	1	\N	f	832145	424129	t	f	\N	\N	1	57	2017-04-27 03:48:51.787	57	2017-04-27 00:00:00
58	58	1	\N	f	667429	700386	t	f	\N	\N	1	58	2017-04-27 04:19:47.159	58	2017-04-27 00:00:00
59	59	1	\N	f	363657	690819	t	f	\N	\N	1	59	2017-04-27 04:42:50.246	59	2017-04-27 00:00:00
60	60	1	\N	f	391249	142810	t	f	\N	\N	1	60	2017-04-27 05:27:50.607	60	2017-04-27 00:00:00
61	61	1	\N	f	421119	662406	t	f	\N	\N	1	61	2017-04-28 00:47:32.292	61	2017-04-28 00:00:00
62	62	1	\N	f	517095	632814	f	f	\N	\N	1	62	2017-05-07 09:50:28.806	\N	\N
63	63	1	\N	f	296312	920261	f	f	\N	\N	1	63	2017-05-07 09:52:31.14	\N	\N
64	64	1	\N	f	861749	794319	f	f	\N	\N	1	64	2017-05-07 09:53:19.085	\N	\N
65	65	1	\N	f	824252	191082	f	f	\N	\N	1	65	2017-05-07 09:54:48.533	\N	\N
66	66	1	\N	f	619652	983123	f	f	\N	\N	1	66	2017-05-07 10:01:52.857	\N	\N
67	67	1	\N	f	900901	805775	f	f	\N	\N	1	67	2017-05-07 10:03:33.398	\N	\N
68	68	1	\N	f	700712	713697	f	f	\N	\N	1	68	2017-05-07 10:05:29.561	\N	\N
40	40	1	\N	f	174021	673378	t	f	\N	\N	1	40	2017-03-15 09:31:24.794	40	2017-05-07 00:00:00
69	69	1	\N	f	749338	700817	t	f	\N	\N	1	69	2017-05-21 06:59:51.785	69	2017-05-22 00:00:00
70	70	1	\N	f	573202	448495	t	f	\N	\N	1	70	2017-05-26 00:05:05.765	70	2017-05-26 00:00:00
71	71	1	\N	f	556598	773819	f	f	\N	\N	1	71	2017-06-09 01:02:50.097	\N	\N
72	72	1	\N	f	293215	149571	f	f	\N	\N	1	72	2017-06-12 01:54:37.743	\N	\N
73	73	1	\N	f	159381	485920	f	f	\N	\N	1	73	2017-06-14 03:49:28.311	\N	\N
74	74	1	\N	f	329402	274777	t	f	\N	\N	1	74	2017-06-14 04:03:35.819	74	2017-06-14 00:00:00
75	75	1	\N	f	185872	420692	t	f	\N	\N	1	75	2017-06-14 04:28:55.769	75	2017-06-14 00:00:00
76	76	1	\N	f	455364	290170	f	f	\N	\N	1	76	2017-06-14 05:00:17.203	\N	\N
77	77	1	\N	f	570086	513504	t	f	\N	\N	1	77	2017-06-14 05:11:55.646	77	2017-06-14 00:00:00
78	78	1	\N	f	682246	505102	t	f	\N	\N	1	78	2017-06-14 05:42:16.306	78	2017-06-14 00:00:00
79	79	1	\N	f	926650	676172	f	f	\N	\N	1	79	2017-06-14 06:08:29.635	\N	\N
80	80	1	\N	f	335841	785434	t	f	\N	\N	1	80	2017-06-14 06:17:52.97	80	2017-06-14 00:00:00
81	81	1	\N	f	190075	296090	t	f	\N	\N	1	81	2017-06-18 00:09:46.689	81	2017-06-18 00:00:00
\.


--
-- Data for Name: directoryvendorprofile; Type: TABLE DATA; Schema: public; Owner: weddfix
--

COPY directoryvendorprofile (id, fullname, email, password, passwordhash, mobile, cityid, stateid, countryid, pincode, description, profilepictureid, websiteurl, facebookurl, twitterurl, linkedinurl, pinteresturl, instagramurl, roleid, statusid, createdby, createddate, updatedby, updateddate) FROM stdin;
4	SS STUDIO	ssdigitalstudiotrichy@gmail.com	c5c503387ac922f87e3656cc671fa578	c5c503387ac922f87e3656cc671fa578	9698926990	12	24	98	625014	SS Wedding Photography was established by Mr.KARTHIK in 1997. Our style of photography is contemporary with a classic twist; combining beautiful photography portraiture with dynamic reportage storytelling.\r\nI am a Tamilnadu based wedding photographer, and cover all surrounding areas. I have been taking photographs for over 10 years.\r\nMy love of landscape and nature photography, and fascination with aspect of light and seasonal changes has influenced my style of creative portraiture. I thoroughly enjoy being a wedding photographer, and I consider it a great honor to share such a special day with every couple, capturing photographic memories which will be treasured forever.\r\nProducing memorable wedding photographs requires a good understanding between the photographer and his subjects. I am able to create good pictures largely through my relaxed and personal approach, creating a rapport with each couple, all of which helps to build a trusting relationship. Careful thought and planning is given in achieving a satisfying record.\r\nOn your wedding day, my role is to work as unobtrusively as possible, allowing you to concentrate on enjoying your day. I am skilled at producing a visual commentary of weddings, combining a variety of creative, imaginative and reportage photography styles.\r\nI undertake group photography with minimal guests, preferring to allow fun and interaction between the bride & groom and the wedding party. Your wedding photography is your only lasting memory of your day, so, it is important that you choose someone with whom you can get along well.\r\n	\N	http://www.ssweddingphotography.com	\N	\N	\N	\N	\N	4	1	1	2017-01-05 17:40:30.812	1	2017-01-08 00:00:00
5	P.BALAJI	againnoah@yahoo.com	65e183f23dea945f5e912827eaf4820	65e183f23dea945f5e912827eaf4820	7397776911	12	24	98	625014		\N	www.studioartin.com	\N	\N	\N	\N	\N	4	1	1	2017-01-05 20:42:06.694	5	2017-01-05 00:00:00
8	Vinitas	contact@vinitas.co.in	99fd2e53b0daeafddabf8ad1b1db4e41	99fd2e53b0daeafddabf8ad1b1db4e41	9698926990	12	24	98	625020	\N	\N	http://vinitas.co.in	\N	\N	\N	\N	\N	4	1	1	2017-01-08 19:47:38.772	1	2017-01-08 00:00:00
7	Nidha's Beauty Zone & Spa	info@nidhasbeautystudio.com	6f24cc0341fb40179962d6b83dabacac	6f24cc0341fb40179962d6b83dabacac	9698926990	12	24	98	625010	\N	\N		\N	\N	\N	\N	\N	4	1	1	2017-01-08 19:32:06.143	1	2017-01-08 00:00:00
3	RACHNAS BEAUTY STUDIO	makeoverbyrachnasbeautystudio@gmail.com	a68a194ac553a61064922633ce97838d	a68a194ac553a61064922633ce97838d	9698926990	12	24	98	625020	The most auspicious day of your life is your wedding. Being the Bride you become the centre of attention, every bride wants to look like a princess, glowing with radiance.  We've got all the bridal beauty tips you need to look your best on your wedding day.  Your wedding day makeup should reflect your personality and we make sure that we design a perfect look that enhances your features. Our team crafts the look that you desire for every occasion  be it the Mehendi, Sangeeth, Cocktail, Wedding or Reception.\r\nAt Rachna's Beauty Studio, we pay attention to every aspect of your wedding look and create a personalized bridal and pre bridal package to suit your requirements. Planning a destination wedding? we will travel to any destination for the bride-to-be. Our wedding makeup artists and hairstylists are available for outstation weddings at your request.\r\n \r\nWe also cater for bridesmaids, mother of the bride, and other family members.	\N	http://www.rachnasbeautystudio.com	\N	\N	\N	\N	\N	4	1	1	2017-01-05 11:11:48.392	1	2017-01-08 00:00:00
2	STUDIO ART	info@studioartin.com	65e183f23dea945f5e912827eaf4820	65e183f23dea945f5e912827eaf4820	9965916911	12	24	98	625014	Studio Art is a young and dynamic multimedia studio specialising in the art of Ad film Making, Corporate Visual Making, wedding Cinematic Videography, Candid Photography in Madurai, Trichy, Chennai, Salem, Coimbatore, Karur, Pondicherry, Bangalore. \r\n \r\nWe offer Photography and Cinematography, and Contemporary Photography services. We are happy people who enjoy capturing wonderful moments on your wedding day and blend that with our creative ideas and cinematography technology to ensures that our delivery is with memorable highlight of your wedding event. We are creative crew provide all round of services from professional photography to beautifully retouched images and make your wedding album speaks about your wedding memorable event. We provide detailed motion pictures of couples' special day which they would be able to revive their event after their wedding day. We encourage couples to have fun and get creative with their wedding film. With our expertise and creativity in making concept films, we strive to deliver one that is fun, entertaining and memorable. \r\n \r\nIf you are looking for passionate, committed & high energy individuals for event coverage, please call us (+91 9965916911) or drop us a message with your proposal and we will get back to you as soon as possible!	\N	www.studioartin.com	\N	\N	\N	\N	\N	4	1	1	2017-01-04 17:36:27.872	1	2017-01-08 00:00:00
9	Chellam Century Hall	vscsoaps@gmail.com	d801641cd6cea656c5b876a0ca18c035	d801641cd6cea656c5b876a0ca18c035	9698926990	12	24	98	625009	\N	\N	http://chellamcenturyhall.co.in	\N	\N	\N	\N	\N	4	1	1	2017-01-08 20:03:08.368	9	2017-01-08 00:00:00
10	Chennai Wedding Photographers 	info@chennaiweddingphotography.info	302fdc27741f77b3129381aba4d817d6	302fdc27741f77b3129381aba4d817d6	9698926990	1	24	98	600024	\N	\N	www.chennaiweddingphotography	\N	\N	\N	\N	\N	4	1	1	2017-01-09 08:14:57.943	10	2017-01-09 00:00:00
11	Easwaran 	info@eswaranthenellaicatering.com	2cb6402bd74937086c9a96f34d225032	2cb6402bd74937086c9a96f34d225032	9698926990	12	24	98	625001	\N	\N	eswaranthenellaicatering.com	\N	\N	\N	\N	\N	4	1	1	2017-01-10 02:13:05.951	11	2017-01-10 00:00:00
12	Mrs HINDUMATHI	ommuruga77@ymail.com	d395b5581819b4fbe81a8fe8057bac1d	d395b5581819b4fbe81a8fe8057bac1d	9698926990	12	24	98	625020	\N	\N	http://ommurugacatering.com	\N	\N	\N	\N	\N	4	1	1	2017-01-10 02:30:31.172	12	2017-01-10 00:00:00
13	Mr.S.Ramanan	ramanacatering@gmail.com	a1cf154e60341d189ee003a9ce38beab	a1cf154e60341d189ee003a9ce38beab	9698926990	12	24	98	625010	\N	\N	http://www.srisrisathyanarayanacaterers.com	\N	\N	\N	\N	\N	4	1	1	2017-01-10 03:07:11.145	13	2017-01-10 00:00:00
14	Nithya	evprajeswari@gmail.com	77b95c10ed1f428df1c0aca65be9e166	77b95c10ed1f428df1c0aca65be9e166	9444403848	1	24	98	600128	\N	\N	http://www.evprajeswari.com/	\N	\N	\N	\N	\N	4	2	1	2017-01-16 14:55:14.863	1	2017-01-16 00:00:00
15	Nithya	evprajeswari1@gmail.com	de0c9f427d64e4046fc7746b91cb3efb	de0c9f427d64e4046fc7746b91cb3efb	9698926990	1	24	98	600128	\N	\N		\N	\N	\N	\N	\N	4	1	1	2017-01-16 15:02:01.608	15	2017-01-16 00:00:00
16	Sri Sai Vivaha Mahal	info@srisaivivahamahal.com	220ca8a6353816680e0da822c76909c6	220ca8a6353816680e0da822c76909c6	9944055653	4	24	98	641015	\N	\N	http://www.srisaivivahamahal.com/	\N	\N	\N	\N	\N	4	1	1	2017-01-16 15:16:08.193	16	2017-01-16 00:00:00
17	Kalyanamalai MNC VEL Kalyana Mandapam	info@kmweddinghalls.com	1bba224edf09679103b382f77f36ec5b	1bba224edf09679103b382f77f36ec5b	9944055653	4	24	98	641406	\N	\N	http://www.kmweddinghalls.com/	\N	\N	\N	\N	\N	4	1	1	2017-01-17 06:13:20.906	17	2017-01-17 00:00:00
18	shivalaiya	info@shivalaiya.in	bd074ca50c42e671e24a6a5f0f49bdb	bd074ca50c42e671e24a6a5f0f49bdb	9944055653	4	24	98	641026	\N	\N	http://www.shivalaiya.in/	\N	\N	\N	\N	\N	4	1	1	2017-01-17 06:26:12.209	18	2017-01-17 00:00:00
19	Midland Residency	midlandresidencycbe@gmail.com	f71fec1f58cffd4ee08d3d7c74e24db5	f71fec1f58cffd4ee08d3d7c74e24db5	9944055653	4	24	98	641039	\N	\N	http://midlandresidency.in/	\N	\N	\N	\N	\N	4	1	1	2017-01-18 08:54:22.932	19	2017-01-18 00:00:00
20	PrettyQueen	prettyqueenliza2010@gmail.com	67ea3be0d9a8a9d7679a9844c1a6be71	67ea3be0d9a8a9d7679a9844c1a6be71	9944055653	4	24	98	641045	\N	\N	http://www.prettyqueen.in/	\N	\N	\N	\N	\N	4	1	1	2017-01-20 22:10:49.35	20	2017-01-20 00:00:00
21	Ritzsalon	enquiry@ritzsalon.in	9aab16b878388dad0ffe288ee229ccac	9aab16b878388dad0ffe288ee229ccac	9944055653	4	24	98	641045	\N	\N	http://www.ritzsalon.in/	\N	\N	\N	\N	\N	4	1	1	2017-01-20 22:25:23.948	21	2017-01-20 00:00:00
22	Priya	info@priyasbeautyspa.com	5eaedfde42cd9df2091ccf513ec421e9	5eaedfde42cd9df2091ccf513ec421e9	9944055653	20	24	98	636015	\N	\N	http://www.priyasbeautyspa.com/	\N	\N	\N	\N	\N	4	1	1	2017-01-20 22:46:21.26	22	2017-01-20 00:00:00
23	Salonmanthra	salonmanthraslm@gmail.com 	685587c63da9d82737b85bc858b118b6	685587c63da9d82737b85bc858b118b6	9944055653	20	24	98	636007	\N	\N	http://www.salonmanthra.com/	\N	\N	\N	\N	\N	4	1	1	2017-01-20 23:00:48.233	23	2017-01-20 00:00:00
24	Karthick R	karthickraja@gmail.com	e10adc3949ba59abbe56e057f20f883e	e10adc3949ba59abbe56e057f20f883e	7418544792	1	24	98	607001	\N	\N		\N	\N	\N	\N	\N	4	1	1	2017-01-21 11:47:24.895	24	2017-01-21 00:00:00
25	Absolute Decors Chennai	absolutedecors@gmail.com	f6d2745d03a89e284f30cffb5e0a6362	f6d2745d03a89e284f30cffb5e0a6362	9944055653	1	24	98	600094	\N	\N	http://www.absolutedecors.com/	\N	\N	\N	\N	\N	4	1	1	2017-01-25 12:01:12.071	25	2017-01-25 00:00:00
26	Ethnic Decors	mailus@ethnicdecors.com	fe020a5029e53f9e91e4834a9a518a9d	fe020a5029e53f9e91e4834a9a518a9d	9944055653	1	24	98	600008	\N	\N	http://www.ethnicdecors.com/	\N	\N	\N	\N	\N	4	1	1	2017-01-25 12:16:35.094	26	2017-01-25 00:00:00
27	Wedding Decorator	hello@johnmilton.in	72dae8c86504279ec06ae108ce4b7398	72dae8c86504279ec06ae108ce4b7398	9944055653	1	24	98	600082	\N	\N	http://www.weddingdecorator.in/	\N	\N	\N	\N	\N	4	1	1	2017-01-25 12:26:21.939	27	2017-01-25 00:00:00
28	SUN CATERING SERVICES	suncateringservices9@gmail.com	3a3f7aebf5bbb793b52bb2947a1ad5fe	3a3f7aebf5bbb793b52bb2947a1ad5fe	9944055653	4	24	98	641006	\N	\N	http://www.suncateringservices.com/	\N	\N	\N	\N	\N	4	1	1	2017-01-25 19:25:39.102	28	2017-01-25 00:00:00
34	 Smiley Media Wedding Photography	info@smileymediachennai.com	ef7e0b2e4b3a1019d26f2ff822d41ea7	ef7e0b2e4b3a1019d26f2ff822d41ea7	9944055653	1	24	98	600040	\N	\N	http://smileymediachennai.com	\N	\N	\N	\N	\N	4	1	1	2017-02-21 05:39:35.397	34	2017-02-21 00:00:00
35	SS Digital Photography	ssdigitalch@gmail.com	4acecd2d4c6728a8db998814242f5b32	4acecd2d4c6728a8db998814242f5b32	9944055653	1	24	98	600024	\N	\N	www.ssdigitalch.com	\N	\N	\N	\N	\N	4	1	1	2017-02-21 06:01:56.28	35	2017-02-21 00:00:00
1	Shagul Hameed	shagul001@gmail.com	5d8cf6b5b92611e4ff6e9a50808fa9e6	5d8cf6b5b92611e4ff6e9a50808fa9e6	9042126880	1	24	98	600028		173	https://weddfix.com	\N	\N	\N	\N	\N	4	1	1	2017-01-01 14:25:02.688	1	2017-01-26 00:00:00
29	V.R.Krishna	vrkrishnaiyer@gmail.com	9f8efc90687c38af58b990661d4dc6a9	9f8efc90687c38af58b990661d4dc6a9	8220016559	12	24	98	625020	\N	\N		\N	\N	\N	\N	\N	4	1	1	2017-02-20 08:21:41.858	\N	\N
30	V.R.Krishna	vrkrishnaiyer1@gmail.com	9f8efc90687c38af58b990661d4dc6a9	9f8efc90687c38af58b990661d4dc6a9	9965916911	12	24	98	625020	\N	\N		\N	\N	\N	\N	\N	4	1	1	2017-02-20 08:23:01.436	30	2017-02-20 00:00:00
33	rm Photography  	info@rohanmishraphotography.com	b9c65c771a684dd3ed16bb0dc11eac12	b9c65c771a684dd3ed16bb0dc11eac12	9944055653	1	24	98	600097	\N	\N	http://www.rohanmishraphotography.com/	\N	\N	\N	\N	\N	4	1	1	2017-02-21 05:29:41.93	33	2017-02-21 00:00:00
31	Focuzstudios	focuzstudios@gmail.com	6abf00319c21153b463a6aa8935defc1	6abf00319c21153b463a6aa8935defc1	9944055653	1	24	98	600099		198	https://www.focuzstudios.com	\N	\N	\N	\N	\N	4	1	1	2017-02-21 04:59:57.932	31	2017-02-21 00:00:00
36	APSARA BEAUTY SALON	sapradeepa121@gmail.com	a79cf5eb93537c8de68e287f00775098	a79cf5eb93537c8de68e287f00775098	7639112121	12	24	98	625009	\N	\N		\N	\N	\N	\N	\N	4	1	1	2017-02-21 11:16:31.534	36	2017-02-21 00:00:00
37	JK Creatives	hello@jkcreatives.com	ed55213ad75193e0802259394b0a066d	ed55213ad75193e0802259394b0a066d	9944055653	4	24	98	641006	\N	\N	http://jkcreatives.com/	\N	\N	\N	\N	\N	4	1	1	2017-02-23 14:11:10.646	37	2017-02-23 00:00:00
38	vinophotography	vinophotography.cbe@gmail.com	116a388fdea98acd1bf9ab0ed41c772b	116a388fdea98acd1bf9ab0ed41c772b	9698926990	12	24	98	641012	\N	\N	http://www.vinophotography.in	\N	\N	\N	\N	\N	4	1	1	2017-02-27 14:07:15.015	38	2017-02-27 00:00:00
39	maduraidecorators	info@maduraidecorators.com	7f081bc3f1bbe94ebf90c4da76dc1974	7f081bc3f1bbe94ebf90c4da76dc1974	9698926990	12	24	98	625201	\N	\N	www.maduraidecorators.com	\N	\N	\N	\N	\N	4	1	1	2017-03-02 09:29:20.161	39	2017-03-02 00:00:00
6	Ramesh	ramesh@windowslive.com	b1471adc34c852d9ca3f03f5f47ff496	b1471adc34c852d9ca3f03f5f47ff496	9629942968	15	24	98	637208	i have a mahal in namakkal mjjjjj	237		\N	\N	\N	\N	\N	4	1	1	2017-01-06 08:10:58.074	6	2017-04-09 00:00:00
41	Bridal Henna Studio	info@bridalhennastudio.com	9200f1039d794d101ce790fe9485093d	9200f1039d794d101ce790fe9485093d	9996591691	12	24	98	625001	\N	\N		\N	\N	\N	\N	\N	4	1	1	2017-04-15 12:11:13.423	\N	\N
32	LIGHTSTORY Wedding Photography	vijesh@lightstory.in	44f17bbb9bc80e6e2bb132f4e527b425	44f17bbb9bc80e6e2bb132f4e527b425	9944055653	1	24	98	600000		255	http://www.lightstory.in/	\N	\N	\N	\N	\N	4	1	1	2017-02-21 05:23:59.627	32	2017-04-16 00:00:00
42	Bridal Henna Studio	info@bridalhennastudio1.com	68f322752917dd2c75883403f0ae136d	68f322752917dd2c75883403f0ae136d	9965916911	12	24	98	625001	\N	\N		\N	\N	\N	\N	\N	4	1	1	2017-04-15 13:09:13.729	\N	\N
43	Bridal Henna Studio	info@bridalhennastudio12.com	68f322752917dd2c75883403f0ae136d	68f322752917dd2c75883403f0ae136d	9965916911	12	24	98	625001	\N	\N		\N	\N	\N	\N	\N	4	1	1	2017-04-15 13:09:48.982	43	2017-04-15 00:00:00
40	Ramesh	rameshmuthuerc@gmail.com	b1471adc34c852d9ca3f03f5f47ff496	b1471adc34c852d9ca3f03f5f47ff496	9629942968	15	24	98	637208	\N	\N		\N	\N	\N	\N	\N	4	1	1	2017-03-15 09:31:24.764	40	2017-05-07 00:00:00
44	P.Balaji	hello@hastudios.in	5eee5f3b97bd11bfce0ffb388a8e0879	5eee5f3b97bd11bfce0ffb388a8e0879	9965916911	4	24	98	641035	\N	\N		\N	\N	\N	\N	\N	4	1	1	2017-04-15 13:52:18.806	44	2017-04-15 00:00:00
45	MUDHRA	mudhramelams@gmail.com	17cce7769ed35e1b9f56ce5b35d3ae42	17cce7769ed35e1b9f56ce5b35d3ae42	9842871815	12	24	98	641023	\N	\N	http://www.chendamelam.co.in/features.html	\N	\N	\N	\N	\N	4	1	1	2017-04-16 11:15:44.678	\N	\N
46	MUDHRA	mudhramelam@gmail.com	120050bb9ce9d588aae46f6ad3f8ddc7	120050bb9ce9d588aae46f6ad3f8ddc7	9698926990	4	24	98	641023	\N	\N	http://www.chendamelam.co.in	\N	\N	\N	\N	\N	4	1	1	2017-04-16 11:21:14.253	46	2017-04-16 00:00:00
47	RAJAMMAL THIRUMANA MAHAL 	rajammalthirumanamahal@gmail.com	a98437f6ea1660a81c6a83a2fd953ddd	a98437f6ea1660a81c6a83a2fd953ddd	9629942968	20	24	98	636006		267	http://business.google.com/website/rtm/	\N	\N	\N	\N	\N	4	1	1	2017-04-26 21:22:36.648	47	2017-04-26 00:00:00
52	MUTHU MAHAL	muthumahalerode@gmail.com	76f1bd528b0247482788e3b6f69b0465	76f1bd528b0247482788e3b6f69b0465	9629942968	8	24	98	638040		316	http://www.muthumahalerode.com/index.php	\N	\N	\N	\N	\N	4	1	1	2017-04-27 00:26:49.513	52	2017-04-27 00:00:00
61	Heritage	reservations@grandluxehotelsindia.com	8d9f1a62a42c184bb17109068365f2e9	8d9f1a62a42c184bb17109068365f2e9	9965916911	12	24	98	625016	\N	\N	http://www.heritagemadurai.com	\N	\N	\N	\N	\N	4	1	1	2017-04-28 00:47:32.279	61	2017-04-28 00:00:00
48	Kohinoor Hotels	res@kohinoorhotelserode.com	c81f0f57fff6b0b503f5a7086886e495	c81f0f57fff6b0b503f5a7086886e495	9629942968	8	24	98	638001		279	www.kohinoorhotelserode.com	\N	\N	\N	\N	\N	4	1	1	2017-04-26 22:30:41.101	48	2017-04-26 00:00:00
57	Janakivideos	janakivideos@gmail.com	263ba4389366b76dbbb298dd96d8bcac	263ba4389366b76dbbb298dd96d8bcac	9629942968	8	24	98	638004		363	http://www.janakivideos.in/index.php	\N	\N	\N	\N	\N	4	1	1	2017-04-27 03:48:51.778	57	2017-04-27 00:00:00
53	Bharath 	bharathstudioerode@gmail.com	7cd502020d7e34b9ed7d632d4f293f7a	7cd502020d7e34b9ed7d632d4f293f7a	9629942968	8	24	98	638001		336	http://www.bharathstudio.in/	\N	\N	\N	\N	\N	4	1	1	2017-04-27 01:05:03.911	53	2017-04-27 00:00:00
49	Shankar Mahal	contactus@shankarmahal.com	8a2f0a3e233b68809ac3c93e4e1ae068	8a2f0a3e233b68809ac3c93e4e1ae068	9629942968	8	24	98	638009		289	http://www.shankarmahal.com/	\N	\N	\N	\N	\N	4	1	1	2017-04-26 22:58:08.033	49	2017-04-26 00:00:00
62	Karthick	karthickraja1292@gmail.com	fcea920f7412b5da7be0cf42b8c93759	fcea920f7412b5da7be0cf42b8c93759	7418544792	1	24	98	606202	\N	\N	https://weddfix.com	\N	\N	\N	\N	\N	4	1	1	2017-05-07 09:50:28.783	\N	\N
50	Sri Vari 	srivariarangam@gmail.com	8bbdc1c667f0b16b8c4be8bdfc75afa9	8bbdc1c667f0b16b8c4be8bdfc75afa9	9629942968	8	24	98	638107		298	http://www.srivariarangam.com/	\N	\N	\N	\N	\N	4	1	1	2017-04-26 23:28:35.039	50	2017-04-26 00:00:00
54	DBOX STUDIO	dboxstudio2015@gmail.com	7c2bca81fa041b17c82bbdd0ba3286f5	7c2bca81fa041b17c82bbdd0ba3286f5	9629942968	8	24	98	638011		346	http://www.dboxstudio.in/	\N	\N	\N	\N	\N	4	1	1	2017-04-27 02:41:54.671	54	2017-04-27 00:00:00
63	Karthi	karthickraja0292@gmail.com	e10adc3949ba59abbe56e057f20f883e	e10adc3949ba59abbe56e057f20f883e	7418544792	1	24	98	606202	\N	\N	https://weddfix.com	\N	\N	\N	\N	\N	4	1	1	2017-05-07 09:52:31.126	\N	\N
64	Karthi	karthickraja12@gmail.com	e10adc3949ba59abbe56e057f20f883e	e10adc3949ba59abbe56e057f20f883e	7418544793	1	24	98	606202	\N	\N	https://weddfix.com	\N	\N	\N	\N	\N	4	1	1	2017-05-07 09:53:19.068	\N	\N
55	Vela 	info@velahdstudio.com	f3821a2abc347c0f9c09d6aa79541fdc	f3821a2abc347c0f9c09d6aa79541fdc	9629942968	8	24	98	638108		\N	http://www.velahdstudio.com/	\N	\N	\N	\N	\N	4	1	1	2017-04-27 03:07:46.191	55	2017-04-27 00:00:00
58	 Studio K	studiokerd@gmail.com	ec7874ef38d7ef43e1194b97d59ef7eb	ec7874ef38d7ef43e1194b97d59ef7eb	9629942968	8	24	98	638012		374	http://www.studiok.photos/	\N	\N	\N	\N	\N	4	1	1	2017-04-27 04:19:47.149	58	2017-04-27 00:00:00
56	EYE TEC Videos	eyetecvideos@gmail.com	dd01fe9abb81201152859b2a90b9cc45	dd01fe9abb81201152859b2a90b9cc45	9629942968	8	24	98	638004		355	http://www.eyetecvideos.com/	\N	\N	\N	\N	\N	4	1	1	2017-04-27 03:27:34.098	56	2017-04-27 00:00:00
59	SHIGA PETALS	info@shigapetals.com	4be78b8301976069e6d9ff9c46a1bc8b	4be78b8301976069e6d9ff9c46a1bc8b	9629942968	8	24	98	638001		390	http://www.shigapetals.com	\N	\N	\N	\N	\N	4	1	1	2017-04-27 04:42:50.24	59	2017-04-27 00:00:00
65	Karthi	karthickraja2@gmail.com	e10adc3949ba59abbe56e057f20f883e	e10adc3949ba59abbe56e057f20f883e	7418544792	1	24	98	606202	\N	\N	https://weddfix.com	\N	\N	\N	\N	\N	4	1	1	2017-05-07 09:54:48.523	\N	\N
66	Karthick	karthickraja02@gmail.com	1d60e25d391b623a3c0e48d1641d2413	1d60e25d391b623a3c0e48d1641d2413	7418544792	5	24	98	607001	\N	\N	http://testkarthi.com	\N	\N	\N	\N	\N	4	1	1	2017-05-07 10:01:52.841	\N	\N
67	Karthi	karthick1292@gmail.com	fcea920f7412b5da7be0cf42b8c93759	fcea920f7412b5da7be0cf42b8c93759	7418544792	12	24	98	607001	\N	\N	http://test.com	\N	\N	\N	\N	\N	4	1	1	2017-05-07 10:03:33.369	\N	\N
60	Sarasu	info@sarasudecorators.com	1fd22301c0a4faa44321838d77636da4	1fd22301c0a4faa44321838d77636da4	9629942968	8	24	98	638115		405	http://sarasudecorators.com/	\N	\N	\N	\N	\N	4	1	1	2017-04-27 05:27:50.595	60	2017-04-27 00:00:00
68	Karthick	amarancse@gmail.com	fcea920f7412b5da7be0cf42b8c93759	fcea920f7412b5da7be0cf42b8c93759	7708405400	5	24	98	607001	\N	\N	http://test.com	\N	\N	\N	\N	\N	4	1	1	2017-05-07 10:05:29.549	\N	\N
51	PLATINUM MAHAL	platinum9777@gmail.com	cd2d5b21ef45d889bc06af9874a602e6	cd2d5b21ef45d889bc06af9874a602e6	9629942968	8	24	98	638005		310	http://platinummahal.com/index.php	\N	\N	\N	\N	\N	4	1	1	2017-04-26 23:57:30.635	1	2017-04-28 00:00:00
69	Umamaheswari	umathiagu22@gmail.com	f85a476723504cda4a03ec4474fc2122	f85a476723504cda4a03ec4474fc2122	8825982403	12	24	98	625003		415		\N	\N	\N	\N	\N	4	1	1	2017-05-21 06:59:51.755	69	2017-05-22 00:00:00
70	Aishwariyassilks	aishwariyassilks@hotmail.com	f208bb1d580b20337c626cfd3d13d978	f208bb1d580b20337c626cfd3d13d978	9629942968	12	24	98	625020	\N	\N	http://www.aishwariyassilks.in/	\N	\N	\N	\N	\N	4	1	1	2017-05-26 00:05:05.734	70	2017-05-26 00:00:00
71	Shagul	boom123@gmail.com	5d8cf6b5b92611e4ff6e9a50808fa9e6	5d8cf6b5b92611e4ff6e9a50808fa9e6	9042126880	1	24	98	606202	\N	\N	https://weddfix.com	\N	\N	\N	\N	\N	4	1	1	2017-06-09 01:02:50.084	\N	\N
72	Ramesh	rameshmuthuerc2@gmail.com	202cb962ac59075b964b07152d234b70	202cb962ac59075b964b07152d234b70	9629942968	15	24	98	637208	\N	\N	https://weddfix.com	\N	\N	\N	\N	\N	4	1	1	2017-06-12 01:54:37.719	\N	\N
73	Heritagemadurai	 reservations@heritagemadurai.com	8d9f1a62a42c184bb17109068365f2e9	8d9f1a62a42c184bb17109068365f2e9	9629942968	12	24	98	625016	\N	\N	http://www.heritagemadurai.com	\N	\N	\N	\N	\N	4	1	1	2017-06-14 03:49:28.303	\N	\N
74	Jcresidency	madurai@jcresidency.com	cfe716a5afb1328f0cc67c8d7e2f2678	cfe716a5afb1328f0cc67c8d7e2f2678	9629942968	12	24	98	625002	\N	\N	http://jcresidency.com	\N	\N	\N	\N	\N	4	1	1	2017-06-14 04:03:35.798	74	2017-06-14 00:00:00
75	Thangamayil	care@thangamayil.com	3ac3b588f63db3942c2371d16a64d23c	3ac3b588f63db3942c2371d16a64d23c	9629942968	12	24	98	625014	\N	\N	https://www.thangamayil.com	\N	\N	\N	\N	\N	4	1	1	2017-06-14 04:28:55.759	75	2017-06-14 00:00:00
76	Rajmahalsilks	 info@rajmahalsilks.com	ad44549847c416322ae7548e17748582	ad44549847c416322ae7548e17748582	9629942968	12	24	98	625001	\N	\N	http://rajmahalsilks.com	\N	\N	\N	\N	\N	4	1	1	2017-06-14 05:00:17.192	\N	\N
77	Rajmahalsilks	rajmahalsilksonline@gmail.com	d0780a3115b65e361a7c698983ce32f0	d0780a3115b65e361a7c698983ce32f0	9629942968	12	24	98	625001	\N	\N	http://rajmahalsilks.com	\N	\N	\N	\N	\N	4	1	1	2017-06-14 05:11:55.635	77	2017-06-14 00:00:00
78	AGATHIYAR JANA SIDDHAR	astrologyiyer@gmail.com	de611c0689b46ce75b3a56ce4bcef8cb	de611c0689b46ce75b3a56ce4bcef8cb	9629942968	12	24	98	625009		485	http://www.agathiyarjanachithar.in	\N	\N	\N	\N	\N	4	1	1	2017-06-14 05:42:16.294	78	2017-06-14 00:00:00
79	 Maduraikktravels	 maduraikktravels@gmail.com	220d85b690d7e5d56ef1fb4ee6fe7eca	220d85b690d7e5d56ef1fb4ee6fe7eca	9629942968	12	24	98	625016	\N	\N	http://www.maduraikktravels.com	\N	\N	\N	\N	\N	4	1	1	2017-06-14 06:08:29.617	\N	\N
80	Madurai Radha Travels	mrtcustomercare@gmail.com	ce144e5d41eb833d6ff9e1b93e5e3b3b	ce144e5d41eb833d6ff9e1b93e5e3b3b	9629942968	12	24	98	625001	\N	\N	http://www.madurairadhatravels.in/	\N	\N	\N	\N	\N	4	1	1	2017-06-14 06:17:52.961	80	2017-06-14 00:00:00
81	K.R.Krishna Kumar	pentagon.convention@gmail.com	c93ccd78b2076528346216b3b2f701e6	c93ccd78b2076528346216b3b2f701e6	9943037474	12	24	98	625014	\N	\N		\N	\N	\N	\N	\N	4	1	1	2017-06-18 00:09:46.673	81	2017-06-18 00:00:00
\.


--
-- Data for Name: directoryvendorpwreset; Type: TABLE DATA; Schema: public; Owner: weddfix
--

COPY directoryvendorpwreset (id, userid, resetkey) FROM stdin;
1	1	6bdd7020-6cb0-4686-a5d2-4b6a940d4009
2	6	25aabbc9-4271-4600-b9d1-807f1d0b6419
\.


--
-- Data for Name: directoryvendorroledetails; Type: TABLE DATA; Schema: public; Owner: weddfix
--

COPY directoryvendorroledetails (id, userid, roleid, description, createdby, createddate, updatedby, updateddate) FROM stdin;
5	5	4	VENDORADMIN	1	2017-01-05 20:42:06.696	\N	\N
6	6	4	VENDORADMIN	1	2017-01-06 08:10:58.125	\N	\N
1	1	4	VENDORADMIN	1	2017-01-01 14:25:02.716	1	2017-01-06 00:00:00
2	2	4	VENDORADMIN	1	2017-01-04 17:36:27.882	1	2017-01-08 00:00:00
4	4	4	VENDORADMIN	1	2017-01-05 17:40:30.815	1	2017-01-08 00:00:00
7	7	4	VENDORADMIN	1	2017-01-08 19:32:06.148	1	2017-01-08 00:00:00
3	3	4	VENDORADMIN	1	2017-01-05 11:11:48.433	1	2017-01-08 00:00:00
8	8	4	VENDORADMIN	1	2017-01-08 19:47:38.778	1	2017-01-08 00:00:00
9	9	4	VENDORADMIN	1	2017-01-08 20:03:08.37	\N	\N
10	10	4	VENDORADMIN	1	2017-01-09 08:14:57.947	\N	\N
11	11	4	VENDORADMIN	1	2017-01-10 02:13:05.96	\N	\N
12	12	4	VENDORADMIN	1	2017-01-10 02:30:31.177	\N	\N
13	13	4	VENDORADMIN	1	2017-01-10 03:07:11.147	\N	\N
14	14	4	VENDORADMIN	1	2017-01-16 14:55:14.899	1	2017-01-16 00:00:00
15	15	4	VENDORADMIN	1	2017-01-16 15:02:01.616	\N	\N
16	16	4	VENDORADMIN	1	2017-01-16 15:16:08.195	\N	\N
17	17	4	VENDORADMIN	1	2017-01-17 06:13:20.942	\N	\N
18	18	4	VENDORADMIN	1	2017-01-17 06:26:12.214	\N	\N
19	19	4	VENDORADMIN	1	2017-01-18 08:54:22.939	\N	\N
20	20	4	VENDORADMIN	1	2017-01-20 22:10:49.397	\N	\N
21	21	4	VENDORADMIN	1	2017-01-20 22:25:23.953	\N	\N
22	22	4	VENDORADMIN	1	2017-01-20 22:46:21.266	\N	\N
23	23	4	VENDORADMIN	1	2017-01-20 23:00:48.237	\N	\N
24	24	4	VENDORADMIN	1	2017-01-21 11:47:24.911	\N	\N
25	25	4	VENDORADMIN	1	2017-01-25 12:01:12.125	\N	\N
26	26	4	VENDORADMIN	1	2017-01-25 12:16:35.095	\N	\N
27	27	4	VENDORADMIN	1	2017-01-25 12:26:21.947	\N	\N
28	28	4	VENDORADMIN	1	2017-01-25 19:25:39.113	\N	\N
29	29	4	VENDORADMIN	1	2017-02-20 08:21:41.886	\N	\N
30	30	4	VENDORADMIN	1	2017-02-20 08:23:01.438	\N	\N
31	31	4	VENDORADMIN	1	2017-02-21 04:59:57.966	\N	\N
32	32	4	VENDORADMIN	1	2017-02-21 05:23:59.631	\N	\N
33	33	4	VENDORADMIN	1	2017-02-21 05:29:41.933	\N	\N
34	34	4	VENDORADMIN	1	2017-02-21 05:39:35.402	\N	\N
35	35	4	VENDORADMIN	1	2017-02-21 06:01:56.284	\N	\N
36	36	4	VENDORADMIN	1	2017-02-21 11:16:31.536	\N	\N
37	37	4	VENDORADMIN	1	2017-02-23 14:11:10.68	\N	\N
38	38	4	VENDORADMIN	1	2017-02-27 14:07:15.054	\N	\N
39	39	4	VENDORADMIN	1	2017-03-02 09:29:20.205	\N	\N
40	40	4	VENDORADMIN	1	2017-03-15 09:31:24.794	\N	\N
41	41	4	VENDORADMIN	1	2017-04-15 12:11:13.467	\N	\N
42	42	4	VENDORADMIN	1	2017-04-15 13:09:13.762	\N	\N
43	43	4	VENDORADMIN	1	2017-04-15 13:09:48.992	\N	\N
44	44	4	VENDORADMIN	1	2017-04-15 13:52:18.821	\N	\N
45	45	4	VENDORADMIN	1	2017-04-16 11:15:44.708	\N	\N
46	46	4	VENDORADMIN	1	2017-04-16 11:21:14.268	\N	\N
47	47	4	VENDORADMIN	1	2017-04-26 21:22:36.674	\N	\N
48	48	4	VENDORADMIN	1	2017-04-26 22:30:41.12	\N	\N
49	49	4	VENDORADMIN	1	2017-04-26 22:58:08.045	\N	\N
50	50	4	VENDORADMIN	1	2017-04-26 23:28:35.054	\N	\N
52	52	4	VENDORADMIN	1	2017-04-27 00:26:49.519	\N	\N
53	53	4	VENDORADMIN	1	2017-04-27 01:05:03.94	\N	\N
54	54	4	VENDORADMIN	1	2017-04-27 02:41:54.686	\N	\N
55	55	4	VENDORADMIN	1	2017-04-27 03:07:46.209	\N	\N
56	56	4	VENDORADMIN	1	2017-04-27 03:27:34.118	\N	\N
57	57	4	VENDORADMIN	1	2017-04-27 03:48:51.787	\N	\N
58	58	4	VENDORADMIN	1	2017-04-27 04:19:47.158	\N	\N
59	59	4	VENDORADMIN	1	2017-04-27 04:42:50.246	\N	\N
60	60	4	VENDORADMIN	1	2017-04-27 05:27:50.607	\N	\N
51	51	4	VENDORADMIN	1	2017-04-26 23:57:30.648	1	2017-04-28 00:00:00
61	61	4	VENDORADMIN	1	2017-04-28 00:47:32.292	\N	\N
62	62	4	VENDORADMIN	1	2017-05-07 09:50:28.805	\N	\N
63	63	4	VENDORADMIN	1	2017-05-07 09:52:31.139	\N	\N
64	64	4	VENDORADMIN	1	2017-05-07 09:53:19.085	\N	\N
65	65	4	VENDORADMIN	1	2017-05-07 09:54:48.533	\N	\N
66	66	4	VENDORADMIN	1	2017-05-07 10:01:52.857	\N	\N
67	67	4	VENDORADMIN	1	2017-05-07 10:03:33.397	\N	\N
68	68	4	VENDORADMIN	1	2017-05-07 10:05:29.561	\N	\N
69	69	4	VENDORADMIN	1	2017-05-21 06:59:51.783	\N	\N
70	70	4	VENDORADMIN	1	2017-05-26 00:05:05.765	\N	\N
71	71	4	VENDORADMIN	1	2017-06-09 01:02:50.097	\N	\N
72	72	4	VENDORADMIN	1	2017-06-12 01:54:37.743	\N	\N
73	73	4	VENDORADMIN	1	2017-06-14 03:49:28.311	\N	\N
74	74	4	VENDORADMIN	1	2017-06-14 04:03:35.818	\N	\N
75	75	4	VENDORADMIN	1	2017-06-14 04:28:55.769	\N	\N
76	76	4	VENDORADMIN	1	2017-06-14 05:00:17.203	\N	\N
77	77	4	VENDORADMIN	1	2017-06-14 05:11:55.646	\N	\N
78	78	4	VENDORADMIN	1	2017-06-14 05:42:16.306	\N	\N
79	79	4	VENDORADMIN	1	2017-06-14 06:08:29.635	\N	\N
80	80	4	VENDORADMIN	1	2017-06-14 06:17:52.969	\N	\N
81	81	4	VENDORADMIN	1	2017-06-18 00:09:46.689	\N	\N
\.


--
-- Data for Name: education; Type: TABLE DATA; Schema: public; Owner: weddfix
--

COPY education (id, education, educationdesc, isactive, createdby, createddate, updatedby, updateddate) FROM stdin;
10	B.lit	B.lit	t	1	2016-10-15 09:39:20.74	\N	\N
13	BCA	BCA	t	1	2016-10-15 09:42:17.972	\N	\N
14	B.Tech	B.Tech	t	1	2016-10-15 09:47:44.386	\N	\N
15	B.Arch	B.Arch	t	1	2016-10-15 09:49:19.541	\N	\N
18	MCA / PGDCA	MCA / PGDCA	t	1	2016-10-15 09:51:56.599	\N	\N
19	ME/M.tech	ME/M.tech	t	1	2016-10-15 09:53:25.996	\N	\N
20	M.Arch	M.Arch	t	1	2016-10-15 09:54:01.295	\N	\N
21	MCA	MCA	t	1	2016-10-15 09:54:25.4	\N	\N
23	M.S.(Engg)	M.S.(Engg)	t	1	2016-10-15 09:55:53.705	\N	\N
24	Other Master Degree 	Other Master Degree 	t	1	2016-10-15 09:56:51.375	\N	\N
25	Any Bachelors Arts	Any Bachelors Arts	t	1	2016-10-15 09:57:41.499	\N	\N
26	B.Ed	B.Ed	t	1	2016-10-15 09:58:04.805	\N	\N
27	BFT	BFT	t	1	2016-10-15 09:58:23.377	\N	\N
28	BLIS	BLIS	t	1	2016-10-15 09:58:46.135	\N	\N
29	B.M.M.	B.M.M.	t	1	2016-10-15 09:59:39.978	\N	\N
30	B.S.W	B.S.W	t	1	2016-10-15 10:00:04.86	\N	\N
31	B.Phil	B.Phil	t	1	2016-10-15 10:00:40.934	\N	\N
33	B.A	B.A	t	1	2016-10-15 10:02:02.962	\N	\N
34	M.Com	M.Com	t	1	2016-10-15 10:03:19.932	\N	\N
35	M.Ed.	M.Ed.	t	1	2016-10-15 10:03:49.872	\N	\N
36	M.F.A	M.F.A	t	1	2016-10-15 10:04:24.805	\N	\N
37	MLIS	MLIS	t	1	2016-10-15 10:05:51.035	\N	\N
38	MSW	MSW	t	1	2016-10-15 10:06:09.788	\N	\N
39	M.Phil	M.Phil	t	1	2016-10-15 10:06:32.737	\N	\N
40	BBA	BBA	t	1	2016-10-15 10:06:59.013	\N	\N
42	CS	CS	t	1	2016-10-15 10:46:39.961	\N	\N
43	ICWA	ICWA	t	1	2016-10-15 10:47:17.712	\N	\N
44	Other Degree in Finance	Other Degree in Finance	t	1	2016-10-15 10:47:47.478	\N	\N
45	IES	IES	t	1	2016-10-15 11:07:57.768	\N	\N
46	IFS	IFS	t	1	2016-10-15 11:08:13.989	\N	\N
47	IRS	IRS	t	1	2016-10-15 11:08:32.363	\N	\N
48	IPS	IPS	t	1	2016-10-15 11:08:57.981	\N	\N
50	Ph.D.	Ph.D.	t	1	2016-10-15 11:11:30.815	\N	\N
56	Aviation Degree	Aviation Degree	t	1	2016-10-15 11:17:25.023	\N	\N
57	Other degree	Other degree	t	1	2016-10-15 11:20:24.38	\N	\N
58	Any Bachelors in Management	Any Bachelors in Management	t	1	2016-10-15 11:22:05.053	\N	\N
59	Any Master in Management	Any Master in Management	t	1	2016-10-15 11:22:42.752	\N	\N
60	Any Bachelors in Medicine 	Dental/Surgeon	t	1	2016-10-15 11:24:19.426	\N	\N
61	Any Bachelors in Legal	Any Bachelors in Legal	t	1	2016-10-15 11:25:37.513	\N	\N
62	Any Master in Legal	Any Master in Lega	t	1	2016-10-15 11:26:16.314	\N	\N
63	Any Financial Qualification	ICWAI/CA/CS/CFA	t	1	2016-10-15 11:27:29.258	\N	\N
12	B.COM ((CA)	B.COM ((CA)	t	1	2016-10-15 09:41:29.92	1	2016-10-15 11:35:23.685
4	B.A(History)	BA (History)	t	1	2016-10-15 07:50:13.204	1	2016-10-15 11:35:54.844
5	B.A (Economics)	B.A (Economics)	t	1	2016-10-15 07:51:09.013	1	2016-10-15 11:38:14.489
6	B.SC(Physics)	B.SC(Physics)	t	1	2016-10-15 07:53:11.762	1	2016-10-15 11:38:45.03
7	B.SC(Maths)	B.SC(Maths)	t	1	2016-10-15 07:53:58.324	1	2016-10-15 11:39:03.607
8	B.SC  (IT)	B.SC (IT)	t	1	2016-10-15 09:38:03.014	1	2016-10-15 11:39:20.861
9	B.SC (Computer science)	B.SC(Computer science)	t	1	2016-10-15 09:38:43.609	1	2016-10-15 11:39:39.599
17	B.Archlor Any Degree 	Any degree	t	1	2016-10-15 09:50:57.978	1	2016-10-15 11:40:04.547
2	B.A (Tamil)	B.A (Tamil)	t	1	2016-10-15 07:49:05.717	1	2016-10-15 11:41:12.879
3	B.A (English)	B.A( English)	t	1	2016-10-15 07:49:46.301	1	2016-10-15 11:42:11.262
1	B.E (EEE)	B.E (EEE)	t	1	2016-08-17 23:57:44.138	1	2016-10-15 11:57:20.25
64	B.E(CSE)	B.E(CSE)	t	1	2016-10-15 11:59:20.418	\N	\N
32	M.A(Tamil)	M.A(Tamil)	t	1	2016-10-15 10:01:10.215	1	2016-10-17 04:37:14.552
65	M.A (English)	M.A (English	t	1	2016-10-17 04:37:45.63	\N	\N
67	M.L	M.L	t	1	2016-10-17 04:41:43.287	\N	\N
68	M.L./LLM	M.L./LLM	t	1	2016-10-17 04:42:08.524	\N	\N
69	BGL/B.L/LL.M	BGL/B.L/LL.M	t	1	2016-10-17 04:42:46.224	\N	\N
70	MBBS	MBBS	t	1	2016-10-17 04:43:22.839	\N	\N
71	MBA/PGDCM	MBA/PGDCM	t	1	2016-10-17 04:43:49.922	\N	\N
72	B.A.M.S.	B.A.M.S.	t	1	2016-10-17 04:44:10.439	\N	\N
73	BDS	BDS	t	1	2016-10-17 04:44:35.75	\N	\N
74	BHMS	BHMS	t	1	2016-10-17 04:44:50.958	\N	\N
75	B.Pharm	B.Pharm	t	1	2016-10-17 04:45:18.137	\N	\N
76	BPT	BPT	t	1	2016-10-17 04:45:35.54	\N	\N
77	BUMS	BUMS	t	1	2016-10-17 04:45:51.744	\N	\N
78	BVSc	BVSc	t	1	2016-10-17 04:46:24.42	\N	\N
79	B.Sc(Nursing)	B.Sc(Nursing)	t	1	2016-10-17 04:47:00.645	\N	\N
80	MDS	MDS	t	1	2016-10-17 04:47:30.24	\N	\N
81	M.D/MS (Medical)	M.D/MS (Medical)	t	1	2016-10-17 04:48:07.714	\N	\N
82	M.pharm	M.pharm	t	1	2016-10-17 04:48:25.704	\N	\N
83	MPT	MPT	t	1	2016-10-17 04:48:43.967	\N	\N
84	BGL	BGL	t	1	2016-10-17 04:48:58.997	\N	\N
85	L.L.B.	L.L.B.	t	1	2016-10-17 04:49:16.356	\N	\N
87	M.Sc. (IT)	M.Sc. (IT)	t	1	2016-10-17 04:51:13.933	\N	\N
89	ITI	ITI	t	1	2016-10-17 04:52:09.538	\N	\N
90	BGL/B.L/LL.B.	BGL/B.L/LL.B.	t	1	2016-10-17 04:53:23.045	\N	\N
91	LL.M.	LL.M.	t	1	2016-10-17 04:53:55.674	\N	\N
92	Other Masters Degree in Enginnering/Computers	Other Masters Degree in Enginnering/Computers	t	1	2016-10-17 04:55:30.617	\N	\N
93	Any Bachelors in Arts/Science/Commerce	Any Bachelors in Arts/Science/Commerce	t	1	2016-10-17 04:56:50.986	\N	\N
95	MHRM (Human Resource Management)	MHRM (Human Resource Management)	t	1	2016-10-17 04:58:47.734	\N	\N
97	Any Bachelors in Engineering/Computers	Any Bachelors in Engineering/Computers	t	1	2016-10-17 05:07:53.555	\N	\N
88	M.Sc (Computer Science)	M.Sc (Computer Science)	t	1	2016-10-17 04:51:50.113	1	2016-10-17 05:12:20.181
94	MHM (Hotel Management)	 MHM (Hotel Management)	t	1	2016-10-17 04:57:58.656	1	2016-10-17 05:11:11.998
98	Any Master in Enginnering /Computers	 Any Master in Enginnering /Computers	t	1	2016-10-17 05:09:46.027	1	2016-10-17 05:11:38.275
99	Any Others in Diploma	Any Others in Diploma	t	1	2016-10-17 05:17:21.903	1	2016-10-17 05:17:47.721
55	Higher Secondary  /Secondary	Higher Secondary / Secondary	t	1	2016-10-15 11:15:37.516	1	2016-11-07 10:34:37.581
41	BFM( Financial Management )	BFM( Financial Management )	t	1	2016-10-15 10:07:44.323	1	2016-11-07 10:33:52.395
54	Any Diploma	Any Diploma	t	1	2016-10-15 11:14:58.108	1	2016-11-07 10:34:58.541
66	M.A (History)	M.A (History)	t	1	2016-10-17 04:38:48.615	1	2016-11-07 10:38:16.664
53	IAS/ IPS/ IRS/ IES/ IFS 	IAS /IPS/ IRS/ IES/ IFS	t	1	2016-10-15 11:14:14.821	1	2016-11-07 10:37:21.625
11	B.COM	B.COM 	t	1	2016-10-15 09:40:25.943	1	2016-11-09 05:22:19.563
16	B.Plan	B.Plan	t	1	2016-10-15 09:49:40.949	1	2016-11-09 05:22:58.653
100	B.E (Mehanical Engineering)	B.E (Mehanical Engineering )	t	1	2016-10-17 07:23:56.92	1	2016-10-17 07:26:06.85
101	B.A (Social Science )	B.A (Social Science 	t	1	2016-10-17 07:28:11.47	\N	\N
102	B.A (Puplic Administration)	B.A (Puplic Administration)	t	1	2016-10-17 07:29:24.873	\N	\N
103	B.A (Urdu)	B.A (Urdu)	t	1	2016-10-17 07:29:56.921	\N	\N
104	B.A (Social Work)	B.A (Social Work)	t	1	2016-10-17 07:30:50.288	\N	\N
105	B.Sc ( Yoga)	B.Sc ( Yoga	t	1	2016-10-17 07:31:31.101	\N	\N
107	B.COM (Computer Application)	B.COM (Computer Application)	t	1	2016-10-17 07:33:03.58	\N	\N
109	M.Com ( General)	M.Com ( General)	t	1	2016-10-17 07:37:06.221	\N	\N
116	B.Com ( Information Technology)	B.Com ( Information Technology)	t	1	2016-10-17 08:02:03.36	\N	\N
115	B.Sc (Vishual commiunication)	B.Sc ( Vishual commiunication )	t	1	2016-10-17 07:46:30.09	1	2016-11-07 10:26:03.638
114	B.Sc (Electronic Media)	B.Sc ( Electronic Media )	t	1	2016-10-17 07:44:35.45	1	2016-11-07 10:26:25.22
112	M.B.A ( Hospital  Management )	M.B.A ( Hospital  Management) 	t	1	2016-10-17 07:40:45.715	1	2016-11-07 10:27:03.741
113	M.B.A (Toursiam Hotel Management)	M.B.A ( Toursiam Hotel Management)	t	1	2016-10-17 07:42:18.855	1	2016-11-07 10:27:20.049
106	B.B.A ( Retail )	B.B.A ( Retail )	t	1	2016-10-17 07:32:10.784	1	2016-11-07 10:28:11.31
110	M.Com ( Banking )	M.Com ( Banking )	t	1	2016-10-17 07:38:10.462	1	2016-11-07 10:28:42.048
108	M.Com (finance )	M.Com ( finance )	t	1	2016-10-17 07:36:26.438	1	2016-11-07 10:31:28.428
111	M.Com ( Marketing )	M.Com ( Marketing )	t	1	2016-10-17 07:39:17.089	1	2016-11-07 10:32:06.453
22	MSC (Computer Science)	MSC (Computer Science)	t	1	2016-10-15 09:55:05.993	1	2016-11-07 10:32:44.588
52	Other Degree in Service	Other Degree in Service	t	1	2016-10-15 11:13:26.768	1	2016-11-07 10:35:23.282
117	S.S.L.C	S.S.L.C	t	1	2016-11-07 10:37:49.267	\N	\N
118	Diploma in Auto Mobile	Diploma in Auto Mobile	t	1	2016-11-07 10:51:35.795	\N	\N
119	Diploma in Civil Engineering	Diploma in Civil Engineering	t	1	2016-11-07 10:53:03.846	\N	\N
120	Diploma in Computer Engineering	Diploma in Computer Engineering	t	1	2016-11-07 10:54:51.888	1	2016-11-07 10:55:24.371
121	Diploma In Electronics Engineering	Diploma In Electronics Engineering	t	1	2016-11-07 10:56:29.728	\N	\N
122	Diploma in Mechanical  Engineering	Diploma in Mechanical  Engineering	t	1	2016-11-07 10:57:46.649	\N	\N
123	Diploma in Catering	Diploma in Catering	t	1	2016-11-07 10:58:46.84	1	2016-11-07 10:59:09.137
124	Dipolma in Animation	Dipolma in Animation	t	1	2016-11-07 10:59:36.36	\N	\N
125	Diploma in Bussiness	Diploma in Bussiness	t	1	2016-11-07 11:00:14.935	\N	\N
126	Dipolma in Marketing	Dipolma in Marketing	t	1	2016-11-07 11:05:28.649	\N	\N
127	Diploma in Food and Beverge Studies	Diploma in Food and Beverge Studies	t	1	2016-11-07 11:07:58.837	\N	\N
128	Diploma in school Administration	Diploma in school Administration	t	1	2016-11-07 11:09:44.337	\N	\N
129	Diploma in Medical Laboratory	Diploma in Medical Laboratory	t	1	2016-11-07 11:10:30.343	\N	\N
130	Diploma inChild Care Managagment	Diploma inChild Care Managagment	t	1	2016-11-07 11:11:33.248	\N	\N
\.


--
-- Data for Name: gender; Type: TABLE DATA; Schema: public; Owner: weddfix
--

COPY gender (id, gendername, genderdesc, isactive, createdby, createddate, updatedby, updateddate) FROM stdin;
1	Male	Male	t	1	2016-08-06 15:15:38.867	\N	\N
2	Female	Female	t	1	2016-08-06 15:21:45.017	\N	\N
\.


--
-- Data for Name: height; Type: TABLE DATA; Schema: public; Owner: weddfix
--

COPY height (id, feetinches, feetinchesdesc, isactive, createdby, createddate, updatedby, updateddate) FROM stdin;
1	4ft 6in	4ft 6in	t	1	2016-10-15 06:37:27.163	\N	\N
2	4ft 7in	4ft 7in	t	1	2016-10-15 06:37:56.954	1	2016-11-13 14:01:20.584
3	4ft 8in	4ft 8in	t	1	2016-10-15 06:38:43.679	1	2016-11-13 14:01:43.547
4	4ft 9in	4ft 9in	t	1	2016-10-15 06:57:29.954	\N	\N
5	4ft 10in	4ft 10in	t	1	2016-10-15 06:57:54.082	1	2016-11-13 14:02:07.182
6	4ft 11in	4ft 11in	t	1	2016-10-15 06:58:15.985	1	2016-11-13 14:02:25.203
7	5ft 0in	5ft 0in	t	1	2016-10-15 06:58:38.051	1	2016-11-13 14:03:11.189
8	5ft 1in	5ft 1in	t	1	2016-10-15 06:59:02.267	1	2016-11-13 14:02:44.1
9	5ft 2in	5ft 2in	t	1	2016-10-15 06:59:22.768	\N	\N
10	5ft 3in	5ft 3in	t	1	2016-10-15 06:59:43.898	\N	\N
11	5ft 4in	5ft 4in	t	1	2016-10-15 07:00:07.321	\N	\N
12	5ft 5in	5ft 5in	t	1	2016-10-15 07:00:29.894	\N	\N
13	5ft 6in	5ft 5 in	t	1	2016-10-15 07:23:23.09	\N	\N
14	5ft 7in	5ft 7in	t	1	2016-10-15 07:23:41.88	\N	\N
16	5ft 8in	5ft 8in	t	1	2016-10-15 07:23:59.805	1	2016-11-13 14:03:42.67
17	5ft 9in	5ft 9in	t	1	2016-10-15 07:24:29.51	1	2016-11-13 14:03:59.834
18	5ft 10in	5ft 10in	t	1	2016-10-15 07:24:50.481	1	2016-11-13 14:04:20.88
19	5ft 11in	5ft 11in	t	1	2016-10-15 07:25:14.02	1	2016-11-13 14:04:41.597
20	6ft 0in	6ft 0in	t	1	2016-10-15 07:25:29.87	1	2016-11-13 14:05:04.035
21	6ft 1in	6ft	t	1	2016-10-15 07:25:47.195	\N	\N
22	6ft 2in	6ft 2in	t	1	2016-10-15 07:26:07.629	\N	\N
23	6ft 3in	6ft 3in	t	1	2016-10-15 07:26:41.998	\N	\N
24	6ft 4in	6ft 4in	t	1	2016-10-15 07:28:55.593	1	2016-11-13 14:05:33.579
25	6ft 5in	6ft 5in	t	1	2016-10-15 07:29:20.577	\N	\N
26	6ft 6in	6ft 6in	t	1	2016-10-15 07:29:37.469	\N	\N
27	6ft 7in	6ft 7in	t	1	2016-10-15 07:34:20.822	\N	\N
28	6ft 8in	6ft 8in	t	1	2016-10-15 07:34:50.796	\N	\N
29	6ft 9in	6ft 9in	t	1	2016-10-15 07:43:13.912	\N	\N
30	6ft 10in	6ft 10in	t	1	2016-10-15 07:43:42.561	\N	\N
31	6ft 11in	6ft 11in	t	1	2016-10-15 07:44:05.602	\N	\N
32	7ft 0in	7ft 0in	t	1	2016-10-15 07:44:25.969	\N	\N
\.


--
-- Data for Name: mailbox; Type: TABLE DATA; Schema: public; Owner: weddfix
--

COPY mailbox (id, profileid, userid, inbox, newmail, read, accepted, notinterested, createdby, createddate, updatedby, updateddate) FROM stdin;
1	1000003	1	t	t	t	t	\N	1	2016-10-11 14:56:45.904	3	2016-11-19 00:00:00
4	1000007	3	t	t	\N	t	\N	3	2016-11-19 11:58:23.451	7	2016-11-19 00:00:00
5	1000006	9	t	t	\N	\N	\N	9	2016-11-20 14:23:33.388	\N	\N
6	1000009	11	t	t	\N	\N	\N	11	2016-12-01 13:27:55.39	\N	\N
7	1000011	2	t	t	\N	\N	\N	2	2016-12-02 11:24:40.329	\N	\N
8	1000003	13	t	t	\N	t	\N	13	2016-12-10 16:53:33.872	3	2016-12-10 00:00:00
3	1000001	3	t	t	t	\N	\N	3	2016-11-13 05:07:46.617	1	2016-12-21 00:00:00
11	1000007	22	t	t	\N	t	\N	22	2017-01-21 10:42:43.859	7	2017-01-21 00:00:00
12	1000021	22	t	t	\N	\N	\N	22	2017-01-21 10:47:58.975	\N	\N
13	1000003	22	t	t	\N	\N	t	22	2017-01-21 10:58:07.067	3	2017-01-21 00:00:00
14	1000007	2	t	t	\N	\N	\N	2	2017-01-30 06:14:54.502	\N	\N
2	1000002	1	t	t	\N	t	t	1	2016-10-16 12:53:16.639	0	2017-02-05 00:00:00
15	1000022	2	t	t	\N	\N	\N	2	2017-02-23 05:55:20.992	\N	\N
17	1000021	2	t	t	\N	\N	\N	2	2017-02-24 08:21:32.275	\N	\N
10	1000003	21	t	t	t	\N	t	21	2017-01-18 08:24:23.414	3	2017-02-27 00:00:00
16	1000002	13	t	t	\N	\N	t	13	2017-02-24 03:05:42.736	2	2017-02-28 00:00:00
9	1000013	3	t	t	\N	t	\N	3	2017-01-08 06:00:55.111	13	2017-02-28 00:00:00
18	1000006	2	t	t	\N	\N	\N	2	2017-03-23 05:43:42.922	\N	\N
19	1000020	2	t	t	\N	\N	\N	2	2017-03-23 06:20:09.131	\N	\N
20	1000019	2	t	t	\N	\N	\N	2	2017-03-23 06:26:32.207	\N	\N
21	1000017	2	t	t	\N	\N	\N	2	2017-03-24 02:40:00.451	\N	\N
22	1000013	2	t	t	\N	\N	\N	2	2017-03-25 03:23:36.847	\N	\N
23	1000011	55	t	t	\N	\N	\N	55	2017-04-19 17:55:39.584	\N	\N
24	1000014	62	t	t	\N	\N	\N	62	2017-04-27 21:21:05.848	\N	\N
\.


--
-- Data for Name: maritalstatus; Type: TABLE DATA; Schema: public; Owner: weddfix
--

COPY maritalstatus (id, maritalstatusname, maritalstatusdesc, isactive, createdby, createddate, updatedby, updateddate) FROM stdin;
1	Married	Married	t	1	2016-08-07 23:24:14.52	\N	\N
3	Divorced	Divorced	t	1	2016-10-14 05:20:33.746	\N	\N
4	Widowed	Widowed	t	1	2016-10-14 05:21:12.826	\N	\N
5	Awaiting Divorce	Awaiting Divorce	t	1	2016-10-14 05:21:58.594	\N	\N
6	Annulled	Annulled	t	1	2016-10-14 05:22:21.779	\N	\N
2	UnMarried	UnMarried	t	1	2016-08-07 23:24:27.329	2	2016-11-13 14:39:30.667
\.


--
-- Data for Name: matches; Type: TABLE DATA; Schema: public; Owner: weddfix
--

COPY matches (id, profileid, userid, newmatches, whoviewedmyprofile, viewedandnotcontacted, premiummembers, shortlistedprofiles, recentlyviewedprofiles, dontshowalreadyviewed, dontshowalreadycontacted, showprofileswithphoto, sendmail, sendinterested, createdby, createddate, updatedby, updateddate) FROM stdin;
1	1000006	9	t	t	f	\N	t	t	t	\N	\N	t	t	9	2016-11-20 14:22:53.138	9	2016-11-20 00:00:00
14	1000003	13	t	t	f	\N	\N	t	t	\N	\N	t	t	13	2016-12-10 16:36:13.494	13	2016-12-10 00:00:00
16	1000003	1	t	t	t	\N	\N	t	t	\N	\N	\N	\N	1	2016-12-21 20:33:33.832	1	2016-12-21 00:00:00
3	1000007	1	t	t	t	\N	\N	t	\N	\N	\N	\N	\N	1	2016-11-26 07:44:59.824	1	2016-11-26 00:00:00
18	1000006	10	t	t	t	\N	\N	t	t	\N	\N	\N	\N	10	2016-12-26 16:58:19.975	10	2016-12-26 00:00:00
7	1000006	3	t	t	t	\N	\N	t	t	\N	\N	\N	\N	3	2016-11-27 11:26:41.218	3	2016-11-27 00:00:00
9	1000009	11	t	t	f	\N	\N	t	t	\N	\N	t	t	11	2016-12-01 13:27:16.299	11	2016-12-01 00:00:00
4	1000006	1	t	t	t	\N	\N	t	t	\N	\N	\N	\N	1	2016-11-26 15:47:15.791	1	2016-12-01 00:00:00
10	1000002	7	t	t	t	\N	\N	t	t	\N	\N	\N	\N	7	2016-12-02 08:40:10.928	7	2016-12-02 00:00:00
12	1000003	7	t	t	t	\N	\N	t	t	\N	\N	\N	\N	7	2016-12-02 18:45:51.504	7	2016-12-02 00:00:00
8	1000005	7	t	t	t	\N	\N	t	t	\N	\N	\N	\N	7	2016-11-29 18:40:28.92	7	2016-12-02 00:00:00
17	1000011	10	t	t	t	\N	t	t	t	\N	\N	\N	\N	10	2016-12-26 16:57:13.608	10	2017-01-08 00:00:00
2	1000007	3	t	t	f	\N	\N	t	t	\N	\N	t	t	3	2016-11-21 18:06:40.111	3	2017-01-08 00:00:00
35	1000002	2	\N	\N	\N	\N	f	\N	\N	\N	\N	\N	\N	2	2017-02-23 04:25:49.443	2	2017-02-23 00:00:00
19	1000020	3	t	t	t	\N	\N	t	t	\N	\N	\N	\N	3	2017-01-08 05:45:23.377	3	2017-01-08 00:00:00
15	1000013	3	t	t	f	\N	\N	t	t	\N	\N	t	t	3	2016-12-10 16:54:28.823	3	2017-01-08 00:00:00
20	1000003	21	t	t	f	\N	\N	t	t	\N	\N	t	t	21	2017-01-18 08:23:49.758	21	2017-01-18 00:00:00
22	1000020	22	t	t	t	\N	\N	t	\N	\N	\N	\N	\N	22	2017-01-21 10:38:51.652	\N	\N
23	1000019	22	t	t	t	\N	\N	t	\N	\N	\N	\N	\N	22	2017-01-21 10:38:57.629	\N	\N
24	1000017	22	t	t	t	\N	\N	t	\N	\N	\N	\N	\N	22	2017-01-21 10:39:05.309	\N	\N
25	1000007	22	t	t	f	\N	t	t	t	\N	\N	t	t	22	2017-01-21 10:42:20.589	22	2017-01-21 00:00:00
21	1000021	22	t	t	f	\N	\N	t	t	\N	\N	t	t	22	2017-01-21 10:38:30.459	22	2017-01-21 00:00:00
26	1000003	22	t	t	f	\N	\N	t	t	\N	\N	t	t	22	2017-01-21 10:57:29.793	22	2017-01-21 00:00:00
27	1000014	22	t	t	t	\N	\N	t	\N	\N	\N	\N	\N	22	2017-01-21 11:34:25.822	\N	\N
13	1000008	7	t	t	t	\N	\N	t	t	\N	\N	\N	\N	7	2016-12-02 18:46:11.448	7	2017-02-01 00:00:00
28	100000	2	\N	\N	\N	\N	t	\N	\N	\N	\N	\N	\N	2	2017-02-02 19:09:23.285	\N	\N
29	7	2	\N	\N	\N	\N	t	\N	\N	\N	\N	\N	\N	2	2017-02-02 19:09:31.761	\N	\N
30	7	908	\N	\N	\N	\N	t	\N	\N	\N	\N	\N	\N	908	2017-02-02 20:54:47.958	\N	\N
41	1000021	3	t	t	t	\N	\N	t	\N	\N	\N	\N	\N	3	2017-02-27 03:17:05.928	\N	\N
31	7	9008	\N	\N	\N	\N	t	\N	\N	\N	\N	\N	\N	9008	2017-02-02 20:55:00.449	9008	2017-02-03 00:00:00
40	1000002	13	t	t	f	\N	\N	t	t	\N	\N	t	t	13	2017-02-24 03:05:30.472	13	2017-02-28 00:00:00
32	100007	2	\N	\N	\N	\N	f	\N	\N	\N	\N	\N	\N	2	2017-02-04 08:56:02.343	\N	\N
39	1000019	2	t	t	f	\N	f	t	t	\N	\N	t	t	2	2017-02-24 02:57:30.888	2	2017-03-29 00:00:00
33	1000022	2	t	t	f	\N	f	t	\N	\N	\N	t	t	2	2017-02-19 15:29:23.298	2	2017-03-29 00:00:00
6	1000006	2	t	t	f	\N	f	t	t	\N	\N	t	t	2	2016-11-26 17:18:15.305	2	2017-03-23 00:00:00
5	1000007	2	t	t	f	\N	f	t	t	\N	\N	t	t	2	2016-11-26 17:18:06.669	2	2017-04-05 00:00:00
42	1000011	55	t	t	f	\N	\N	t	t	\N	\N	t	t	55	2017-04-18 18:27:59.798	55	2017-04-19 00:00:00
37	1000020	2	t	t	f	\N	f	t	t	\N	\N	t	t	2	2017-02-23 04:54:54.869	2	2017-04-24 00:00:00
36	1000021	2	\N	\N	f	\N	f	\N	\N	\N	\N	t	t	2	2017-02-23 04:54:52.158	2	2017-04-24 00:00:00
11	1000011	2	t	t	f	\N	t	t	t	\N	\N	t	t	2	2016-12-02 11:24:27.084	2	2017-03-23 00:00:00
38	1000017	2	\N	\N	f	\N	t	\N	\N	\N	\N	t	t	2	2017-02-23 04:54:57.655	2	2017-03-24 00:00:00
43	1000014	62	t	t	f	\N	t	t	t	\N	\N	t	t	62	2017-04-27 21:21:02.49	62	2017-04-27 00:00:00
44	1000062	2	t	t	t	\N	\N	t	t	\N	\N	\N	\N	2	2017-05-23 07:34:46.664	2	2017-05-23 00:00:00
34	1000013	2	t	t	f	\N	f	t	t	\N	\N	t	t	2	2017-02-19 15:32:45.099	2	2017-03-25 00:00:00
\.


--
-- Data for Name: mothertonque; Type: TABLE DATA; Schema: public; Owner: weddfix
--

COPY mothertonque (id, mothertonque, mothertonquedesc, isactive, createdby, createddate, updatedby, updateddate) FROM stdin;
1	Tamil	Tamil	t	1	2016-08-06 15:16:13.936	\N	\N
2	Hindi	Hindi	t	1	2016-10-13 05:30:30.364	\N	\N
5	English	English	t	1	2016-10-13 06:06:37.911	\N	\N
6	Gujarti	Gujarti	t	1	2016-10-13 06:07:22.777	\N	\N
7	kannada	kannada	t	1	2016-10-13 06:07:53.331	\N	\N
8	Konkani	Konkani	t	1	2016-10-13 06:08:23.699	\N	\N
9	Malayalam	Malayalam	t	1	2016-10-13 06:08:51.998	\N	\N
10	Marathi	Marathi	t	1	2016-10-13 06:09:17.704	\N	\N
11	Marwani	Marwani	t	1	2016-10-13 06:09:49.213	\N	\N
12	Oriya	Oriya	t	1	2016-10-13 06:10:27.161	\N	\N
13	Punjabi	Punjabi	t	1	2016-10-13 06:11:23.067	\N	\N
14	Sindhi	Sindhi	t	1	2016-10-13 06:11:45.409	\N	\N
15	Telugu	Telugu	t	1	2016-10-13 06:12:05.327	\N	\N
16	Urdu	Urdu	t	1	2016-10-13 06:12:29.917	\N	\N
17	Angika	Angika	t	1	2016-10-13 06:12:58.061	\N	\N
18	Arunachali	\t  Arunachali	t	1	2016-10-13 06:13:27.129	\N	\N
19	Awadhi	Awadhi	t	1	2016-10-13 06:13:53.742	\N	\N
20	Bhojpuri	Bhojpuri	t	1	2016-10-13 06:14:27.349	\N	\N
21	Brjj	Brjj	t	1	2016-10-13 06:14:54.033	\N	\N
22	Bihari	Bihari	t	1	2016-10-13 06:15:19.152	\N	\N
23	Badaga	Badaga	t	1	2016-10-13 06:15:43.126	\N	\N
24	Chatisgarhi	Chatisgarhi	t	1	2016-10-13 06:16:16.749	\N	\N
25	Dogri	Dogri	t	1	2016-10-13 06:19:47.131	\N	\N
26	French	French	t	1	2016-10-13 06:20:19.783	\N	\N
27	Garhwali	Garhwali	t	1	2016-10-13 06:21:33.006	\N	\N
28	Garo	Garo	t	1	2016-10-13 06:21:49.686	\N	\N
29	Haryanvi	Haryanvi	t	1	2016-10-13 06:22:20.703	\N	\N
30	Himachali/pahari	Himachali/paha	t	1	2016-10-13 06:23:09.479	\N	\N
31	Kanauji	Kanauji	t	1	2016-10-13 06:23:43.868	\N	\N
32	Kashmiri	Kashmiri	t	1	2016-10-13 06:24:15.788	\N	\N
33	Khandesi	Khandesi	t	1	2016-10-13 06:24:53.903	\N	\N
34	Khasi	Khasi	t	1	2016-10-13 06:25:25.027	\N	\N
35	Koshali	Koshali	t	1	2016-10-13 06:25:54.426	\N	\N
36	Kumaoni	Kumaoni	t	1	2016-10-13 06:26:25.114	\N	\N
37	Kutchi	Kutchi	t	1	2016-10-13 06:27:07.153	\N	\N
38	Lepcha	Lepcha	t	1	2016-10-13 06:28:20.715	\N	\N
39	Ladacki	Ladacki	t	1	2016-10-13 06:28:56.724	\N	\N
40	Megahi	Megahi	t	1	2016-10-13 06:29:19.783	\N	\N
41	Maithili	Maithili	t	1	2016-10-13 06:29:49.532	\N	\N
42	Manipuri	Manipuri	t	1	2016-10-13 06:30:08.675	\N	\N
43	Miji	Miji	t	1	2016-10-13 06:30:38.35	\N	\N
44	Mizo	Mizo	t	1	2016-10-13 06:30:59.276	\N	\N
45	Monpa	Monpa	t	1	2016-10-13 06:31:24.498	\N	\N
46	Nicobarese	Nicobarese	t	1	2016-10-13 06:31:51.087	\N	\N
47	Nepali	Nepali	t	1	2016-10-13 06:32:59.353	\N	\N
48	Rajasthani	Rajasthani	t	1	2016-10-13 06:33:40.6	\N	\N
49	Sanskrit	Sanskrit	t	1	2016-10-13 06:37:02.001	\N	\N
50	Santhali	Santhali	t	1	2016-10-13 06:41:09.694	\N	\N
51	Sourashtra	Sourashtra	t	1	2016-10-13 06:42:47.224	\N	\N
52	Tripuri	Tripuri	t	1	2016-10-13 06:43:10.445	\N	\N
53	Tripuri	Tripuri	t	1	2016-10-13 06:44:37.65	\N	\N
54	Tulu	Tulu	t	1	2016-10-13 06:44:54.977	\N	\N
55	Assamese	Assamese	t	1	2016-10-14 06:15:58.605	\N	\N
56	Bengali	Bengali	t	1	2016-10-14 06:16:39.546	\N	\N
\.


--
-- Name: next_image_id_seq; Type: SEQUENCE SET; Schema: public; Owner: weddfix
--

SELECT pg_catalog.setval('next_image_id_seq', 617, true);


--
-- Data for Name: occupation; Type: TABLE DATA; Schema: public; Owner: weddfix
--

COPY occupation (id, occupation, occupationdesc, isactive, createdby, createddate, updatedby, updateddate) FROM stdin;
1	Software Engineer	Software Engineer	t	1	2016-08-17 23:59:22.349	\N	\N
3	Banking Professional	Banking Professional	t	1	2016-11-05 11:02:50.004	\N	\N
4	Charterd Accountant	Charterd Accountant	t	1	2016-11-05 11:03:31.321	\N	\N
5	Company Secretary	Company Secretary	t	1	2016-11-05 11:05:29.304	\N	\N
10	Others	Others	t	1	2016-11-05 11:10:50.538	\N	\N
12	Administration&HR	Human Resources Proffessinal	t	1	2016-11-05 11:13:54.083	\N	\N
75	Nurse	Nurse	t	1	2016-11-08 04:51:01.431	\N	\N
8	Invesment Professional	Invesment Professional	t	1	2016-11-05 11:09:22.344	1	2016-11-05 11:14:50.151
9	Accounting Professional	Accounting Professional	t	1	2016-11-05 11:09:54.405	1	2016-11-05 11:15:18.229
11	Administration&HR	Admin Professional	t	1	2016-11-05 11:12:56.022	1	2016-11-05 11:15:35.08
21	Agriculture	Agricultural Professional	t	1	2016-11-05 11:25:16.388	\N	\N
22	Agriculture	Others	t	1	2016-11-05 11:25:34.703	\N	\N
23	Airline Hostess	Airline Hostess	t	1	2016-11-05 11:31:25.839	\N	\N
24	Flight Attendant	Flight Attendant	t	1	2016-11-05 11:32:25.004	\N	\N
25	Pilot/Co -Pilot	Pilot/Co -Pilot	t	1	2016-11-05 11:33:26.276	\N	\N
26	Airline Professional	Airline Professiona	t	1	2016-11-05 11:33:58.257	\N	\N
19	Agriculture Farming	Farming	t	1	2016-11-05 11:23:47.063	1	2016-11-07 10:07:07.088
58	Non IT Engineer (Others)	Non IT Engineer (Others)	t	1	2016-11-08 04:31:19.065	\N	\N
59	Hotel and Hospitallity	Hotel and Hospitallity	t	1	2016-11-08 04:32:56.746	\N	\N
13	AdvertisingActor Media 	Actor	t	1	2016-11-05 11:17:31.624	1	2016-11-07 10:09:40.291
14	Advertising Advertising Media	Advertising Professional	t	1	2016-11-05 11:18:44.311	1	2016-11-07 10:10:43.107
15	Advertising Event MangerMedia	Event Manger	t	1	2016-11-05 11:19:05.746	1	2016-11-07 10:11:49.727
16	Advertising Journalist Media	Journalist	t	1	2016-11-05 11:19:34.286	1	2016-11-07 10:12:24.446
7	Finance Professional	Finance Proffessional	t	1	2016-11-05 11:08:35.265	1	2016-11-08 04:33:10.594
17	Advertising Media Professional	Media Professional	t	1	2016-11-05 11:20:02.986	1	2016-11-07 10:14:54.046
18	Advertisement Media Other	Puplic  Relation Professional	t	1	2016-11-05 11:20:33.724	1	2016-11-07 10:18:41.464
43	Indian Police Service (IPS)	Indian Police Service (IPS)	t	1	2016-11-07 11:57:15.619	1	2016-11-08 05:06:38.623
29	Landscape Architect	Landscape Architect	t	1	2016-11-07 11:21:36.587	\N	\N
60	Chef / Food Crittic	Chef / Food Crittic	t	1	2016-11-08 04:35:30.06	\N	\N
30	Artist (Animator )	Artist( Animator )	t	1	2016-11-07 11:23:02.38	1	2016-11-07 11:26:48.63
31	commercial artist	commercial artist	t	1	2016-11-07 11:28:26.463	\N	\N
32	Artist (Others)	Artist (Others)	t	1	2016-11-07 11:29:05.988	\N	\N
33	Web /UX Design	Web /UX Design	t	1	2016-11-07 11:33:24.251	\N	\N
34	Artist (Others)	Artist (Others)	t	1	2016-11-07 11:34:10.984	\N	\N
35	Beauty/Fashion /jewelry 	Beauty/Fashion /jewelry	t	1	2016-11-07 11:40:35.927	\N	\N
36	Beautician	Beautician	t	1	2016-11-07 11:41:02.636	\N	\N
37	Fashion Designer	Fashion Designer	t	1	2016-11-07 11:43:11.003	\N	\N
38	Hair stylist	Hair stylist	t	1	2016-11-07 11:43:44.409	\N	\N
39	Jewelery designer	Jewelery designe	t	1	2016-11-07 11:44:16.486	\N	\N
40	Designer Other	Designer Other	t	1	2016-11-07 11:44:39.386	\N	\N
41	BRO/KPO /Customer Support	BRO/KPO /Customer Support	t	1	2016-11-07 11:45:58.305	\N	\N
44	Law Enforcement Employee	Law Enforcement Employee	t	1	2016-11-07 11:58:43.914	\N	\N
45	Defense( Air force )	Defense( Air force )	t	1	2016-11-07 12:00:51.657	\N	\N
47	Defense ( Navy )	Defense ( Navy )	t	1	2016-11-07 12:02:28.555	\N	\N
48	Defense Other Service	Defense Other Service	t	1	2016-11-07 12:03:03.735	\N	\N
49	Education / Training / Lecture	Education / Training / Lectur	t	1	2016-11-07 12:04:25.412	\N	\N
50	Professor	Professor	t	1	2016-11-07 12:04:45.867	\N	\N
51	Reserach Assistant	Reserach Assistant	t	1	2016-11-07 12:05:19.521	\N	\N
52	Teacher	Teacher	t	1	2016-11-07 12:05:35.629	\N	\N
53	Training Professional Others	Training Professional Others	t	1	2016-11-07 12:08:23.279	\N	\N
54	Civil Engineer	Civil Enginee	t	1	2016-11-07 12:09:05.302	\N	\N
55	Electronics/Telcom Engineer	Electronics/Telcom Engineer	t	1	2016-11-07 12:09:42.996	\N	\N
56	Mechanical Engineer	Mechanical  Engineer	t	1	2016-11-07 12:11:48.194	\N	\N
57	Engineer Others	Engineer Other	t	1	2016-11-07 12:12:23.161	\N	\N
61	Chef / Sommelier	Chef / Sommelier	t	1	2016-11-08 04:37:09.004	\N	\N
62	Catering Professional	Catering Professional	t	1	2016-11-08 04:37:58.112	\N	\N
63	Hotel and Hospitality Others	Hotel and Hospitality Others	t	1	2016-11-08 04:39:09.792	\N	\N
64	IT Software Engineer	IT Software Engineer	t	1	2016-11-08 04:40:12.349	\N	\N
65	Software Developer/Programmer	Software Developer/Programmer	t	1	2016-11-08 04:40:56.395	\N	\N
66	Software Consultant	Software Consultant	t	1	2016-11-08 04:42:16.195	\N	\N
67	Hardware & Networking 	Hardware & Networking 	t	1	2016-11-08 04:43:17.768	\N	\N
68	Software Professional Others	Software Professional Others	t	1	2016-11-08 04:43:51.961	\N	\N
69	Legal ( Layer )	Legal ( Layer )	t	1	2016-11-08 04:46:29.731	\N	\N
70	Legal Assistant	Legal Assistant	t	1	2016-11-08 04:47:02.904	\N	\N
71	Legal Professional Others	Legal Professional Others	t	1	2016-11-08 04:47:36.236	\N	\N
72	Medical / Dentist	Medical / Dentist	t	1	2016-11-08 04:48:51.996	\N	\N
73	Doctor	Doctor	t	1	2016-11-08 04:49:15.395	\N	\N
74	Medical Transcriptionist	Medical Transcriptionist	t	1	2016-11-08 04:50:35.595	\N	\N
76	Pharmacist	Pharmacist	t	1	2016-11-08 04:51:31.291	\N	\N
77	Physician Assistant	Physician Assistant	t	1	2016-11-08 04:52:45.439	\N	\N
78	Physiotherapist 	Physiotherapist	t	1	2016-11-08 04:53:58.029	\N	\N
79	Occupational Therapist 	Occupational Therapist 	f	1	2016-11-08 04:55:13.273	\N	\N
80	Psychologist	Psychologist	t	1	2016-11-08 04:56:02.024	\N	\N
81	Surgeon	Surgeon	t	1	2016-11-08 04:56:44.056	\N	\N
82	Veterinary doctor	Veterinary doctor	t	1	2016-11-08 04:57:42.461	\N	\N
83	Therapist ( Others)	Therapist ( Others)	t	1	2016-11-08 04:58:29.168	\N	\N
84	Medical  Professional	Medical  Professional	t	1	2016-11-08 04:59:19.562	\N	\N
27	Architecture and Design	Architecture	t	1	2016-11-07 11:14:44.095	1	2016-11-08 05:07:05.019
46	Defense (Army)	Defense (Army)	t	1	2016-11-07 12:01:38.467	1	2016-11-09 11:06:52.324
42	Civil Services/Law/Enforcement	Civil Services /Law/ Enforcement	t	1	2016-11-07 11:47:23.948	1	2016-11-09 11:07:48.065
85	Merchant Navy	Merchant Navy	t	1	2016-11-08 05:00:15.589	\N	\N
87	Mariner	Mariner	t	1	2016-11-08 05:02:33.762	\N	\N
88	Sales Marketing	Sales Marketing	t	1	2016-11-08 05:04:03.314	\N	\N
89	Sales Professional	Sales Professional	t	1	2016-11-08 05:04:31.185	\N	\N
90	Marketing Professional	Marketing Professional	t	1	2016-11-08 05:04:54.41	\N	\N
28	Interior Designer	Interior Designer	t	1	2016-11-07 11:20:52.002	1	2016-11-08 05:05:32.321
20	Agriculture Horticulturist	Agriculture  Horticulturist	t	1	2016-11-05 11:24:36.479	1	2016-11-08 05:05:50.372
91	Biologist /Botanist	Biologist /Botanist	t	1	2016-11-08 05:08:28.717	1	2016-11-08 05:08:43.41
86	Merchant Naval Officer	Merchant Naval Officer	t	1	2016-11-08 05:00:52.735	1	2016-11-08 05:09:02.483
92	Physicist	Physicist	t	1	2016-11-08 05:09:33.885	\N	\N
93	Science Professional	Science Professional	t	1	2016-11-08 05:10:40.824	\N	\N
94	Corporate Professionals	Corporate Professionals	t	1	2016-11-08 05:11:49.14	\N	\N
95	CXO/Chairman/Director	CXO/Chairman/Director	t	1	2016-11-08 05:12:58.336	\N	\N
96	VP / AVP / GM / DGM	VP / AVP / GM / DGM	t	1	2016-11-08 05:13:52.889	\N	\N
97	Sr.Manager	Sr.Manager	t	1	2016-11-08 05:14:32.143	\N	\N
98	Consultant Supervisor	Consultant Supervisor	t	1	2016-11-08 05:15:12.591	\N	\N
99	Consultant Team lead	Consultant Team lead	t	1	2016-11-08 05:16:38.583	\N	\N
100	Team Member / Staff	Team Member / Staff	t	1	2016-11-08 05:17:53.354	\N	\N
101	Agent / Broker / Trader	Agent / Broker / Trader	t	1	2016-11-08 05:18:52.079	\N	\N
102	Agent / Contractor	Agent / Contractor	t	1	2016-11-08 05:19:32.552	\N	\N
103	Business Owner	Business Owner	t	1	2016-11-08 05:20:28.287	\N	\N
104	Entrepreneur	Entrepreneur	t	1	2016-11-08 05:21:33.87	\N	\N
105	Politician	Politician	t	1	2016-11-08 05:22:05.296	\N	\N
106	Social Worker  / Volunteer	Social Worker  / Volunteer	t	1	2016-11-08 05:23:13.025	\N	\N
107	Social Worker / NGO	Social Worker / NGO	t	1	2016-11-08 05:23:59.649	\N	\N
108	Sports Man	Sports Man	t	1	2016-11-08 05:24:28.771	\N	\N
109	Travel & Transport  	Travel & Transport  	t	1	2016-11-08 05:27:05.188	\N	\N
110	Writer	Writer	t	1	2016-11-08 05:27:45.949	\N	\N
111	Non Working	Non Working	t	1	2016-11-08 05:28:10.633	\N	\N
112	Student	Student	t	1	2016-11-08 05:28:39.466	\N	\N
113	Retired	Retired	t	1	2016-11-08 05:29:30.13	\N	\N
114	Non Working	Non Working	t	1	2016-11-08 05:29:58.66	\N	\N
115	Photographer	Photographer	t	1	2016-11-09 07:24:49.32	\N	\N
\.


--
-- Data for Name: organization; Type: TABLE DATA; Schema: public; Owner: weddfix
--

COPY organization (id, orgname, orgdesc, isactive, createdby, createddate, updatedby, updateddate) FROM stdin;
1	Wedding Halls	Wedding Halls	t	1	2016-08-07 23:23:46.469	\N	\N
2	Studios	Studios	t	1	2016-08-07 23:23:46.469	\N	\N
3	Decorations	Decorations	t	1	2016-08-07 23:23:46.469	\N	\N
4	Beauty Parlours	Beauty Parlours	t	1	2016-08-07 23:23:46.469	\N	\N
5	Jewel Shops	Jewel Shops	t	1	2016-08-07 23:23:46.469	\N	\N
6	Caterings	Caterings	t	1	2016-08-07 23:23:46.469	\N	\N
7	Entertainments	Entertainments	t	1	2016-08-07 23:23:46.469	\N	\N
8	Wedding Clothes	Wedding Clothes	t	1	2016-08-07 23:23:46.469	\N	\N
9	Textiles	Textiles	t	1	2016-08-07 23:23:46.469	\N	\N
10	Travels	Travels	t	1	2016-08-07 23:23:46.469	\N	\N
11	Hotels	Hotels	t	1	2016-08-07 23:23:46.469	\N	\N
12	Wedding Astrologers	Wedding Astrologers	t	1	2016-08-07 23:23:46.469	\N	\N
\.


--
-- Data for Name: partnerpreference; Type: TABLE DATA; Schema: public; Owner: weddfix
--

COPY partnerpreference (id, profileid, userid, fromage, toage, maritalstatusid, bodytype, complexion, fromheightid, food, religionid, casteid, mothertongueid, educationid, occupationid, countryid, stateid, cityid, statusid, createdby, createddate, updatedby, updateddate, toheightid) FROM stdin;
1	1000001	1	20	30	2	Athletic	Wheatish	10	Non-Vegetarian	1	1	1	1	1	98	24	1	1	1	2016-08-21 17:55:39.429	5	2016-09-09 00:00:00	25
3	1000004	4	20	30	2	Average	Fair	10	Non-Vegetarian	-1	-1	-1	-1	-1	-1	-1	-1	1	1	2016-10-07 09:10:26.184	\N	\N	25
4	1000006	6	23	26	2	Average	Very Fair	10	Non-Vegetarian	1	1	1	1	1	201	-1	-1	1	1	2016-10-07 09:25:00.985	\N	\N	25
7	1000005	5	20	30	2	Average	Fair	10	Vegetarian	2	\N	-1	33	23	98	-1	-1	1	1	2016-11-07 07:48:42.622	\N	\N	25
8	1000007	7	20	30	2	Average	Fair	19	Non-Vegetarian	-1	-1	-1	-1	-1	-1	-1	-1	1	1	2016-11-13 14:54:08.682	\N	\N	26
9	1000009	9	23	28	2	Average	Fair	10	Eggetarian	2	210	1	-1	-1	98	-1	-1	1	1	2016-11-20 07:07:02.652	\N	\N	13
11	1000011	11	25	30	2	Slim	Wheatish	12	Eggetarian	2	276	1	100	-1	98	24	12	1	1	2016-12-01 13:20:37.612	\N	\N	20
2	1000003	3	20	30	2	Slim	Very Fair	7	Vegetarian	1	-1	1	-1	-1	98	24	-1	1	1	2016-10-07 06:09:30.644	3	2016-12-10 00:00:00	25
12	1000013	13	20	30	2	Slim	Dark	7	Vegetarian	1	-1	1	-1	-1	98	24	-1	1	1	2016-12-10 15:35:27.023	13	2016-12-10 00:00:00	20
13	1000014	14	20	23	2	Average	Fair	9	Non-Vegetarian	2	277	1	-1	-1	-1	-1	-1	1	1	2016-12-12 13:10:18.345	\N	\N	12
14	1000016	16	23	30	2	Slim	Very Fair	7	Vegetarian	2	9	56	33	23	98	7	195	1	1	2016-12-21 04:16:34.06	\N	\N	20
15	1000020	20	24	27	2	Average	Fair	12	Vegetarian	1	1	1	-1	-1	98	24	-1	1	1	2017-01-08 05:42:47.326	\N	\N	14
5	1000002	2	20	30	2	Average	Fair	5	Non-Vegetarian	-1	-1	-1	-1	-1	-1	-1	-1	1	1	2016-10-09 13:37:10.041	2	2017-01-08 00:00:00	32
10	1000010	10	20	25	2	Slim	Very Fair	2	Non-Vegetarian	2	38	1	70	73	-1	-1	-1	1	1	2016-11-24 06:31:58.431	10	2017-01-12 00:00:00	18
16	1000021	21	20	30	2	Average	Dark	7	Non-Vegetarian	1	1	1	33	1	98	24	-1	1	1	2017-01-12 19:35:38.692	21	2017-01-18 00:00:00	20
17	1000022	22	20	30	2	Slim	Fair	7	Non-Vegetarian	-1	-1	-1	-1	-1	-1	-1	-1	1	1	2017-01-21 10:36:46.309	\N	\N	20
18	1000023	23	20	30	1	Slim	Fair	10	Vegetarian	-1	-1	-1	-1	-1	-1	-1	-1	1	1	2017-01-21 11:27:12.29	\N	\N	25
19	1000024	24	20	330	1	Slim	Fair	10	Vegetarian	-1	-1	-1	-1	-1	-1	-1	-1	1	1	2017-01-27 18:33:00.914	\N	\N	25
20	1000078	78	20	30	1	Slim	Fair	10	Vegetarian	-1	-1	-1	-1	-1	-1	-1	-1	1	1	2017-02-08 01:22:40.583	\N	\N	25
21	1000079	79	20	30	1	Slim	Fair	10	Vegetarian	-1	-1	-1	-1	-1	-1	-1	-1	1	1	2017-02-08 01:42:11.316	\N	\N	25
22	1000037	37	18	25	2	Average	Wheatish	12	Vegetarian	2	-1	15	-1	-1	-1	-1	-1	1	1	2017-02-11 02:36:18.237	\N	\N	13
23	1000046	46	20	30	2	Slim	Very Fair	4	Vegetarian	2	6	19	54	13	98	25	-1	1	1	2017-02-19 08:53:52.462	\N	\N	4
24	1000047	47	20	35	2	Slim	Fair	4	Vegetarian	2	7	32	58	16	9	31	2	1	1	2017-02-19 11:54:23.637	\N	\N	12
25	1000049	49	20	30	2	Average	Fair	3	Non-Vegetarian	2	-1	1	-1	-1	98	-1	-1	1	1	2017-03-01 16:50:20.573	\N	\N	9
26	1000052	52	20	30	1	Slim	Fair	10	Vegetarian	-1	-1	-1	-1	-1	-1	-1	-1	1	1	2017-03-28 04:08:04.485	\N	\N	25
27	1000055	55	24	28	2	Average	Wheatish	10	Eggetarian	2	-1	1	-1	-1	98	-1	-1	1	1	2017-04-18 18:13:51.213	\N	\N	14
28	1000061	61	20	30	2	Slim	Wheatish	19	Vegetarian	2	159	29	3	26	38	14	6	1	1	2017-04-24 07:54:55.977	\N	\N	8
29	1000063	63	25	32	2	Average	Fair	8	Eggetarian	2	-1	1	-1	-1	-1	-1	-1	1	1	2017-04-27 21:16:51.784	\N	\N	16
30	1000062	62	25	32	2	Average	Fair	9	Eggetarian	2	-1	1	-1	-1	-1	-1	-1	1	1	2017-04-27 21:19:39.145	\N	\N	16
\.


--
-- Data for Name: personaldetails; Type: TABLE DATA; Schema: public; Owner: weddfix
--

COPY personaldetails (id, profileid, userid, casteid, subcaste, mothertongueid, weightid, bodytype, complexion, physicalstatus, employedin, currencyid, monthlyincome, food, smoking, drinking, familystatus, familytype, familyvalues, fathersstatus, mothersstatus, numberofbrothers, brothersmarried, numberofsisters, sistersmarried, statusid, createdby, createddate, updatedby, updateddate) FROM stdin;
1	1000001	1	1	Others	1	36	Athletic	Fair	Normal	Private	1	50000	Non-Vegetarian	No	No	Upper middle class	Nuclear	Moderate	Business Man	Homemaker	None	None	1	1	1	1	2016-10-16 12:47:55.324	1	2016-10-16 00:00:00
2	1000002	2	1	Others	1	38	Slim	Fair	Normal	Private	1	50000	Non-Vegetarian	No	No	Middle class	Nuclear	Moderate	Retired	Homemaker	None	None	1	1	1	1	2016-10-16 13:06:20.048	\N	\N
3	1000005	5	210	Rajakula Agamudaiyar	1	27	Average	Wheatish	Normal	Business	1	30000	Eggetarian	No	No	Middle class	Nuclear	Traditional	Business Man	Homemaker	None	None	2	2	1	1	2016-11-07 07:59:38.988	5	2016-11-07 00:00:00
5	1000009	9	210	Agamudayar	1	28	Average	Wheatish	Normal	Business	1	50000	Eggetarian	No	No	Middle class	Nuclear	Traditional	Passed Away	Homemaker	None	None	2	2	1	1	2016-11-20 14:01:25.126	\N	\N
6	1000011	11	276	saiva vellalar	1	22	Average	Fair	Normal	Private	1	30000	Eggetarian	No	No	Upper middle class	Nuclear	Traditional	Employed	Homemaker	1	None	None	None	1	1	2016-12-01 13:31:44.797	\N	\N
7	1000013	13	1		1	24	Slim	Fair	Normal	Private	1	50000	Vegetarian	No	No	Middle class	Nuclear	Orthodox	Employed	Homemaker	1	None	None	None	1	1	2016-12-10 15:53:27.334	\N	\N
4	1000003	3	1		1	24	Slim	Dark	Normal	Private	1	50000	Vegetarian	No	No	Middle class	Nuclear	Moderate	Retired	Homemaker	3	1	1	2	1	1	2016-11-12 13:37:12.654	3	2016-12-10 00:00:00
8	1000017	17	58		1	11	Average	Fair	Normal	Private	1	50000	Non-Vegetarian	No	No	Upper middle class	Nuclear	Traditional	Business Man	Homemaker	1	1	None	None	1	1	2016-12-26 17:58:23.018	\N	\N
9	1000021	21	1		1	19	Slim	Very Fair	Normal	Private	1	30000	Vegetarian	No	No	Upper middle class	Nuclear	Traditional	Business Man	Homemaker	1	1	None	None	1	1	2017-01-08 07:13:50.263	\N	\N
10	1000055	55	210	Rajakula Agamudaiyar	1	28	Average	Wheatish	Normal	Defence	1	60000	Eggetarian	No	No	Middle class	Nuclear	Traditional	Passed Away	Homemaker	None	None	2	2	1	55	2017-04-18 18:27:27.112	\N	\N
\.


--
-- Data for Name: photogallery; Type: TABLE DATA; Schema: public; Owner: weddfix
--

COPY photogallery (id, phototype, orgid, filename, filetype, filesize, filepath, statusid, createdby, createddate, updatedby, updateddate) FROM stdin;
3	P1000004	\N	P1000004_4.jpg	Image File	19595	/opt/images/P1000004_4.jpg	1	4	2016-10-10 17:23:47.982	\N	\N
5	P1000005	\N	P1000005_7.jpg	Image File	32030	/opt/images/P1000005_7.jpg	1	5	2016-11-07 07:54:22.424	\N	\N
6	P1000005	\N	P1000005_8.jpg	Image File	32030	/opt/images/P1000005_8.jpg	1	5	2016-11-07 07:54:41.598	\N	\N
2	P1000006	\N	P1000001_9.png	Image File	52481	/opt/images/P1000001_9.png	1	6	2016-10-07 09:28:13.323	1	2016-11-18 00:00:00
1	P1000001	\N	P1000001_23.png	Image File	52481	/opt/images/P1000001_23.png	1	1	2016-10-06 19:24:06.855	1	2016-11-20 00:00:00
8	P1000009	\N	P1000009_27.jpg	Image File	167536	/opt/images/P1000009_27.jpg	1	9	2016-11-20 14:09:21.143	9	2016-11-20 00:00:00
4	P1000002	\N	P1000002_35.jpg	Image File	122356	/opt/images/P1000002_35.jpg	1	2	2016-10-22 07:51:37.943	2	2016-11-20 00:00:00
9	P1000009	\N	P1000009_41.jpg	Image File	235475	/opt/images/P1000009_41.jpg	1	9	2016-11-20 14:12:05.04	9	2016-11-21 00:00:00
10	P1000010	\N	P1000010_42.jpg	Image File	620888	/opt/images/P1000010_42.jpg	1	10	2016-11-24 06:33:30.134	\N	\N
11	P1000010	\N	P1000010_43.jpg	Image File	620888	/opt/images/P1000010_43.jpg	1	10	2016-11-24 06:33:33.978	\N	\N
12	P1000010	\N	P1000010_44.jpg	Image File	620888	/opt/images/P1000010_44.jpg	1	10	2016-11-24 06:33:36.038	\N	\N
13	P1000010	\N	P1000010_45.jpg	Image File	620888	/opt/images/P1000010_45.jpg	1	10	2016-11-24 06:33:37.797	\N	\N
14	P1000014	\N	P1000014_48.jpg	Image File	59869	/opt/images/P1000014_48.jpg	1	14	2016-12-12 13:14:23.566	14	2016-12-12 00:00:00
15	P1000014	\N	P1000014_52.jpg	Image File	87635	/opt/images/P1000014_52.jpg	1	14	2016-12-12 13:14:28.481	14	2016-12-12 00:00:00
41	C1000004	2	newlogo_127.jpg	Image File	10947	/opt/images/newlogo_127.jpg	1	4	2017-01-08 18:56:41.225	4	2017-01-08 00:00:00
47	C1000005	4	f0b745a364fed5d1674eed56bce6a4c0_133.jpg	Image File	273952	/opt/images/f0b745a364fed5d1674eed56bce6a4c0_133.jpg	1	3	2017-01-08 19:26:34.222	3	2017-01-08 00:00:00
51	C1000005	4	75b353_0e39f739694344f9af5331b93c8e1dfd_137.jpg	Image File	161900	/opt/images/75b353_0e39f739694344f9af5331b93c8e1dfd_137.jpg	1	3	2017-01-08 19:27:56.14	\N	\N
52	C1000005	4	75b353_f0fc6aa027654353958d4d4ba0e5a8f0_138.jpg	Image File	166424	/opt/images/75b353_f0fc6aa027654353958d4d4ba0e5a8f0_138.jpg	1	3	2017-01-08 19:28:13.349	\N	\N
53	C1000006	4	nidhas_139.png	Image File	17625	/opt/images/nidhas_139.png	1	7	2017-01-08 19:38:10.883	7	2017-01-08 00:00:00
54	C1000006	4	3_140.jpg	Image File	82936	/opt/images/3_140.jpg	1	7	2017-01-08 19:38:29.189	\N	\N
55	C1000006	4	1_141.jpg	Image File	80353	/opt/images/1_141.jpg	1	7	2017-01-08 19:38:36.664	\N	\N
56	C1000006	4	6_142.jpg	Image File	98469	/opt/images/6_142.jpg	1	7	2017-01-08 19:38:42.81	\N	\N
57	C1000006	4	gallery-10.1_143.jpg	Image File	81480	/opt/images/gallery-10.1_143.jpg	1	7	2017-01-08 19:38:49.994	\N	\N
58	C1000006	4	gallery-5.1_144.jpg	Image File	62584	/opt/images/gallery-5.1_144.jpg	1	7	2017-01-08 19:39:10.406	\N	\N
59	C1000006	4	gallery-4.1_145.jpg	Image File	43242	/opt/images/gallery-4.1_145.jpg	1	7	2017-01-08 19:39:19.231	\N	\N
23	BANNERPHOTO	\N	banner 400_61.jpg	Image File	275263	/opt/images/banner 400_61.jpg	1	1	2016-12-27 05:33:00.559	\N	\N
61	C1000007	4	logo9_147.png	Image File	8768	/opt/images/logo9_147.png	1	8	2017-01-08 19:53:22.711	8	2017-01-08 00:00:00
62	C1000007	4	mehandi1_148.jpg	Image File	49212	/opt/images/mehandi1_148.jpg	1	8	2017-01-08 19:53:39.834	\N	\N
67	\N	\N	IMG_8808_153.jpg	Image File	73369	/opt/images/IMG_8808_153.jpg	1	9	2017-01-08 20:13:23.688	\N	\N
83	C10000010	6	home_2_176.jpg	Image File	151092	/opt/images/home_2_176.jpg	1	11	2017-01-10 02:20:29.925	\N	\N
84	C10000010	6	home_1_177.jpg	Image File	35824	/opt/images/home_1_177.jpg	1	11	2017-01-10 02:20:45.041	\N	\N
79	C1000009	10	Jellyfish_172.jpg	Image File	775702	/opt/images/Jellyfish_172.jpg	1	1	2017-01-09 18:27:05.164	1	2017-01-09 00:00:00
81	C10000010	6	logo_174.png	Image File	20701	/opt/images/logo_174.png	1	11	2017-01-10 02:19:39.659	11	2017-01-10 00:00:00
82	C10000010	6	home_3_175.jpg	Image File	39277	/opt/images/home_3_175.jpg	1	11	2017-01-10 02:20:18.172	\N	\N
90	C10000011	6	Untitled-1_185.jpg	Image File	154995	/opt/images/Untitled-1_185.jpg	1	12	2017-01-10 02:50:22.137	\N	\N
94	C10000011	6	2_189.jpg	Image File	366379	/opt/images/2_189.jpg	1	12	2017-01-10 02:58:11.93	\N	\N
95	C10000011	6	Untitled-1_190.jpg	Image File	154995	/opt/images/Untitled-1_190.jpg	1	12	2017-01-10 02:58:50.516	\N	\N
97	C10000013	1	EVP-Logo-v1_192.png	Image File	37350	/opt/images/EVP-Logo-v1_192.png	1	15	2017-01-16 15:10:08.068	15	2017-01-16 00:00:00
98	C10000013	1	IMG_1076_193.jpg	Image File	564220	/opt/images/IMG_1076_193.jpg	1	15	2017-01-16 15:10:34.338	\N	\N
99	C10000013	1	IMG_5056_194.jpg	Image File	540849	/opt/images/IMG_5056_194.jpg	1	15	2017-01-16 15:10:57.704	\N	\N
100	C10000013	1	IMG_5083_195.jpg	Image File	766399	/opt/images/IMG_5083_195.jpg	1	15	2017-01-16 15:11:50.245	\N	\N
101	C10000013	1	IMG_5073_196.jpg	Image File	846519	/opt/images/IMG_5073_196.jpg	1	15	2017-01-16 15:12:20.404	\N	\N
102	C10000013	1	Royal-palace_197.jpg	Image File	61640	/opt/images/Royal-palace_197.jpg	1	15	2017-01-16 15:12:27.963	\N	\N
103	C10000013	1	Marriage-Halls-in-Chennai_198.png	Image File	640353	/opt/images/Marriage-Halls-in-Chennai_198.png	1	15	2017-01-16 15:12:48.959	\N	\N
42	C1000004	2	011_128.jpg	Image File	558877	/opt/images/011_128.jpg	1	4	2017-01-08 18:56:57.671	\N	\N
43	C1000004	2	15_129.jpg	Image File	756701	/opt/images/15_129.jpg	1	4	2017-01-08 18:57:08.317	\N	\N
44	C1000004	2	ssweddingphotography-trichy-5_130.jpg	Image File	1276104	/opt/images/ssweddingphotography-trichy-5_130.jpg	1	4	2017-01-08 18:57:27.807	\N	\N
45	C1000004	2	021_131.jpg	Image File	273509	/opt/images/021_131.jpg	1	4	2017-01-08 18:57:36.933	\N	\N
46	C1000004	2	ssweddingphotography-trichy-4_132.jpg	Image File	614624	/opt/images/ssweddingphotography-trichy-4_132.jpg	1	4	2017-01-08 18:57:46.119	\N	\N
48	C1000005	4	75b353_ea997d0b9b2f4000869bb8c300351005_134.jpg	Image File	158348	/opt/images/75b353_ea997d0b9b2f4000869bb8c300351005_134.jpg	1	3	2017-01-08 19:26:57.776	\N	\N
49	C1000005	4	75b353_96b54573f93d444eb85b24a5b48f3db6_135.jpg	Image File	106944	/opt/images/75b353_96b54573f93d444eb85b24a5b48f3db6_135.jpg	1	3	2017-01-08 19:27:18.569	\N	\N
50	C1000005	4	75b353_fbf210c3bf5d4214a68ee16ff7d7786a_136.jpg	Image File	212077	/opt/images/75b353_fbf210c3bf5d4214a68ee16ff7d7786a_136.jpg	1	3	2017-01-08 19:27:41.029	\N	\N
60	C1000006	4	3_146.jpg	Image File	82936	/opt/images/3_146.jpg	1	7	2017-01-08 19:39:39.137	\N	\N
63	C1000007	4	waxing_149.jpg	Image File	25259	/opt/images/waxing_149.jpg	1	8	2017-01-08 19:53:45.83	\N	\N
64	C1000007	4	manicure_150.jpg	Image File	64560	/opt/images/manicure_150.jpg	1	8	2017-01-08 19:53:54.55	\N	\N
65	C1000007	4	Untitled 1_151.jpeg	Image File	186456	/opt/images/Untitled 1_151.jpeg	1	8	2017-01-08 19:54:02.731	\N	\N
24	C1000001	1	Lighthouse_108.jpg	Image File	561276	/opt/images/Lighthouse_108.jpg	1	1	2017-01-06 22:32:42.686	1	2017-01-06 00:00:00
25	C1000001	1	Koala_109.jpg	Image File	780831	/opt/images/Koala_109.jpg	1	1	2017-01-06 22:34:19.95	\N	\N
26	C1000002	2	33789-2199_110.jpeg	Image File	130066	/opt/images/33789-2199_110.jpeg	1	6	2017-01-07 06:06:16	6	2017-01-07 00:00:00
28	C1000002	2	69242_10200684501465500_242637704_n_112.jpg	Image File	22479	/opt/images/69242_10200684501465500_242637704_n_112.jpg	1	6	2017-01-07 06:07:09.948	\N	\N
66	C1000007	4	Untitled 2_152.jpeg	Image File	741132	/opt/images/Untitled 2_152.jpeg	1	8	2017-01-08 19:54:16.288	\N	\N
77	C1000008	2	1465529891_167.jpg	Image File	766135	/opt/images/1465529891_167.jpg	1	10	2017-01-09 15:58:26.701	\N	\N
78	C1000008	2	arabian bride_168.jpg	Image File	84155	/opt/images/arabian bride_168.jpg	1	10	2017-01-09 16:00:16.084	\N	\N
80	C1000009	10	Lighthouse_173.jpg	Image File	561276	/opt/images/Lighthouse_173.jpg	1	1	2017-01-09 19:19:31.379	\N	\N
85	C10000010	6	20160622_192308 copy_178.jpg	Image File	580226	/opt/images/20160622_192308 copy_178.jpg	1	11	2017-01-10 02:23:54.422	\N	\N
29	C1000003	2	logo1_118.jpg	Image File	35447	/opt/images/logo1_118.jpg	1	2	2017-01-08 18:16:27.746	2	2017-01-08 00:00:00
33	C1000003	2	380d1d_2f403d25a3fb4aa594ce475ef68cbdd1_119.jpg	Image File	179386	/opt/images/380d1d_2f403d25a3fb4aa594ce475ef68cbdd1_119.jpg	1	2	2017-01-08 18:43:53.598	\N	\N
34	C1000003	2	380d1d_dff1349d35de4f8b9f1dbcaada96caf2~mv2_120.jpg	Image File	74713	/opt/images/380d1d_dff1349d35de4f8b9f1dbcaada96caf2~mv2_120.jpg	1	2	2017-01-08 18:44:07.812	\N	\N
35	C1000003	2	380d1d_abacf411111b4753ba313387a57b404c_121.jpg	Image File	136972	/opt/images/380d1d_abacf411111b4753ba313387a57b404c_121.jpg	1	2	2017-01-08 18:44:35.558	\N	\N
36	C1000003	2	380d1d_08832878dd25407783e03c05b2aaa9d5~mv2_d_5472_3648_s_4_2_122.jpg	Image File	350375	/opt/images/380d1d_08832878dd25407783e03c05b2aaa9d5~mv2_d_5472_3648_s_4_2_122.jpg	1	2	2017-01-08 18:44:50.756	\N	\N
37	C1000003	2	380d1d_025ea3e61dce4d63bcafb8a18b2325bf~mv2_d_3648_5472_s_4_2_123.jpg	Image File	188911	/opt/images/380d1d_025ea3e61dce4d63bcafb8a18b2325bf~mv2_d_3648_5472_s_4_2_123.jpg	1	2	2017-01-08 18:45:08.439	\N	\N
86	C10000010	6	20151121_182501 copy_179.jpg	Image File	400533	/opt/images/20151121_182501 copy_179.jpg	1	11	2017-01-10 02:24:18.942	\N	\N
39	C1000003	2	380d1d_d9c30ea300b1488ea10c1671291f5476~mv2_125.jpg	Image File	88839	/opt/images/380d1d_d9c30ea300b1488ea10c1671291f5476~mv2_125.jpg	1	2	2017-01-08 18:45:51.729	\N	\N
40	C1000003	2	380d1d_2854fa0ab6ba4dad91c8bfd7c61fac37_126.jpg	Image File	209867	/opt/images/380d1d_2854fa0ab6ba4dad91c8bfd7c61fac37_126.jpg	1	2	2017-01-08 18:45:59.498	\N	\N
87	C10000010	6	20151121_212110 copy_180.jpg	Image File	743888	/opt/images/20151121_212110 copy_180.jpg	1	11	2017-01-10 02:24:47.358	\N	\N
88	C10000010	6	IMG_20160911_191650 copy_181.jpg	Image File	1205060	/opt/images/IMG_20160911_191650 copy_181.jpg	1	11	2017-01-10 02:25:24.704	\N	\N
93	C10000011	6	1_188.jpg	Image File	366416	/opt/images/1_188.jpg	1	12	2017-01-10 02:56:19.245	\N	\N
96	C10000012	6	14764493381bb87d41d15fe27b500a4bfcde01bb0e_191.png	Image File	132913	/opt/images/14764493381bb87d41d15fe27b500a4bfcde01bb0e_191.png	1	13	2017-01-10 03:11:52.101	13	2017-01-10 00:00:00
104	C10000014	1	logo_199.png	Image File	8640	/opt/images/logo_199.png	1	16	2017-01-16 15:23:14.499	16	2017-01-16 00:00:00
105	C10000014	1	01_200.jpg	Image File	54700	/opt/images/01_200.jpg	1	16	2017-01-16 15:23:32.686	\N	\N
106	C10000014	1	03_201.jpg	Image File	40853	/opt/images/03_201.jpg	1	16	2017-01-16 15:23:42.794	\N	\N
107	C10000014	1	05_202.jpg	Image File	39967	/opt/images/05_202.jpg	1	16	2017-01-16 15:23:52.371	\N	\N
108	C10000014	1	20_203.jpg	Image File	71946	/opt/images/20_203.jpg	1	16	2017-01-16 15:24:05.412	\N	\N
109	C10000014	1	26_204.jpg	Image File	73776	/opt/images/26_204.jpg	1	16	2017-01-16 15:24:14.278	\N	\N
111	C10000015	1	logo_206.png	Image File	5423	/opt/images/logo_206.png	1	17	2017-01-17 06:20:34.265	17	2017-01-17 00:00:00
112	C10000015	1	item-11_207.jpg	Image File	18125	/opt/images/item-11_207.jpg	1	17	2017-01-17 06:21:12.438	\N	\N
113	C10000015	1	item-10_208.jpg	Image File	22505	/opt/images/item-10_208.jpg	1	17	2017-01-17 06:21:34.742	\N	\N
114	C10000015	1	item-5_209.jpg	Image File	15716	/opt/images/item-5_209.jpg	1	17	2017-01-17 06:21:45.203	\N	\N
115	C10000015	1	item-15_210.jpg	Image File	8588	/opt/images/item-15_210.jpg	1	17	2017-01-17 06:22:05.471	\N	\N
116	C10000015	1	item-8_211.jpg	Image File	10435	/opt/images/item-8_211.jpg	1	17	2017-01-17 06:22:19.433	\N	\N
117	C10000015	1	item-1_212.jpg	Image File	29977	/opt/images/item-1_212.jpg	1	17	2017-01-17 06:22:27.052	\N	\N
118	C10000015	1	map_213.jpg	Image File	33015	/opt/images/map_213.jpg	1	17	2017-01-17 06:22:39.144	\N	\N
119	C10000016	1	shivalaiya-logo-white_214.png	Image File	15744	/opt/images/shivalaiya-logo-white_214.png	1	18	2017-01-17 06:33:34.211	18	2017-01-17 00:00:00
120	C10000016	1	shivalaiya-buffet1_215.jpg	Image File	257005	/opt/images/shivalaiya-buffet1_215.jpg	1	18	2017-01-18 08:39:19.065	\N	\N
122	C10000016	1	shivalaiya-hall1_217.jpg	Image File	265740	/opt/images/shivalaiya-hall1_217.jpg	1	18	2017-01-18 08:41:32.481	\N	\N
123	C10000016	1	shivalaiya-hall2_218.jpg	Image File	283760	/opt/images/shivalaiya-hall2_218.jpg	1	18	2017-01-18 08:44:33.404	\N	\N
124	C10000016	1	shivalaiya-dinning3_219.jpg	Image File	296269	/opt/images/shivalaiya-dinning3_219.jpg	1	18	2017-01-18 08:45:02.458	\N	\N
125	C10000017	1	logomid_220.jpg	Image File	4625	/opt/images/logomid_220.jpg	1	19	2017-01-18 09:01:30.579	19	2017-01-18 00:00:00
126	C10000017	1	a_marriage_in_fortune_hall-750x440_221.jpg	Image File	120560	/opt/images/a_marriage_in_fortune_hall-750x440_221.jpg	1	19	2017-01-18 09:02:27.56	\N	\N
127	C10000017	1	marriage_hall_coimbatore-750x440_222.jpg	Image File	97376	/opt/images/marriage_hall_coimbatore-750x440_222.jpg	1	19	2017-01-18 09:03:00.686	\N	\N
128	C10000017	1	marriage_halls_coimbatore_image-750x440_223.jpg	Image File	101160	/opt/images/marriage_halls_coimbatore_image-750x440_223.jpg	1	19	2017-01-18 09:03:41.162	\N	\N
129	C10000017	1	marriage_in_midlandresidency_banquet_hall-750x440_224.jpg	Image File	93995	/opt/images/marriage_in_midlandresidency_banquet_hall-750x440_224.jpg	1	19	2017-01-18 09:05:04.611	\N	\N
130	C10000017	1	room_with_view_225.jpg	Image File	103624	/opt/images/room_with_view_225.jpg	1	19	2017-01-18 09:05:53.226	\N	\N
131	C10000017	1	stage_226.jpg	Image File	92434	/opt/images/stage_226.jpg	1	19	2017-01-18 09:06:14.311	\N	\N
132	C10000018	4	logo_227.jpg	Image File	39609	/opt/images/logo_227.jpg	1	20	2017-01-20 22:16:52.767	20	2017-01-20 00:00:00
133	C10000018	4	gall-1-6.jpg-nggid017-ngg0dyn-500x280x100-00f0w010c011r110f110r010t010_228.jpg	Image File	75150	/opt/images/gall-1-6.jpg-nggid017-ngg0dyn-500x280x100-00f0w010c011r110f110r010t010_228.jpg	1	20	2017-01-20 22:17:47.832	\N	\N
134	C10000018	4	gall-2.jpg-nggid018-ngg0dyn-500x280x100-00f0w010c011r110f110r010t010_229.jpg	Image File	144474	/opt/images/gall-2.jpg-nggid018-ngg0dyn-500x280x100-00f0w010c011r110f110r010t010_229.jpg	1	20	2017-01-20 22:18:02.884	\N	\N
135	C10000018	4	gall-5.jpg-nggid0211-ngg0dyn-500x280x100-00f0w010c011r110f110r010t010_230.jpg	Image File	96010	/opt/images/gall-5.jpg-nggid0211-ngg0dyn-500x280x100-00f0w010c011r110f110r010t010_230.jpg	1	20	2017-01-20 22:18:11.494	\N	\N
136	C10000018	4	gall-6.jpg-nggid0212-ngg0dyn-500x280x100-00f0w010c011r110f110r010t010_231.jpg	Image File	157418	/opt/images/gall-6.jpg-nggid0212-ngg0dyn-500x280x100-00f0w010c011r110f110r010t010_231.jpg	1	20	2017-01-20 22:18:25.208	\N	\N
137	C10000018	4	gall-7.jpg-nggid0213-ngg0dyn-500x280x100-00f0w010c011r110f110r010t010_232.jpg	Image File	141530	/opt/images/gall-7.jpg-nggid0213-ngg0dyn-500x280x100-00f0w010c011r110f110r010t010_232.jpg	1	20	2017-01-20 22:18:39.733	\N	\N
138	C10000018	4	gall-8.jpg-nggid0214-ngg0dyn-500x280x100-00f0w010c011r110f110r010t010_233.jpg	Image File	111197	/opt/images/gall-8.jpg-nggid0214-ngg0dyn-500x280x100-00f0w010c011r110f110r010t010_233.jpg	1	20	2017-01-20 22:19:13.31	\N	\N
139	C10000019	4	2_234.jpg	Image File	63882	/opt/images/2_234.jpg	1	21	2017-01-20 22:36:39.995	21	2017-01-20 00:00:00
140	C10000019	4	1(1)_235.jpg	Image File	22949	/opt/images/1(1)_235.jpg	1	21	2017-01-20 22:37:00.06	\N	\N
141	C10000019	4	2_236.jpg	Image File	59485	/opt/images/2_236.jpg	1	21	2017-01-20 22:37:16.137	\N	\N
142	C10000019	4	3_237.jpg	Image File	196472	/opt/images/3_237.jpg	1	21	2017-01-20 22:37:31.936	\N	\N
143	C10000019	4	4_238.jpg	Image File	282862	/opt/images/4_238.jpg	1	21	2017-01-20 22:37:45.82	\N	\N
144	C10000019	4	7_239.jpg	Image File	25551	/opt/images/7_239.jpg	1	21	2017-01-20 22:37:54.37	\N	\N
145	C10000020	4	logo3_240.jpg	Image File	36790	/opt/images/logo3_240.jpg	1	22	2017-01-20 22:54:41.539	22	2017-01-20 00:00:00
146	C10000020	4	contact (1)_241.jpg	Image File	90259	/opt/images/contact (1)_241.jpg	1	22	2017-01-20 22:55:34.781	\N	\N
147	C10000021	4	4cffc2_ba3a1689801a43daa17d382e9bfc616f-mv2_242.png	Image File	89977	/opt/images/4cffc2_ba3a1689801a43daa17d382e9bfc616f-mv2_242.png	1	23	2017-01-20 23:06:30.41	23	2017-01-20 00:00:00
148	C10000021	4	10570446_207007812970137_7794970103374058672_n_243.jpg	Image File	64271	/opt/images/10570446_207007812970137_7794970103374058672_n_243.jpg	1	23	2017-01-20 23:12:32.614	\N	\N
149	C10000021	4	14517651_339327569738160_7748243764384089855_n_244.jpg	Image File	52350	/opt/images/14517651_339327569738160_7748243764384089855_n_244.jpg	1	23	2017-01-20 23:12:38.97	\N	\N
150	C10000021	4	14925394_354378398233077_8572292068196978558_n_245.jpg	Image File	33711	/opt/images/14925394_354378398233077_8572292068196978558_n_245.jpg	1	23	2017-01-20 23:12:45.998	\N	\N
151	C10000021	4	15390686_372327136438203_1174489751323391979_n_246.jpg	Image File	66377	/opt/images/15390686_372327136438203_1174489751323391979_n_246.jpg	1	23	2017-01-20 23:12:53.079	\N	\N
152	C10000021	4	15825863_383583688645881_6652461419320950860_n_247.jpg	Image File	35917	/opt/images/15825863_383583688645881_6652461419320950860_n_247.jpg	1	23	2017-01-20 23:12:58.153	\N	\N
153	C10000022	6	cover_photo_248.jpg	Image File	39304	/opt/images/cover_photo_248.jpg	1	24	2017-01-21 11:50:52.449	24	2017-01-21 00:00:00
154	C10000022	6	tick_shortlist1_249.png	Image File	717	/opt/images/tick_shortlist1_249.png	1	24	2017-01-21 11:51:56.76	\N	\N
155	C10000023	3	logo_250.png	Image File	19191	/opt/images/logo_250.png	1	25	2017-01-25 12:08:24.978	25	2017-01-25 00:00:00
156	C10000023	3	007_251.jpg	Image File	564448	/opt/images/007_251.jpg	1	25	2017-01-25 12:08:54.122	\N	\N
157	C10000023	3	010_252.jpg	Image File	670328	/opt/images/010_252.jpg	1	25	2017-01-25 12:09:15.415	\N	\N
158	C10000023	3	A (2)_253.jpg	Image File	605967	/opt/images/A (2)_253.jpg	1	25	2017-01-25 12:10:37.652	\N	\N
159	C10000023	3	A (32)_254.jpg	Image File	838089	/opt/images/A (32)_254.jpg	1	25	2017-01-25 12:11:48.256	\N	\N
160	C10000023	3	A (37)_255.jpg	Image File	373846	/opt/images/A (37)_255.jpg	1	25	2017-01-25 12:12:44.104	\N	\N
161	C10000024	3	logo (1)_256.png	Image File	9251	/opt/images/logo (1)_256.png	1	26	2017-01-25 12:20:49.938	26	2017-01-25 00:00:00
162	C10000024	3	1_257.jpg	Image File	86278	/opt/images/1_257.jpg	1	26	2017-01-25 12:22:32.359	\N	\N
163	C10000024	3	3_258.jpg	Image File	87943	/opt/images/3_258.jpg	1	26	2017-01-25 12:22:43.428	\N	\N
164	C10000024	3	16_259.jpg	Image File	57739	/opt/images/16_259.jpg	1	26	2017-01-25 12:23:04.466	\N	\N
165	C10000024	3	22_260.jpg	Image File	51976	/opt/images/22_260.jpg	1	26	2017-01-25 12:23:16.443	\N	\N
166	C10000024	3	24_261.jpg	Image File	68036	/opt/images/24_261.jpg	1	26	2017-01-25 12:23:23.857	\N	\N
167	C10000024	3	26_262.jpg	Image File	40344	/opt/images/26_262.jpg	1	26	2017-01-25 12:23:31.323	\N	\N
168	C10000025	3	ab_263.jpg	Image File	174397	/opt/images/ab_263.jpg	1	27	2017-01-25 12:30:40.185	27	2017-01-25 00:00:00
169	\N	\N	p6_264.jpg	Image File	53497	/opt/images/p6_264.jpg	1	28	2017-01-25 19:32:53.119	\N	\N
170	\N	\N	p1_265.jpg	Image File	56527	/opt/images/p1_265.jpg	1	28	2017-01-25 19:37:38.761	\N	\N
171	\N	\N	IMG_20170116_141858_266.jpg	Image File	1122307	/opt/images/IMG_20170116_141858_266.jpg	1	1	2017-01-26 18:31:30.818	\N	\N
172	\N	\N	Penguins_267.jpg	Image File	777835	/opt/images/Penguins_267.jpg	1	1	2017-01-26 18:40:54.799	\N	\N
173	\N	\N	Penguins_268.jpg	Image File	777835	/opt/images/Penguins_268.jpg	1	1	2017-01-26 19:14:39.947	\N	\N
214	C10000034	2	6_318.jpg	Image File	176702	/opt/images/6_318.jpg	1	32	2017-02-24 08:58:21.794	\N	\N
174	C10000026	1	vR_272.jpg	Image File	31050	/opt/images/vR_272.jpg	1	30	2017-02-20 08:52:20.995	30	2017-02-20 00:00:00
187	\N	\N	logo-varients-sm-4-1_286.png	Image File	372001	/opt/images/logo-varients-sm-4-1_286.png	1	34	2017-02-21 05:51:02.767	\N	\N
188	\N	\N	logo-varients-sm-4-1_287.png	Image File	372001	/opt/images/logo-varients-sm-4-1_287.png	1	34	2017-02-21 05:55:22.814	\N	\N
197	C10000027	2	7_297.jpg	Image File	132447	/opt/images/7_297.jpg	1	31	2017-02-21 06:25:28.953	\N	\N
198	\N	\N	logo_300.jpg	Image File	15726	/opt/images/logo_300.jpg	1	31	2017-02-21 06:28:48.012	\N	\N
199	C10000027	2	two_302.jpg	Image File	185747	/opt/images/two_302.jpg	1	31	2017-02-21 06:34:20.204	\N	\N
200	C10000027	2	three_303.jpg	Image File	102225	/opt/images/three_303.jpg	1	31	2017-02-21 06:34:35.082	\N	\N
201	C10000027	2	four_304.jpg	Image File	187905	/opt/images/four_304.jpg	1	31	2017-02-21 06:34:50.183	\N	\N
202	C10000027	2	five_305.jpg	Image File	75757	/opt/images/five_305.jpg	1	31	2017-02-21 06:34:59.569	\N	\N
203	C10000032	4	1_307.jpg	Image File	27578	/opt/images/1_307.jpg	1	36	2017-02-21 11:51:19.739	36	2017-02-21 00:00:00
204	C10000033	2	Logo_308.jpg	Image File	17047	/opt/images/Logo_308.jpg	1	37	2017-02-23 14:19:31.944	37	2017-02-23 00:00:00
209	C10000034	2	1_313.jpg	Image File	108936	/opt/images/1_313.jpg	1	32	2017-02-24 08:56:28.043	\N	\N
210	C10000034	2	2_314.jpg	Image File	151351	/opt/images/2_314.jpg	1	32	2017-02-24 08:57:22.604	\N	\N
211	C10000034	2	3_315.jpg	Image File	132055	/opt/images/3_315.jpg	1	32	2017-02-24 08:57:38.2	\N	\N
212	C10000034	2	4_316.jpg	Image File	209356	/opt/images/4_316.jpg	1	32	2017-02-24 08:57:57.925	\N	\N
213	C10000034	2	5_317.jpg	Image File	112562	/opt/images/5_317.jpg	1	32	2017-02-24 08:58:06.686	\N	\N
215	C10000034	2	7_319.jpg	Image File	144358	/opt/images/7_319.jpg	1	32	2017-02-24 08:58:30.464	\N	\N
216	C10000034	2	8_320.jpg	Image File	117479	/opt/images/8_320.jpg	1	32	2017-02-24 08:58:42.776	\N	\N
217	\N	\N	logo-varients-sm-4-1_321.png	Image File	372001	/opt/images/logo-varients-sm-4-1_321.png	1	34	2017-02-24 09:53:30.256	\N	\N
218	\N	\N	logo-varients-sm-4-1_322.png	Image File	372001	/opt/images/logo-varients-sm-4-1_322.png	1	34	2017-02-24 09:56:42.874	\N	\N
223	BANNERPHOTO	\N	apsara cover 500_327.jpg	Image File	246719	/opt/images/apsara cover 500_327.jpg	1	1	2017-02-24 10:52:09.263	\N	\N
224	P1000013	\N	P1000013_329.png	Image File	22699	/opt/images/P1000013_329.png	1	13	2017-02-24 11:30:47.908	\N	\N
225	C1000009	10	Koala_330.jpg	Image File	780831	/opt/images/Koala_330.jpg	1	1	2017-02-26 06:10:55.521	\N	\N
181	C10000028	2	vendor-1_331.jpg	Image File	7941	/opt/images/vendor-1_331.jpg	1	33	2017-02-26 08:29:39.188324	33	2017-02-26 00:00:00
175	C10000027	2	vendor-1_331.jpg	Image File	7941	/opt/images/vendor-1_331.jpg	1	31	2017-02-26 08:51:52.085735	\N	\N
226	C10000035	2	Desert_332.jpg	Image File	845941	/opt/images/Desert_332.jpg	1	33	2017-02-26 09:08:27.026	33	2017-02-26 00:00:00
227	C10000036	2	logo_336.png	Image File	21804	/opt/images/logo_336.png	1	38	2017-02-27 14:13:10.528	38	2017-02-27 00:00:00
229	C10000036	2	1_339.jpg	Image File	42899	/opt/images/1_339.jpg	1	38	2017-02-27 14:20:05.446	\N	\N
230	C10000036	2	2_340.jpg	Image File	41475	/opt/images/2_340.jpg	1	38	2017-02-27 14:20:12.656	\N	\N
231	C10000036	2	3_341.jpg	Image File	25064	/opt/images/3_341.jpg	1	38	2017-02-27 14:20:17.83	\N	\N
232	C10000036	2	7_342.jpg	Image File	213670	/opt/images/7_342.jpg	1	38	2017-02-27 14:20:32.62	\N	\N
233	C10000036	2	6_343.jpg	Image File	120318	/opt/images/6_343.jpg	1	38	2017-02-27 14:20:41.989	\N	\N
234	C10000036	2	5_344.jpg	Image File	167052	/opt/images/5_344.jpg	1	38	2017-02-27 14:20:51.142	\N	\N
235	C10000036	2	4_345.jpg	Image File	27293	/opt/images/4_345.jpg	1	38	2017-02-27 14:20:59.107	\N	\N
236	C10000037	7	apple_346.png	Image File	2973	/opt/images/apple_346.png	1	6	2017-02-28 12:52:54.679	6	2017-02-28 00:00:00
237	\N	\N	nelsonmandela157855_347.jpg	Image File	52433	/opt/images/nelsonmandela157855_347.jpg	1	6	2017-02-28 12:54:47.909	\N	\N
238	P1000049	\N	P1000049_348.jpg	Image File	292567	/opt/images/P1000049_348.jpg	1	49	2017-03-01 16:53:15.43	\N	\N
239	P1000049	\N	P1000049_349.jpg	Image File	292567	/opt/images/P1000049_349.jpg	1	49	2017-03-01 16:53:27.137	\N	\N
240	C10000037	3	madurai_decorators_logo_350.jpg	Image File	73406	/opt/images/madurai_decorators_logo_350.jpg	1	39	2017-03-02 09:37:21.665	39	2017-03-02 00:00:00
241	\N	\N	33789-2199_352.jpeg	Image File	130066	/opt/images/33789-2199_352.jpeg	1	5	2017-03-07 10:17:54.658	\N	\N
27	C1000002	2	P1000001_2_353.jpg	Image File	19595	/opt/images/P1000001_2_353.jpg	1	6	2017-01-07 06:06:50.147	2	2017-03-19 00:00:00
324	C10000051	1	img12 (2)_451.jpg	Image File	200235	/opt/images/img12 (2)_451.jpg	1	52	2017-04-27 00:55:02.255	\N	\N
246	C10000042	7	Hydrangeas_371.jpg	Image File	595284	/opt/images/Hydrangeas_371.jpg	1	44	2017-04-16 01:57:55.447	44	2017-04-16 00:00:00
247	C10000043	2	web-logo-127x128_373.png	Image File	7318	/opt/images/web-logo-127x128_373.png	1	44	2017-04-16 03:18:04.15	44	2017-04-16 00:00:00
248	C10000043	2	ha-studios3-2000x1333_374.jpg	Image File	337161	/opt/images/ha-studios3-2000x1333_374.jpg	1	44	2017-04-16 03:23:11.102	\N	\N
249	C10000043	2	ha-studios13-2000x1718_375.jpg	Image File	460361	/opt/images/ha-studios13-2000x1718_375.jpg	1	44	2017-04-16 03:23:11.818	\N	\N
250	C10000043	2	ha-studios15-2000x3000_376.jpg	Image File	695933	/opt/images/ha-studios15-2000x3000_376.jpg	1	44	2017-04-16 03:23:12.897	\N	\N
251	C10000043	2	ha-studios18-2000x1333_377.jpg	Image File	431571	/opt/images/ha-studios18-2000x1333_377.jpg	1	44	2017-04-16 03:23:13.576	\N	\N
252	C10000043	2	ha-studios21-2000x1333_378.jpg	Image File	422014	/opt/images/ha-studios21-2000x1333_378.jpg	1	44	2017-04-16 03:23:14.23	\N	\N
253	C10000043	2	ha-studios102-2000x1333_379.jpg	Image File	390164	/opt/images/ha-studios102-2000x1333_379.jpg	1	44	2017-04-16 03:23:14.835	\N	\N
254	C10000034	2	lightstorey_logo_380.jpg	Image File	5623	/opt/images/lightstorey_logo_380.jpg	1	32	2017-04-16 04:02:32.835	32	2017-04-16 00:00:00
255	\N	\N	lightstorey_logo_381.jpg	Image File	5623	/opt/images/lightstorey_logo_381.jpg	1	32	2017-04-16 04:05:12.462	\N	\N
256	\N	\N	Untitled-1_382.jpg	Image File	69920	/opt/images/Untitled-1_382.jpg	1	46	2017-04-16 11:35:28.376	\N	\N
257	C10000045	7	Untitled-1_383.jpg	Image File	69920	/opt/images/Untitled-1_383.jpg	1	46	2017-04-16 11:39:37.904	46	2017-04-16 00:00:00
258	C10000045	7	7.gif_384.jpeg	Image File	99220	/opt/images/7.gif_384.jpeg	1	46	2017-04-16 11:40:20.932	\N	\N
259	C10000045	7	30.gif_385.jpeg	Image File	179526	/opt/images/30.gif_385.jpeg	1	46	2017-04-16 11:40:21.259	\N	\N
260	C10000045	7	34.gif_386.jpeg	Image File	77261	/opt/images/34.gif_386.jpeg	1	46	2017-04-16 11:40:21.406	\N	\N
261	C10000038	7	Untitled-1_387.jpg	Image File	140995	/opt/images/Untitled-1_387.jpg	1	43	2017-04-16 11:45:28.007	43	2017-04-16 00:00:00
262	C10000038	7	bridal-henna-studio-madurai-bksd7_388.jpg	Image File	70193	/opt/images/bridal-henna-studio-madurai-bksd7_388.jpg	1	43	2017-04-16 11:45:50.162	\N	\N
263	C10000038	7	bridal-henna-studio-madurai-efu6a_389.jpg	Image File	69047	/opt/images/bridal-henna-studio-madurai-efu6a_389.jpg	1	43	2017-04-16 11:45:50.285	\N	\N
264	C10000038	7	bridal-henna-studio-madurai-n3cz3_390.jpg	Image File	58025	/opt/images/bridal-henna-studio-madurai-n3cz3_390.jpg	1	43	2017-04-16 11:45:50.386	\N	\N
265	C10000038	7	bridal-henna-studio-madurai-p4vq2_391.jpg	Image File	62626	/opt/images/bridal-henna-studio-madurai-p4vq2_391.jpg	1	43	2017-04-16 11:45:50.492	\N	\N
266	C10000038	7	bridal-henna-studio-madurai-valkr_392.jpg	Image File	63127	/opt/images/bridal-henna-studio-madurai-valkr_392.jpg	1	43	2017-04-16 11:45:50.602	\N	\N
267	\N	\N	logo_393.jpg	Image File	9970	/opt/images/logo_393.jpg	1	47	2017-04-26 21:25:55.722	\N	\N
268	C10000046	1	logo_394.jpg	Image File	9970	/opt/images/logo_394.jpg	1	47	2017-04-26 22:07:26.809	47	2017-04-26 00:00:00
269	C10000046	1	17602_872246802833772_2988235168933680456_n_395.jpg	Image File	10738	/opt/images/17602_872246802833772_2988235168933680456_n_395.jpg	1	47	2017-04-26 22:08:06.238	\N	\N
270	C10000046	1	19304_872317312826721_4721808779417460806_n_396.jpg	Image File	8509	/opt/images/19304_872317312826721_4721808779417460806_n_396.jpg	1	47	2017-04-26 22:08:06.269	\N	\N
271	C10000046	1	10996491_872266169498502_1690536176586237237_n_397.jpg	Image File	10154	/opt/images/10996491_872266169498502_1690536176586237237_n_397.jpg	1	47	2017-04-26 22:08:06.305	\N	\N
272	C10000046	1	11010945_872266552831797_6654415622485185968_n_398.jpg	Image File	8094	/opt/images/11010945_872266552831797_6654415622485185968_n_398.jpg	1	47	2017-04-26 22:08:06.335	\N	\N
273	C10000046	1	11038698_872263896165396_4088502290368224531_n_399.jpg	Image File	9412	/opt/images/11038698_872263896165396_4088502290368224531_n_399.jpg	1	47	2017-04-26 22:08:06.362	\N	\N
274	C10000046	1	11043101_872263532832099_5374765405959224971_n_400.jpg	Image File	9921	/opt/images/11043101_872263532832099_5374765405959224971_n_400.jpg	1	47	2017-04-26 22:08:06.396	\N	\N
275	C10000046	1	11056576_872161906175595_5951269453671448406_n_401.jpg	Image File	63789	/opt/images/11056576_872161906175595_5951269453671448406_n_401.jpg	1	47	2017-04-26 22:08:06.509	\N	\N
276	C10000046	1	13886321_1144158002309316_7201945459147828253_n_402.jpg	Image File	112546	/opt/images/13886321_1144158002309316_7201945459147828253_n_402.jpg	1	47	2017-04-26 22:08:06.69	\N	\N
277	C10000046	1	13900374_1144158825642567_1292956868298742652_n_403.jpg	Image File	7223	/opt/images/13900374_1144158825642567_1292956868298742652_n_403.jpg	1	47	2017-04-26 22:08:06.717	\N	\N
325	C10000051	1	img12_452.jpg	Image File	112562	/opt/images/img12_452.jpg	1	52	2017-04-27 00:55:02.437	\N	\N
326	C10000051	1	img13 (1)_453.jpg	Image File	128139	/opt/images/img13 (1)_453.jpg	1	52	2017-04-27 00:55:02.654	\N	\N
327	C10000051	1	img13_454.jpg	Image File	115295	/opt/images/img13_454.jpg	1	52	2017-04-27 00:55:02.844	\N	\N
328	C10000051	1	img14 (1)_455.jpg	Image File	130860	/opt/images/img14 (1)_455.jpg	1	52	2017-04-27 00:55:03.058	\N	\N
329	C10000051	1	img14_456.jpg	Image File	102257	/opt/images/img14_456.jpg	1	52	2017-04-27 00:55:03.231	\N	\N
330	C10000051	1	img15 (1)_457.jpg	Image File	88098	/opt/images/img15 (1)_457.jpg	1	52	2017-04-27 00:55:03.378	\N	\N
278	C10000046	1	13938616_1144154378976345_6517868440349283334_n_404.jpg	Image File	10346	/opt/images/13938616_1144154378976345_6517868440349283334_n_404.jpg	1	47	2017-04-26 22:08:06.747	\N	\N
279	\N	\N	logo_405.png	Image File	13948	/opt/images/logo_405.png	1	48	2017-04-26 22:34:53.104	\N	\N
280	C10000047	1	logo_406.png	Image File	13948	/opt/images/logo_406.png	1	48	2017-04-26 22:48:03.235	48	2017-04-26 00:00:00
281	C10000047	1	img1_407.jpg	Image File	13016	/opt/images/img1_407.jpg	1	48	2017-04-26 22:49:23.406	\N	\N
282	C10000047	1	img2 (1)_408.jpg	Image File	99091	/opt/images/img2 (1)_408.jpg	1	48	2017-04-26 22:49:23.581	\N	\N
283	C10000047	1	img2_409.jpg	Image File	13464	/opt/images/img2_409.jpg	1	48	2017-04-26 22:49:23.618	\N	\N
284	C10000047	1	img4_410.jpg	Image File	13356	/opt/images/img4_410.jpg	1	48	2017-04-26 22:49:23.648	\N	\N
285	C10000047	1	img5_411.jpg	Image File	145842	/opt/images/img5_411.jpg	1	48	2017-04-26 22:49:23.881	\N	\N
286	C10000047	1	img10_412.jpg	Image File	16958	/opt/images/img10_412.jpg	1	48	2017-04-26 22:49:23.925	\N	\N
287	C10000047	1	img11_413.jpg	Image File	13070	/opt/images/img11_413.jpg	1	48	2017-04-26 22:49:23.959	\N	\N
288	C10000047	1	img40_414.jpg	Image File	152082	/opt/images/img40_414.jpg	1	48	2017-04-26 22:49:24.195	\N	\N
289	\N	\N	profile2_415.jpg	Image File	57939	/opt/images/profile2_415.jpg	1	49	2017-04-26 23:00:32.454	\N	\N
290	C10000048	1	profile2_416.jpg	Image File	57939	/opt/images/profile2_416.jpg	1	49	2017-04-26 23:17:27.456	49	2017-04-26 00:00:00
291	C10000048	1	1a_417.jpg	Image File	75453	/opt/images/1a_417.jpg	1	49	2017-04-26 23:17:58.444	\N	\N
292	C10000048	1	2a_418.jpg	Image File	67419	/opt/images/2a_418.jpg	1	49	2017-04-26 23:17:58.559	\N	\N
293	C10000048	1	3a_419.jpg	Image File	80112	/opt/images/3a_419.jpg	1	49	2017-04-26 23:17:58.693	\N	\N
294	C10000048	1	4b_420.jpg	Image File	65267	/opt/images/4b_420.jpg	1	49	2017-04-26 23:17:58.804	\N	\N
295	C10000048	1	5b_421.jpg	Image File	60575	/opt/images/5b_421.jpg	1	49	2017-04-26 23:17:58.908	\N	\N
296	C10000048	1	6b_422.jpg	Image File	53643	/opt/images/6b_422.jpg	1	49	2017-04-26 23:17:59.006	\N	\N
297	C10000048	1	7c_423.jpg	Image File	48884	/opt/images/7c_423.jpg	1	49	2017-04-26 23:17:59.096	\N	\N
298	\N	\N	about-img_425.jpg	Image File	60069	/opt/images/about-img_425.jpg	1	50	2017-04-26 23:33:08.48	50	2017-04-26 00:00:00
299	C10000049	1	about-img_426.jpg	Image File	60069	/opt/images/about-img_426.jpg	1	50	2017-04-26 23:41:27.395	50	2017-04-26 00:00:00
300	C10000049	1	gallery-img2_427.jpg	Image File	108292	/opt/images/gallery-img2_427.jpg	1	50	2017-04-26 23:45:30.145	\N	\N
301	C10000049	1	gallery-img3_428.jpg	Image File	102752	/opt/images/gallery-img3_428.jpg	1	50	2017-04-26 23:45:30.32	\N	\N
302	C10000049	1	gallery-img11_429.jpg	Image File	132256	/opt/images/gallery-img11_429.jpg	1	50	2017-04-26 23:45:30.534	\N	\N
303	C10000049	1	gallery-img13_430.jpg	Image File	131900	/opt/images/gallery-img13_430.jpg	1	50	2017-04-26 23:45:30.741	\N	\N
304	C10000049	1	gallery-img16_431.jpg	Image File	122436	/opt/images/gallery-img16_431.jpg	1	50	2017-04-26 23:45:30.939	\N	\N
305	C10000049	1	gallery-img20_432.jpg	Image File	122362	/opt/images/gallery-img20_432.jpg	1	50	2017-04-26 23:45:31.145	\N	\N
306	C10000049	1	gallery-img23_433.jpg	Image File	82365	/opt/images/gallery-img23_433.jpg	1	50	2017-04-26 23:45:31.289	\N	\N
307	C10000049	1	gallery-img28_434.jpg	Image File	138205	/opt/images/gallery-img28_434.jpg	1	50	2017-04-26 23:45:31.511	\N	\N
308	C10000049	1	gallery-img29_435.jpg	Image File	83828	/opt/images/gallery-img29_435.jpg	1	50	2017-04-26 23:45:31.655	\N	\N
309	C10000049	1	gallery-img38_436.jpg	Image File	100237	/opt/images/gallery-img38_436.jpg	1	50	2017-04-26 23:45:31.827	\N	\N
310	\N	\N	download (1)_437.png	Image File	5281	/opt/images/download (1)_437.png	1	51	2017-04-27 00:00:11.284	\N	\N
311	C10000050	1	download (1)_438.png	Image File	5281	/opt/images/download (1)_438.png	1	51	2017-04-27 00:11:56.337	51	2017-04-27 00:00:00
312	C10000050	1	16999028_1295933190494180_7348298523933296691_n_439.jpg	Image File	50381	/opt/images/16999028_1295933190494180_7348298523933296691_n_439.jpg	1	51	2017-04-27 00:12:41.372	\N	\N
313	C10000050	1	17022166_1295933193827513_8433811170886001510_n_440.jpg	Image File	63745	/opt/images/17022166_1295933193827513_8433811170886001510_n_440.jpg	1	51	2017-04-27 00:12:41.489	\N	\N
314	C10000050	1	17991972_1951754358378767_4204278737586314697_n_441.jpg	Image File	62605	/opt/images/17991972_1951754358378767_4204278737586314697_n_441.jpg	1	51	2017-04-27 00:12:41.599	\N	\N
315	C10000050	1	1392659455_442.jpg	Image File	184844	/opt/images/1392659455_442.jpg	1	51	2017-04-27 00:12:41.907	\N	\N
316	\N	\N	logo-muthu-mahal-erode_443.png	Image File	23137	/opt/images/logo-muthu-mahal-erode_443.png	1	52	2017-04-27 00:29:18.65	\N	\N
317	C10000051	1	logo-muthu-mahal-erode_444.png	Image File	23137	/opt/images/logo-muthu-mahal-erode_444.png	1	52	2017-04-27 00:47:29.088	52	2017-04-27 00:00:00
318	C10000051	1	img11 (1)_445.jpg	Image File	112601	/opt/images/img11 (1)_445.jpg	1	52	2017-04-27 00:55:00.728	\N	\N
319	C10000051	1	img11 (2)_446.jpg	Image File	211535	/opt/images/img11 (2)_446.jpg	1	52	2017-04-27 00:55:01.068	\N	\N
320	C10000051	1	img11 (3)_447.jpg	Image File	90932	/opt/images/img11 (3)_447.jpg	1	52	2017-04-27 00:55:01.227	\N	\N
321	C10000051	1	img11 (5)_448.jpg	Image File	149011	/opt/images/img11 (5)_448.jpg	1	52	2017-04-27 00:55:01.46	\N	\N
322	C10000051	1	img11_449.jpg	Image File	137833	/opt/images/img11_449.jpg	1	52	2017-04-27 00:55:01.705	\N	\N
323	C10000051	1	img12 (1)_450.jpg	Image File	135139	/opt/images/img12 (1)_450.jpg	1	52	2017-04-27 00:55:01.932	\N	\N
331	C10000051	1	img15_458.jpg	Image File	139126	/opt/images/img15_458.jpg	1	52	2017-04-27 00:55:03.594	\N	\N
332	C10000051	1	img16_459.jpg	Image File	128856	/opt/images/img16_459.jpg	1	52	2017-04-27 00:55:03.8	\N	\N
333	C10000051	1	img18_460.jpg	Image File	147962	/opt/images/img18_460.jpg	1	52	2017-04-27 00:55:04.044	\N	\N
334	C10000051	1	img19_461.jpg	Image File	82871	/opt/images/img19_461.jpg	1	52	2017-04-27 00:55:04.185	\N	\N
335	C10000051	1	img20_462.jpg	Image File	79281	/opt/images/img20_462.jpg	1	52	2017-04-27 00:55:04.321	\N	\N
336	\N	\N	17426025_1514289608635155_185387511195545929_n_463.jpg	Image File	11087	/opt/images/17426025_1514289608635155_185387511195545929_n_463.jpg	1	53	2017-04-27 01:07:39.747	\N	\N
337	C10000052	2	17426025_1514289608635155_185387511195545929_n_464.jpg	Image File	11087	/opt/images/17426025_1514289608635155_185387511195545929_n_464.jpg	1	53	2017-04-27 01:17:54.277	53	2017-04-27 00:00:00
338	C10000052	2	828 (1)_465.jpg	Image File	103402	/opt/images/828 (1)_465.jpg	1	53	2017-04-27 01:19:20.529	\N	\N
339	C10000052	2	828 (2)_466.jpg	Image File	149359	/opt/images/828 (2)_466.jpg	1	53	2017-04-27 01:19:20.79	\N	\N
340	C10000052	2	828 (3)_467.jpg	Image File	43081	/opt/images/828 (3)_467.jpg	1	53	2017-04-27 01:19:20.872	\N	\N
341	C10000052	2	828 (4)_468.jpg	Image File	112114	/opt/images/828 (4)_468.jpg	1	53	2017-04-27 01:19:21.052	\N	\N
342	C10000052	2	828 (5)_469.jpg	Image File	146197	/opt/images/828 (5)_469.jpg	1	53	2017-04-27 01:19:21.294	\N	\N
343	C10000052	2	828 (6)_470.jpg	Image File	101761	/opt/images/828 (6)_470.jpg	1	53	2017-04-27 01:19:21.466	\N	\N
344	C10000052	2	828_471.jpg	Image File	93370	/opt/images/828_471.jpg	1	53	2017-04-27 01:19:21.615	\N	\N
345	C10000052	2	A-04_472.jpg	Image File	1212474	/opt/images/A-04_472.jpg	1	53	2017-04-27 01:19:23.454	\N	\N
346	\N	\N	dbox-logo-1_473.png	Image File	24968	/opt/images/dbox-logo-1_473.png	1	54	2017-04-27 02:43:14.317	\N	\N
347	C10000053	2	dbox-logo-1_474.png	Image File	24968	/opt/images/dbox-logo-1_474.png	1	54	2017-04-27 02:50:40.395	54	2017-04-27 00:00:00
348	C10000053	2	6-indian-wedding-indian-bride-outdoor-wedding-portrait-600x398_475.jpg	Image File	84962	/opt/images/6-indian-wedding-indian-bride-outdoor-wedding-portrait-600x398_475.jpg	1	54	2017-04-27 02:54:50.953	\N	\N
349	C10000053	2	24667-Shefali-Parth-1767_476.jpeg	Image File	135317	/opt/images/24667-Shefali-Parth-1767_476.jpeg	1	54	2017-04-27 02:54:51.171	\N	\N
350	C10000053	2	bcb89ffb49bbb463415094e7776715a4_477.jpg	Image File	15545	/opt/images/bcb89ffb49bbb463415094e7776715a4_477.jpg	1	54	2017-04-27 02:54:51.21	\N	\N
351	C10000053	2	candid-bridal-photography_478.jpg	Image File	123199	/opt/images/candid-bridal-photography_478.jpg	1	54	2017-04-27 02:54:51.399	\N	\N
352	C10000053	2	Hitesh-Mina-2nd-Wedding-023-2_479.jpg	Image File	304697	/opt/images/Hitesh-Mina-2nd-Wedding-023-2_479.jpg	1	54	2017-04-27 02:54:51.86	\N	\N
353	C10000053	2	indian-bride-with-mother_480.jpg	Image File	89914	/opt/images/indian-bride-with-mother_480.jpg	1	54	2017-04-27 02:54:52.01	\N	\N
354	C10000053	2	indian-wedding-photography-poses_481.jpg	Image File	105953	/opt/images/indian-wedding-photography-poses_481.jpg	1	54	2017-04-27 02:54:52.182	\N	\N
355	\N	\N	13310514_1564597287167838_7430808684438807738_n_482.jpg	Image File	6677	/opt/images/13310514_1564597287167838_7430808684438807738_n_482.jpg	1	56	2017-04-27 03:28:33.095	\N	\N
356	C10000054	2	13310514_1564597287167838_7430808684438807738_n_483.jpg	Image File	6677	/opt/images/13310514_1564597287167838_7430808684438807738_n_483.jpg	1	56	2017-04-27 03:36:48.981	56	2017-04-27 00:00:00
357	C10000054	2	13240610_1564624090498491_8771995169652458662_n_484.jpg	Image File	134592	/opt/images/13240610_1564624090498491_8771995169652458662_n_484.jpg	1	56	2017-04-27 03:37:20.891	\N	\N
358	C10000054	2	13305161_1564626237164943_5275527512313253391_o_485.jpg	Image File	85177	/opt/images/13305161_1564626237164943_5275527512313253391_o_485.jpg	1	56	2017-04-27 03:37:21.026	\N	\N
359	C10000054	2	13310608_1564622390498661_6901966360083037229_n_486.jpg	Image File	65487	/opt/images/13310608_1564622390498661_6901966360083037229_n_486.jpg	1	56	2017-04-27 03:37:21.139	\N	\N
360	C10000054	2	13321828_1564627867164780_789360289128370111_n_487.jpg	Image File	65238	/opt/images/13321828_1564627867164780_789360289128370111_n_487.jpg	1	56	2017-04-27 03:37:21.248	\N	\N
361	C10000054	2	13335575_1564622380498662_6274103221086852657_n_488.jpg	Image File	89659	/opt/images/13335575_1564622380498662_6274103221086852657_n_488.jpg	1	56	2017-04-27 03:37:21.392	\N	\N
362	C10000054	2	13344536_1564627870498113_371546137390936252_n_489.jpg	Image File	57335	/opt/images/13344536_1564627870498113_371546137390936252_n_489.jpg	1	56	2017-04-27 03:37:21.487	\N	\N
363	\N	\N	logo_490.png	Image File	11407	/opt/images/logo_490.png	1	57	2017-04-27 03:50:00.507	\N	\N
364	C10000055	2	logo_491.png	Image File	11407	/opt/images/logo_491.png	1	57	2017-04-27 04:01:08.982	57	2017-04-27 00:00:00
365	C10000055	2	1_492.jpg	Image File	139692	/opt/images/1_492.jpg	1	57	2017-04-27 04:03:26.332	\N	\N
366	C10000055	2	3_493.jpg	Image File	152419	/opt/images/3_493.jpg	1	57	2017-04-27 04:03:26.585	\N	\N
367	C10000055	2	4_494.jpg	Image File	160455	/opt/images/4_494.jpg	1	57	2017-04-27 04:03:26.84	\N	\N
368	C10000055	2	5_495.jpg	Image File	115764	/opt/images/5_495.jpg	1	57	2017-04-27 04:03:27.025	\N	\N
369	C10000055	2	15_496.jpg	Image File	91846	/opt/images/15_496.jpg	1	57	2017-04-27 04:03:27.178	\N	\N
370	C10000055	2	17_497.jpg	Image File	127575	/opt/images/17_497.jpg	1	57	2017-04-27 04:03:27.375	\N	\N
371	C10000055	2	19_498.jpg	Image File	154039	/opt/images/19_498.jpg	1	57	2017-04-27 04:03:27.612	\N	\N
372	C10000055	2	20_499.jpg	Image File	165569	/opt/images/20_499.jpg	1	57	2017-04-27 04:03:27.874	\N	\N
373	C10000055	2	25 (1)_500.jpg	Image File	174106	/opt/images/25 (1)_500.jpg	1	57	2017-04-27 04:03:28.137	\N	\N
374	\N	\N	12924609_504934263023466_2664120735764788144_n_501.png	Image File	6998	/opt/images/12924609_504934263023466_2664120735764788144_n_501.png	1	58	2017-04-27 04:21:13.737	\N	\N
375	C10000056	2	12924609_504934263023466_2664120735764788144_n_502.png	Image File	6998	/opt/images/12924609_504934263023466_2664120735764788144_n_502.png	1	58	2017-04-27 04:30:31.222	58	2017-04-27 00:00:00
376	C10000056	2	13147761_515669721949920_5680154106689388687_o_503.jpg	Image File	60512	/opt/images/13147761_515669721949920_5680154106689388687_o_503.jpg	1	58	2017-04-27 04:31:02.102	\N	\N
377	C10000056	2	13680191_548427625340796_7146349886991639244_o_504.jpg	Image File	64522	/opt/images/13680191_548427625340796_7146349886991639244_o_504.jpg	1	58	2017-04-27 04:31:02.22	\N	\N
378	C10000056	2	13873053_548427702007455_7749086181976492866_n_505.jpg	Image File	97401	/opt/images/13873053_548427702007455_7749086181976492866_n_505.jpg	1	58	2017-04-27 04:31:02.378	\N	\N
379	C10000056	2	14064193_556186107898281_1986281370077429768_n_506.jpg	Image File	55058	/opt/images/14064193_556186107898281_1986281370077429768_n_506.jpg	1	58	2017-04-27 04:31:02.466	\N	\N
380	C10000056	2	14117980_558920537624838_7715629670368767060_n_507.jpg	Image File	42686	/opt/images/14117980_558920537624838_7715629670368767060_n_507.jpg	1	58	2017-04-27 04:31:02.538	\N	\N
381	C10000056	2	14199187_558920510958174_6298691021878711278_n_508.jpg	Image File	51184	/opt/images/14199187_558920510958174_6298691021878711278_n_508.jpg	1	58	2017-04-27 04:31:02.626	\N	\N
382	C10000056	2	14199539_561095310740694_2176836717677143569_n_509.jpg	Image File	45261	/opt/images/14199539_561095310740694_2176836717677143569_n_509.jpg	1	58	2017-04-27 04:31:02.718	\N	\N
383	C10000056	2	14233217_561095720740653_4848408069112054747_n_510.jpg	Image File	57765	/opt/images/14233217_561095720740653_4848408069112054747_n_510.jpg	1	58	2017-04-27 04:31:02.82	\N	\N
384	C10000056	2	14606365_576853709164854_2980088676988827807_n_511.jpg	Image File	45831	/opt/images/14606365_576853709164854_2980088676988827807_n_511.jpg	1	58	2017-04-27 04:31:02.901	\N	\N
385	C10000056	2	14937212_585865434930348_401411748310571019_n_512.jpg	Image File	66482	/opt/images/14937212_585865434930348_401411748310571019_n_512.jpg	1	58	2017-04-27 04:31:03.019	\N	\N
386	C10000056	2	15000113_589051804611711_2201424134282411896_o_513.jpg	Image File	56192	/opt/images/15000113_589051804611711_2201424134282411896_o_513.jpg	1	58	2017-04-27 04:31:03.126	\N	\N
390	\N	\N	logo_517.jpg	Image File	10845	/opt/images/logo_517.jpg	1	59	2017-04-27 04:50:59.205	\N	\N
391	C10000057	3	logo_518.jpg	Image File	10845	/opt/images/logo_518.jpg	1	59	2017-04-27 04:58:29.889	59	2017-04-27 00:00:00
392	C10000057	3	gallery-img1_519.jpg	Image File	154776	/opt/images/gallery-img1_519.jpg	1	59	2017-04-27 04:59:09.403	\N	\N
393	C10000057	3	gallery-img3_520.jpg	Image File	172921	/opt/images/gallery-img3_520.jpg	1	59	2017-04-27 04:59:09.7	\N	\N
394	C10000057	3	gallery-img4_521.jpg	Image File	144461	/opt/images/gallery-img4_521.jpg	1	59	2017-04-27 04:59:09.945	\N	\N
395	C10000057	3	gallery-img7_522.jpg	Image File	128304	/opt/images/gallery-img7_522.jpg	1	59	2017-04-27 04:59:10.165	\N	\N
396	C10000057	3	gallery-img8_523.jpg	Image File	125821	/opt/images/gallery-img8_523.jpg	1	59	2017-04-27 04:59:10.368	\N	\N
397	C10000057	3	gallery-img10_524.jpg	Image File	115949	/opt/images/gallery-img10_524.jpg	1	59	2017-04-27 04:59:10.55	\N	\N
398	C10000057	3	baby_main_525.jpg	Image File	369749	/opt/images/baby_main_525.jpg	1	59	2017-04-27 05:04:02.974	\N	\N
399	C10000057	3	Decor-3-1024x683_526.jpg	Image File	225988	/opt/images/Decor-3-1024x683_526.jpg	1	59	2017-04-27 05:04:03.328	\N	\N
400	C10000057	3	maxresdefault_527.jpg	Image File	284003	/opt/images/maxresdefault_527.jpg	1	59	2017-04-27 05:04:03.771	\N	\N
401	C10000057	3	reception_3_528.jpg	Image File	321659	/opt/images/reception_3_528.jpg	1	59	2017-04-27 05:04:04.282	\N	\N
402	C10000057	3	Shiga_Petals_(5)_529.jpg	Image File	136511	/opt/images/Shiga_Petals_(5)_529.jpg	1	59	2017-04-27 05:04:04.519	\N	\N
403	C10000057	3	shiga-petals-erode-t1i7x_530.png	Image File	160191	/opt/images/shiga-petals-erode-t1i7x_530.png	1	59	2017-04-27 05:04:04.782	\N	\N
404	C10000057	3	wedding_main_531.jpg	Image File	395329	/opt/images/wedding_main_531.jpg	1	59	2017-04-27 05:04:05.386	\N	\N
405	\N	\N	thumb_532.png	Image File	6173	/opt/images/thumb_532.png	1	60	2017-04-27 05:29:00.027	\N	\N
406	C10000058	3	thumb_533.png	Image File	6173	/opt/images/thumb_533.png	1	60	2017-04-27 05:33:03.735	60	2017-04-27 00:00:00
407	C10000058	3	sarasudecorators_backdrop1-1024x683_534.jpg	Image File	229755	/opt/images/sarasudecorators_backdrop1-1024x683_534.jpg	1	60	2017-04-27 05:34:58.151	\N	\N
408	C10000058	3	sarasudecorators_backdrop2-1024x683_535.jpg	Image File	236793	/opt/images/sarasudecorators_backdrop2-1024x683_535.jpg	1	60	2017-04-27 05:34:58.527	\N	\N
409	C10000058	3	sarasudecorators_backdrop3-1024x683_536.jpg	Image File	156545	/opt/images/sarasudecorators_backdrop3-1024x683_536.jpg	1	60	2017-04-27 05:34:58.774	\N	\N
410	C10000058	3	sarasudecorators_backdrop4-1024x683_537.jpg	Image File	195225	/opt/images/sarasudecorators_backdrop4-1024x683_537.jpg	1	60	2017-04-27 05:34:59.083	\N	\N
465	C10000064	5	17_594.jpg	Image File	6886	/opt/images/17_594.jpg	1	75	2017-06-14 04:50:55.498	\N	\N
466	C10000064	5	18_595.jpg	Image File	123943	/opt/images/18_595.jpg	1	75	2017-06-14 04:50:55.768	\N	\N
467	C10000064	5	19_596.jpg	Image File	13869	/opt/images/19_596.jpg	1	75	2017-06-14 04:50:55.803	\N	\N
468	C10000064	5	20_597.jpg	Image File	20299	/opt/images/20_597.jpg	1	75	2017-06-14 04:50:55.851	\N	\N
411	C10000058	3	sarasudecorators_backdrop5-1024x683_538.jpg	Image File	179966	/opt/images/sarasudecorators_backdrop5-1024x683_538.jpg	1	60	2017-04-27 05:34:59.391	\N	\N
412	C10000058	3	sarasudecorators_backdrop7-1024x683_539.jpg	Image File	229334	/opt/images/sarasudecorators_backdrop7-1024x683_539.jpg	1	60	2017-04-27 05:34:59.753	\N	\N
413	C10000060	10	add-labour_542.jpg	Image File	39251	/opt/images/add-labour_542.jpg	1	40	2017-05-07 10:40:31.946	40	2017-05-07 00:00:00
414	C10000060	10	sarpech_9jw090225_big_543.jpg	Image File	43174	/opt/images/sarpech_9jw090225_big_543.jpg	1	40	2017-05-07 10:45:43.277	\N	\N
415	\N	\N	IMG_20170518_094833_544.jpg	Image File	501137	/opt/images/IMG_20170518_094833_544.jpg	1	69	2017-05-22 06:19:46.959	\N	\N
416	\N	\N	ais_545.jpg	Image File	13332	/opt/images/ais_545.jpg	1	70	2017-05-26 00:26:41.198	\N	\N
417	C10000062	9	ais 1_546.jpg	Image File	25131	/opt/images/ais 1_546.jpg	1	70	2017-05-26 00:57:09.642	70	2017-05-26 00:00:00
423	C10000062	9	1_552.jpg	Image File	129695	/opt/images/1_552.jpg	1	70	2017-05-26 21:57:30.099	\N	\N
424	C10000062	9	2_553.jpg	Image File	260274	/opt/images/2_553.jpg	1	70	2017-05-26 21:57:30.485	\N	\N
425	C10000062	9	3_554.jpg	Image File	170926	/opt/images/3_554.jpg	1	70	2017-05-26 21:57:30.751	\N	\N
426	C10000062	9	4_555.jpg	Image File	248700	/opt/images/4_555.jpg	1	70	2017-05-26 21:57:31.119	\N	\N
427	C10000062	9	5_556.jpg	Image File	268264	/opt/images/5_556.jpg	1	70	2017-05-26 21:57:31.516	\N	\N
428	\N	\N	33789-2199_557.jpeg	Image File	130066	/opt/images/33789-2199_557.jpeg	1	7	2017-05-27 00:45:36.189	\N	\N
429	C10000063	11	logo_558.png	Image File	24194	/opt/images/logo_558.png	1	74	2017-06-14 04:17:17.692	74	2017-06-14 00:00:00
430	C10000063	11	1_559.jpg	Image File	99003	/opt/images/1_559.jpg	1	74	2017-06-14 04:20:44.671	\N	\N
431	C10000063	11	2_560.jpg	Image File	73412	/opt/images/2_560.jpg	1	74	2017-06-14 04:20:44.793	\N	\N
432	C10000063	11	3_561.jpg	Image File	77848	/opt/images/3_561.jpg	1	74	2017-06-14 04:20:44.925	\N	\N
433	C10000063	11	4_562.jpg	Image File	73098	/opt/images/4_562.jpg	1	74	2017-06-14 04:20:45.043	\N	\N
434	C10000063	11	5_563.jpg	Image File	69706	/opt/images/5_563.jpg	1	74	2017-06-14 04:20:45.157	\N	\N
435	C10000063	11	6_564.jpg	Image File	66446	/opt/images/6_564.jpg	1	74	2017-06-14 04:20:45.272	\N	\N
436	C10000063	11	7_565.jpg	Image File	79087	/opt/images/7_565.jpg	1	74	2017-06-14 04:20:45.406	\N	\N
437	C10000063	11	8_566.jpg	Image File	152658	/opt/images/8_566.jpg	1	74	2017-06-14 04:20:45.64	\N	\N
438	C10000063	11	9_567.jpg	Image File	69342	/opt/images/9_567.jpg	1	74	2017-06-14 04:20:45.769	\N	\N
439	C10000063	11	10_568.jpg	Image File	83000	/opt/images/10_568.jpg	1	74	2017-06-14 04:20:45.911	\N	\N
440	C10000063	11	11_569.jpg	Image File	96968	/opt/images/11_569.jpg	1	74	2017-06-14 04:20:46.065	\N	\N
441	C10000063	11	12_570.jpg	Image File	102390	/opt/images/12_570.jpg	1	74	2017-06-14 04:20:46.232	\N	\N
442	C10000064	5	download_571.png	Image File	4823	/opt/images/download_571.png	1	75	2017-06-14 04:47:30.713	75	2017-06-14 00:00:00
443	C10000064	5	21_572.jpg	Image File	24267	/opt/images/21_572.jpg	1	75	2017-06-14 04:50:54.856	\N	\N
444	C10000064	5	22_573.jpg	Image File	16236	/opt/images/22_573.jpg	1	75	2017-06-14 04:50:54.894	\N	\N
445	C10000064	5	23_574.jpg	Image File	3486	/opt/images/23_574.jpg	1	75	2017-06-14 04:50:54.918	\N	\N
446	C10000064	5	24_575.jpg	Image File	4647	/opt/images/24_575.jpg	1	75	2017-06-14 04:50:54.936	\N	\N
447	C10000064	5	25_576.jpg	Image File	3343	/opt/images/25_576.jpg	1	75	2017-06-14 04:50:54.959	\N	\N
448	C10000064	5	26_577.jpg	Image File	6429	/opt/images/26_577.jpg	1	75	2017-06-14 04:50:54.988	\N	\N
449	C10000064	5	1_578.jpg	Image File	11902	/opt/images/1_578.jpg	1	75	2017-06-14 04:50:55.022	\N	\N
450	C10000064	5	2_579.jpg	Image File	9164	/opt/images/2_579.jpg	1	75	2017-06-14 04:50:55.043	\N	\N
451	C10000064	5	3_580.jpg	Image File	12422	/opt/images/3_580.jpg	1	75	2017-06-14 04:50:55.081	\N	\N
452	C10000064	5	4_581.jpg	Image File	13886	/opt/images/4_581.jpg	1	75	2017-06-14 04:50:55.116	\N	\N
453	C10000064	5	5_582.jpg	Image File	16249	/opt/images/5_582.jpg	1	75	2017-06-14 04:50:55.153	\N	\N
454	C10000064	5	6_583.jpg	Image File	10966	/opt/images/6_583.jpg	1	75	2017-06-14 04:50:55.187	\N	\N
455	C10000064	5	7_584.jpg	Image File	13049	/opt/images/7_584.jpg	1	75	2017-06-14 04:50:55.223	\N	\N
456	C10000064	5	8_585.jpg	Image File	6100	/opt/images/8_585.jpg	1	75	2017-06-14 04:50:55.246	\N	\N
457	C10000064	5	9_586.jpg	Image File	8914	/opt/images/9_586.jpg	1	75	2017-06-14 04:50:55.275	\N	\N
458	C10000064	5	10_587.jpg	Image File	6979	/opt/images/10_587.jpg	1	75	2017-06-14 04:50:55.306	\N	\N
459	C10000064	5	11_588.jpg	Image File	7155	/opt/images/11_588.jpg	1	75	2017-06-14 04:50:55.332	\N	\N
460	C10000064	5	12_589.jpg	Image File	6392	/opt/images/12_589.jpg	1	75	2017-06-14 04:50:55.355	\N	\N
461	C10000064	5	13_590.jpg	Image File	3950	/opt/images/13_590.jpg	1	75	2017-06-14 04:50:55.377	\N	\N
462	C10000064	5	14_591.jpg	Image File	5433	/opt/images/14_591.jpg	1	75	2017-06-14 04:50:55.404	\N	\N
463	C10000064	5	15_592.jpg	Image File	15321	/opt/images/15_592.jpg	1	75	2017-06-14 04:50:55.444	\N	\N
464	C10000064	5	16_593.jpg	Image File	7415	/opt/images/16_593.jpg	1	75	2017-06-14 04:50:55.473	\N	\N
469	C10000065	8	logom_598.png	Image File	6549	/opt/images/logom_598.png	1	77	2017-06-14 05:29:52.233	77	2017-06-14 00:00:00
470	C10000065	8	3_599.jpg	Image File	75301	/opt/images/3_599.jpg	1	77	2017-06-14 05:32:02.793	\N	\N
471	C10000065	8	2_600.jpg	Image File	675813	/opt/images/2_600.jpg	1	77	2017-06-14 05:32:03.798	\N	\N
472	C10000065	8	1_601.jpg	Image File	10629	/opt/images/1_601.jpg	1	77	2017-06-14 05:32:03.832	\N	\N
473	C10000065	8	4_602.jpg	Image File	1800919	/opt/images/4_602.jpg	1	77	2017-06-14 05:32:06.488	\N	\N
474	C10000065	8	5_603.jpg	Image File	68756	/opt/images/5_603.jpg	1	77	2017-06-14 05:32:06.624	\N	\N
475	C10000066	12	logo_604.png	Image File	20508	/opt/images/logo_604.png	1	78	2017-06-14 05:52:23.214	78	2017-06-14 00:00:00
476	C10000066	12	1_605.jpg	Image File	34101	/opt/images/1_605.jpg	1	78	2017-06-14 05:53:58.572	\N	\N
477	C10000066	12	2_606.jpg	Image File	32306	/opt/images/2_606.jpg	1	78	2017-06-14 05:53:58.636	\N	\N
478	C10000066	12	3_607.jpg	Image File	33112	/opt/images/3_607.jpg	1	78	2017-06-14 05:53:58.697	\N	\N
479	C10000066	12	4_608.jpg	Image File	31940	/opt/images/4_608.jpg	1	78	2017-06-14 05:53:58.753	\N	\N
480	C10000066	12	5_609.jpg	Image File	32299	/opt/images/5_609.jpg	1	78	2017-06-14 05:53:58.813	\N	\N
481	C10000066	12	6_610.jpg	Image File	28158	/opt/images/6_610.jpg	1	78	2017-06-14 05:53:58.872	\N	\N
482	C10000066	12	7_611.jpg	Image File	36578	/opt/images/7_611.jpg	1	78	2017-06-14 05:53:58.943	\N	\N
483	C10000066	12	8_612.jpg	Image File	35682	/opt/images/8_612.jpg	1	78	2017-06-14 05:53:59.005	\N	\N
484	C10000066	12	9_613.jpg	Image File	32617	/opt/images/9_613.jpg	1	78	2017-06-14 05:53:59.068	\N	\N
485	\N	\N	logo_614.png	Image File	20508	/opt/images/logo_614.png	1	78	2017-06-14 05:55:15.377	\N	\N
486	C10000067	10	small_logo_615.png	Image File	52862	/opt/images/small_logo_615.png	1	80	2017-06-14 06:26:05.788	80	2017-06-14 00:00:00
487	C10000067	10	2 (1)_616.jpg	Image File	531944	/opt/images/2 (1)_616.jpg	1	80	2017-06-14 06:27:08.796	\N	\N
488	C10000067	10	bus_new3_617.jpg	Image File	390944	/opt/images/bus_new3_617.jpg	1	80	2017-06-14 06:27:09.389	\N	\N
\.


--
-- Data for Name: profile; Type: TABLE DATA; Schema: public; Owner: weddfix
--

COPY profile (id, profilename, profiledesc, isactive, createdby, createddate, updatedby, updateddate) FROM stdin;
1	Myself	Myself	t	1	2016-08-06 15:16:41.768	\N	\N
3	Dad	Dad	t	1	2016-10-07 17:12:15.447	\N	\N
4	Sister	Sister	t	1	2016-10-07 17:12:34.811	\N	\N
2	Brother	Brother	t	1	2016-09-14 00:01:49.034	1	2016-10-07 17:13:34.627
5	Mother	Mother	t	1	2016-10-07 17:17:16.689	\N	\N
6	Friend	Friend	f	1	2016-10-11 12:53:44.457	\N	\N
7	Son	Son	t	1	2016-10-16 15:43:41.488	\N	\N
8	Daughter	Daughter	t	1	2016-10-16 15:44:32.269	1	2016-10-16 15:45:06.41
\.


--
-- Data for Name: promotiondetails; Type: TABLE DATA; Schema: public; Owner: weddfix
--

COPY promotiondetails (id, promocode, expires, discount, email, sentto, sent, profileid, userid, accepted, statusid, createdby, createddate, updatedby, updateddate) FROM stdin;
1	FREE	2016-11-30 00:00:00	10	\N	All	\N	\N	\N	\N	1	1	2016-11-06 19:40:57.308	\N	\N
\.


--
-- Data for Name: pwreset; Type: TABLE DATA; Schema: public; Owner: weddfix
--

COPY pwreset (id, userid, resetkey) FROM stdin;
4	10	1c30d926-384a-45aa-96a1-d5829c3dec73
8	15	33c513f2-557a-4a0b-b374-c26bc4370a50
10	3	6ef843a7-25d7-4bc8-a85c-dd5c39fade7e
11	2	da200770-b19d-42bd-83c4-287a538fbc97
12	17	f48e8698-5ccd-4d95-b883-c389293bb623
\.


--
-- Data for Name: religion; Type: TABLE DATA; Schema: public; Owner: weddfix
--

COPY religion (id, religionname, religiondesc, isactive, createdby, createddate, updatedby, updateddate) FROM stdin;
1	Muslim	Muslim	t	1	2016-08-06 15:17:06.104	\N	\N
2	Hindu	Hindu	t	1	2016-10-07 17:17:48.578	\N	\N
3	Christian	Christian	t	1	2016-10-07 17:19:24.842	1	2016-10-07 17:19:44.46
4	Sikh	Sikh	t	1	2016-10-11 12:56:31.155	\N	\N
6	Jain	Jain	t	1	2016-10-11 13:00:58.739	\N	\N
8	Buddhist	Buddhist	t	1	2016-10-11 13:02:07.43	\N	\N
7	Parsi	Parsi	t	1	2016-10-11 13:01:18.538	1	2016-10-11 13:02:24.156
9	No Religious Belief	No Religious Belief	t	1	2016-10-11 13:04:36.128	\N	\N
10	Inter Religion	Inter Religion	t	1	2016-10-11 13:05:40.028	\N	\N
\.


--
-- Data for Name: role; Type: TABLE DATA; Schema: public; Owner: weddfix
--

COPY role (id, rolename, roledesc, isactive, createdby, createddate, updatedby, updateddate) FROM stdin;
1	ADMIN	Admin	t	1	2016-08-06 15:17:27.507	\N	\N
2	SUPERADMIN	Super Admin	t	1	2016-08-06 15:17:27.507	\N	\N
3	USER	User	t	1	2016-08-06 22:25:49.642	\N	\N
\.


--
-- Data for Name: roledetails; Type: TABLE DATA; Schema: public; Owner: weddfix
--

COPY roledetails (id, userid, roleid, description, createdby, createddate, updatedby, updateddate) FROM stdin;
1	1	1	ADMIN	1	2016-10-16 03:16:32.731938	1	2016-10-16 00:00:00
3	3	3	USER	1	2016-10-18 13:31:41.275	\N	\N
4	4	3	USER	1	2016-10-23 08:30:23.133	\N	\N
2	2	1	ADMIN	1	2016-10-16 04:36:09.978	1	2016-10-31 00:00:00
5	5	3	USER	1	2016-11-07 07:46:16.183	\N	\N
6	6	3	USER	1	2016-11-08 05:56:49.154	\N	\N
7	7	3	USER	1	2016-11-13 14:53:35.262	\N	\N
8	8	3	USER	1	2016-11-20 03:12:32.507	\N	\N
9	9	3	USER	1	2016-11-20 07:04:08.428	\N	\N
10	10	3	USER	1	2016-11-24 06:28:28.361	\N	\N
11	11	3	USER	1	2016-12-01 13:12:08.842	\N	\N
12	12	3	USER	1	2016-12-01 13:22:20.637	1	2016-12-01 00:00:00
13	13	3	USER	1	2016-12-10 15:33:56.057	\N	\N
14	14	3	USER	1	2016-12-12 13:06:07.334	\N	\N
15	15	3	USER	1	2016-12-18 17:02:25.995	\N	\N
16	16	3	USER	1	2016-12-21 04:15:35.431	\N	\N
17	17	3	USER	1	2016-12-26 17:49:06.233	\N	\N
18	19	3	USER	1	2016-12-26 17:51:52.862	\N	\N
19	20	3	USER	1	2017-01-08 05:38:14.363	\N	\N
20	21	3	USER	1	2017-01-08 06:55:37.256	\N	\N
21	22	3	USER	1	2017-01-21 10:36:05.017	\N	\N
22	23	3	USER	1	2017-01-21 11:23:25.754	\N	\N
23	24	3	USER	1	2017-01-26 19:38:10.784	\N	\N
24	25	3	USER	1	2017-01-26 19:44:54.734	\N	\N
25	26	3	USER	1	2017-01-26 20:34:06.447	\N	\N
26	27	3	USER	1	2017-01-28 05:04:54.275	\N	\N
27	32	3	USER	1	2017-01-28 05:09:38.582	\N	\N
28	33	3	USER	1	2017-01-31 03:43:19.971	\N	\N
29	34	3	USER	1	2017-01-31 19:02:32.03	\N	\N
30	35	3	USER	1	2017-02-01 08:53:33.126	\N	\N
31	36	3	USER	1	2017-02-04 08:51:02.215	\N	\N
32	37	3	USER	1	2017-02-11 02:33:46.802	\N	\N
33	38	3	USER	1	2017-02-12 03:59:11.221	\N	\N
34	39	3	USER	1	2017-02-16 09:33:36.532	\N	\N
35	40	3	USER	1	2017-02-17 04:35:19.335	\N	\N
36	41	3	USER	1	2017-02-17 04:41:22.016	\N	\N
37	42	3	USER	1	2017-02-17 05:51:27.796	\N	\N
38	43	3	USER	1	2017-02-19 03:17:50.83	\N	\N
39	44	3	USER	1	2017-02-19 07:25:58.493	\N	\N
40	45	3	USER	1	2017-02-19 08:21:13.597	\N	\N
41	46	3	USER	1	2017-02-19 08:50:54.374	\N	\N
42	47	3	USER	1	2017-02-19 11:53:30.682	\N	\N
43	48	3	USER	1	2017-02-20 06:28:17.266	\N	\N
44	49	3	USER	1	2017-03-01 16:48:50.203	\N	\N
45	50	3	USER	1	2017-03-25 01:38:03.557	\N	\N
46	51	3	USER	1	2017-03-25 08:25:17.371	\N	\N
47	52	3	USER	1	2017-03-28 04:07:46.21	\N	\N
48	53	3	USER	1	2017-03-28 07:36:39.332	\N	\N
49	54	3	USER	1	2017-04-02 10:26:54.31	\N	\N
50	55	3	USER	1	2017-04-18 18:10:41.84	\N	\N
51	56	3	USER	1	2017-04-21 22:39:21.773	\N	\N
52	57	3	USER	1	2017-04-21 22:43:40.434	\N	\N
53	58	3	USER	1	2017-04-21 23:34:17.659	\N	\N
54	59	3	USER	1	2017-04-22 03:17:23.375	\N	\N
55	60	3	USER	1	2017-04-22 03:22:31.524	\N	\N
56	61	3	USER	1	2017-04-24 07:53:49.481	\N	\N
57	62	3	USER	1	2017-04-27 21:07:37.191	\N	\N
\.


--
-- Data for Name: state; Type: TABLE DATA; Schema: public; Owner: weddfix
--

COPY state (id, statename, countryid, isactive, createdby, createddate, updatedby, updateddate) FROM stdin;
1	Andhra Pradesh	98	t	1	2013-07-22 16:23:10.056398	\N	\N
2	Arunachal Pradesh	98	t	1	2013-07-22 16:23:10.056398	\N	\N
3	Assam	98	t	1	2013-07-22 16:23:10.056398	\N	\N
4	Bihar	98	t	1	2013-07-22 16:23:10.056398	\N	\N
5	Chhattisgarh	98	t	1	2013-07-22 16:23:10.056398	\N	\N
6	Goa	98	t	1	2013-07-22 16:23:10.056398	\N	\N
7	Gujarat	98	t	1	2013-07-22 16:23:10.056398	\N	\N
8	Haryana	98	t	1	2013-07-22 16:23:10.056398	\N	\N
9	Himachal Pradesh	98	t	1	2013-07-22 16:23:10.056398	\N	\N
10	Jammu and Kashmir	98	t	1	2013-07-22 16:23:10.056398	\N	\N
11	Jharkhand	98	t	1	2013-07-22 16:23:10.056398	\N	\N
12	Karnataka	98	t	1	2013-07-22 16:23:10.056398	\N	\N
13	Kerala	98	t	1	2013-07-22 16:23:10.056398	\N	\N
14	Madhya Pradesh	98	t	1	2013-07-22 16:23:10.056398	\N	\N
15	Maharashtra	98	t	1	2013-07-22 16:23:10.056398	\N	\N
16	Manipur	98	t	1	2013-07-22 16:23:10.056398	\N	\N
17	Meghalaya	98	t	1	2013-07-22 16:23:10.056398	\N	\N
18	Mizoram	98	t	1	2013-07-22 16:23:10.056398	\N	\N
19	Nagaland	98	t	1	2013-07-22 16:23:10.056398	\N	\N
20	Odisha	98	t	1	2013-07-22 16:23:10.056398	\N	\N
21	Punjab	98	t	1	2013-07-22 16:23:10.056398	\N	\N
22	Rajasthan	98	t	1	2013-07-22 16:23:10.056398	\N	\N
23	Sikkim	98	t	1	2013-07-22 16:23:10.056398	\N	\N
24	Tamil Nadu	98	t	1	2013-07-22 16:23:10.056398	\N	\N
25	Tripura	98	t	1	2013-07-22 16:23:10.056398	\N	\N
26	Uttar Pradesh	98	t	1	2013-07-22 16:23:10.056398	\N	\N
27	Uttarakhand	98	t	1	2013-07-22 16:23:10.056398	\N	\N
28	West Bengal	98	t	1	2013-07-22 16:23:10.056398	\N	\N
29	Andaman and Nicobar Islands (U. T.)	98	t	1	2013-07-22 16:23:10.056398	\N	\N
30	Chandigarh (U. T.)	98	t	1	2013-07-22 16:23:10.056398	\N	\N
31	Dadra and Nagar Haveli (U. T.)	98	t	1	2013-07-22 16:23:10.056398	\N	\N
32	Daman and Diu (U. T.)	98	t	1	2013-07-22 16:23:10.056398	\N	\N
33	Lakshadweep (U. T.)	98	t	1	2013-07-22 16:23:10.056398	\N	\N
34	Delhi (U.T.)	98	t	1	2013-07-22 16:23:10.056398	\N	\N
35	Puducherry (Pondicherry) (U. T.)	98	t	1	2013-07-22 16:23:10.056398	\N	\N
36	Kedh	129	t	1	2016-11-09 05:51:19.758	\N	\N
37	Kelanthan	129	t	1	2016-11-09 05:51:54.957	\N	\N
38	Kuala Lampur	129	t	1	2016-11-09 05:52:29.018	\N	\N
39	Labuan	129	t	1	2016-11-09 05:53:00.409	\N	\N
40	Negeri Sembilan	129	t	1	2016-11-09 05:53:25.302	1	2016-11-09 05:54:01.068
41	Pahang	129	t	1	2016-11-09 05:54:22.587	\N	\N
42	Perak	129	t	1	2016-11-09 05:54:54.664	\N	\N
43	Perlis	129	t	1	2016-11-09 05:55:24.182	\N	\N
44	Pulau Pinang	129	t	1	2016-11-09 06:01:35.514	\N	\N
45	Putrajaya	129	t	1	2016-11-09 06:04:25.62	\N	\N
46	Sabah	129	t	1	2016-11-09 06:05:13.77	\N	\N
47	Sarawak	129	t	1	2016-11-09 06:05:42.342	\N	\N
48	Selengor	129	t	1	2016-11-09 06:06:04.911	\N	\N
49	Terengganu	129	t	1	2016-11-09 06:06:59.678	\N	\N
50	Others	129	t	1	2016-11-09 06:07:53.901	\N	\N
51	Central	198	t	1	2016-11-09 06:25:34.878	\N	\N
52	Eastern	198	t	1	2016-11-09 06:26:03.724	\N	\N
53	North Central	198	t	1	2016-11-09 06:26:39.206	\N	\N
54	North Eastern	198	t	1	2016-11-09 06:27:05.424	\N	\N
55	North Western	198	t	1	2016-11-09 06:27:31.885	\N	\N
56	Sabaragamuwa	198	t	1	2016-11-09 06:28:19.707	\N	\N
57	Sowthern	198	t	1	2016-11-09 06:28:41.583	\N	\N
58	Uva	198	t	1	2016-11-09 06:29:21.282	\N	\N
59	Western	198	t	1	2016-11-09 06:29:45.184	\N	\N
60	Chiang Mai	208	t	1	2016-11-09 06:47:13.901	\N	\N
61	Chon Buri	208	t	1	2016-11-09 06:47:36.08	\N	\N
62	Khon Kaen	208	t	1	2016-11-09 06:48:08.841	\N	\N
63	Krung Thep	208	t	1	2016-11-09 06:51:58.289	\N	\N
64	Nakhon Ratchasima	208	t	1	2016-11-09 06:53:37.29	\N	\N
65	Nakhon Sawan	208	t	1	2016-11-09 06:54:21.866	\N	\N
66	Nakhon Si Thammarat	208	t	1	2016-11-09 06:57:13.897	\N	\N
67	Nan	208	t	1	2016-11-09 06:57:35.42	\N	\N
68	Nonthaburi	208	t	1	2016-11-09 06:58:17.304	\N	\N
69	Phuket	208	t	1	2016-11-09 06:58:40.741	\N	\N
70	Songkhla	208	t	1	2016-11-09 06:59:08.39	\N	\N
72	Suart Thani Provice	208	t	1	2016-11-09 07:00:22.69	\N	\N
73	Ubon Ratchathani	208	t	1	2016-11-09 07:01:07.347	\N	\N
74	Other	208	t	1	2016-11-09 07:01:29.823	\N	\N
75	Singapore	190	t	1	2016-11-09 07:20:10.211	\N	\N
77	Alberta	36	t	1	2016-11-09 09:30:53.434	\N	\N
78	British Columbia	36	t	1	2016-11-09 09:33:52.345	\N	\N
79	Manitoba	36	t	1	2016-11-09 09:34:32.893	\N	\N
80	Ontario	36	t	1	2016-11-09 09:35:11.475	\N	\N
81	Que bec	36	t	1	2016-11-09 09:35:46.631	\N	\N
82	Australian Capital Territory	13	t	1	2016-11-09 10:28:37.124	\N	\N
83	New South Wales	13	t	1	2016-11-09 10:29:19.421	\N	\N
84	Queensland	13	t	1	2016-11-09 10:30:44.218	\N	\N
85	Victoria	13	t	1	2016-11-09 10:31:02.197	\N	\N
86	Western Australia	13	t	1	2016-11-09 10:31:24.799	\N	\N
88	Aberdeenshire	223	t	1	2016-11-09 10:51:15.554	\N	\N
89	Bedfordshire	223	t	1	2016-11-09 10:51:50.354	\N	\N
90	Berkshire	223	t	1	2016-11-09 10:52:22.995	\N	\N
91	Buckinghamshire	223	t	1	2016-11-09 10:52:53.144	\N	\N
92	Cambridgeshire	223	t	1	2016-11-09 10:53:20.644	\N	\N
93	Cardiff	223	t	1	2016-11-09 10:53:44.841	\N	\N
94	City of Edinburgh	223	t	1	2016-11-09 10:54:20.504	\N	\N
95	Derbyshire	223	t	1	2016-11-09 10:54:48.311	\N	\N
96	Essex	223	t	1	2016-11-09 10:55:08.354	\N	\N
97	Glasgow	223	t	1	2016-11-09 10:55:35.206	\N	\N
98	Greater London/ Middlesex	223	t	1	2016-11-09 10:56:27.335	\N	\N
99	Greater Manchester	223	t	1	2016-11-09 10:56:59.546	\N	\N
100	Hampshire	223	t	1	2016-11-09 10:57:26.179	\N	\N
101	Hertfordshire	223	t	1	2016-11-09 10:57:54.944	\N	\N
102	Kent	223	t	1	2016-11-09 10:58:14.032	\N	\N
103	Lancashire	223	t	1	2016-11-09 11:00:38.413	\N	\N
104	Surrey	223	t	1	2016-11-09 11:01:52.886	\N	\N
105	Susex	223	t	1	2016-11-09 11:02:10.056	\N	\N
106	West Middlands	223	t	1	2016-11-09 11:02:35.711	\N	\N
107	Yorkshire	223	t	1	2016-11-09 11:04:16.636	\N	\N
\.


--
-- Data for Name: status; Type: TABLE DATA; Schema: public; Owner: weddfix
--

COPY status (id, statusname, statusdesc, isactive, createdby, createddate, updatedby, updateddate) FROM stdin;
1	ACTIVE	ACTIVE	t	1	2016-08-06 15:18:18.862	\N	\N
2	INACTIVE	INACTIVE	t	1	2016-08-06 15:18:49.719	\N	\N
\.


--
-- Data for Name: subscribers; Type: TABLE DATA; Schema: public; Owner: weddfix
--

COPY subscribers (id, subscriberemail, statusid, createddate) FROM stdin;
1	shagul001@gmail.com	1	2016-10-06 20:20:20.187
2	info@studioartin.com	1	2016-11-21 13:41:09.817
3	shekarbilla00@gmail.com	1	2017-02-11 02:25:16.487
\.


--
-- Data for Name: upgradeplandetails; Type: TABLE DATA; Schema: public; Owner: weddfix
--

COPY upgradeplandetails (id, planname, amount, validity, emailcount, mobilecount, videocallcount, expressinterest, profilehighlight, viewprofile, protectphoto, getsmsalert, isactive, createdby, createddate, updatedby, updateddate) FROM stdin;
1	FREE	0	0	0	0	0	f	f	f	f	f	t	1	2016-09-05 22:18:24.813	\N	\N
5	PREMIUM	100	12	100	100	0	t	t	t	t	t	f	1	2016-09-13 01:13:35.326	1	2017-04-27 23:38:07.236
3	SILVER 	0	6	30	30	0	t	t	t	t	t	t	1	2016-09-13 01:10:37.013	1	2017-04-27 23:38:39.814
4	GOLD	50	12	50	50	0	t	t	t	t	t	f	1	2016-09-13 01:12:45.574	1	2017-04-27 23:39:20.377
\.


--
-- Data for Name: userprofile; Type: TABLE DATA; Schema: public; Owner: weddfix
--

COPY userprofile (id, profileid, userprofileid, fullname, genderid, maritalstatusid, dob, email, password, passwordhash, mobile, heightid, educationid, occupationid, religionid, cityid, stateid, countryid, aboutyou, profilepictureid, birthhoroscopephotoid, roleid, statusid, createdby, createddate, updatedby, updateddate) FROM stdin;
5	1000005	1	Test	1	2	1992-11-10 00:00:00	againbala@hotmail.com	69e9efec6528b541b597fd7b95e3a3f2	69e9efec6528b541b597fd7b95e3a3f2	9698926990	22	54	15	2	49	12	98	dhiyferfvljh	6	\N	3	1	1	2016-11-07 07:46:16.168	5	2016-11-07 00:00:00
4	1000004	1	Shagul	1	1	1990-12-31 00:00:00	sha@gmail.com	5d8cf6b5b92611e4ff6e9a50808fa9e6	5d8cf6b5b92611e4ff6e9a50808fa9e6	9042126880	23	1	1	1	1	24	98	Hi..	\N	\N	3	1	1	2016-10-23 08:30:23.115	\N	\N
8	1000008	1	P.Balaji	1	2	1986-04-26 00:00:00	info@studioartin.com	65e183f23dea945f5e912827eaf4820	65e183f23dea945f5e912827eaf4820	9965916911	21	100	17	2	12	24	98	Hii.. am cool person.. am doing my own business.. in my family me and my mum only.. I have two sisters.. bothe are married.. am expecting homily girl.. 	\N	\N	3	1	1	2016-11-20 03:12:32.471	\N	\N
10	1000010	1	Ramesh	1	2	2016-11-11 00:00:00	rameshmuthuerc@gmail.com	b1471adc34c852d9ca3f03f5f47ff496	b1471adc34c852d9ca3f03f5f47ff496	9629942968	20	70	73	2	15	24	98	fefe	13	\N	3	1	1	2016-11-24 06:28:28.326	10	2016-12-26 00:00:00
1	1000001	1	Admin	1	2	1990-05-25 00:00:00	admin@weddfix.com	1be2cd51784eb392dbbc025aee4287d9	1be2cd51784eb392dbbc025aee4287d9	9042126880	23	1	1	1	1	24	98	Hi..	1	\N	1	1	1	2016-10-15 15:14:36.533	1	2016-12-01 00:00:00
17	1000017	1	jeeviitha	2	2	1986-12-19 00:00:00	ramesh@windowslive.com	b1471adc34c852d9ca3f03f5f47ff496	b1471adc34c852d9ca3f03f5f47ff496	9629942968	13	98	68	2	8	24	98	i am soft spoken girl	\N	\N	3	1	1	2016-12-26 17:49:06.228	17	2016-12-26 00:00:00
7	1000007	1	Sana	2	2	1992-11-18 00:00:00	sana@gmail.com	5d8cf6b5b92611e4ff6e9a50808fa9e6	5d8cf6b5b92611e4ff6e9a50808fa9e6	9042126880	14	1	1	1	1	24	98	Hi,...	\N	\N	3	1	1	2016-11-13 14:53:35.241	7	2016-11-26 00:00:00
6	1000006	1	karthika	2	2	1995-11-09 00:00:00	karthika17912@gmail.com	148b107a35afc4fad3fcb45f7f85fccd	148b107a35afc4fad3fcb45f7f85fccd	8181987124	10	33	112	2	12	24	98	khkaa	2	\N	3	1	1	2016-11-08 05:56:49.14	\N	\N
14	1000014	1	Ragavan	1	2	1993-05-10 00:00:00	ragavphotography@gmail.com	d77fbf1aa642662881aea57a388e7727	d77fbf1aa642662881aea57a388e7727	9952695993	13	1	115	2	12	24	98	i am calm person, always busy in my career, and i ill be busy with my life partner. am looking homely girl to be my life partner	15	\N	3	1	1	2016-12-12 13:06:07.303	14	2016-12-12 00:00:00
15	1000015	6	Ragu	1	1	1992-12-17 00:00:00	m.jagathesh93@gmail.com	ca3faa6d101cb20d473d573775f49b26	ca3faa6d101cb20d473d573775f49b26	9962019984	7	13	1	2	5	24	98	hiiii	\N	\N	3	1	1	2016-12-18 17:02:25.949	\N	\N
3	1000003	1	karthi	1	2	1992-10-12 00:00:00	karthickraja0292@gmail.com	ca3faa6d101cb20d473d573775f49b26	ca3faa6d101cb20d473d573775f49b26	7418544792	9	33	1	1	1	24	98	dddd	\N	\N	3	1	1	2016-10-18 13:31:41.268	3	2016-12-10 00:00:00
11	1000011	1	mahalakshmi	2	2	1992-12-18 00:00:00	mahalakshmmi@icloud.com	655f7a1e98e398e81b34e58564f6113d	655f7a1e98e398e81b34e58564f6113d	7411519949	10	71	7	2	12	24	98	am a cool person 	\N	\N	3	1	1	2016-12-01 13:12:08.792	11	2016-12-01 00:00:00
12	1000012	1	Test	1	2	1993-12-16 00:00:00	balajirp@icloud.com	e10adc3949ba59abbe56e057f20f883e	e10adc3949ba59abbe56e057f20f883e	9698926990	17	25	11	2	12	24	98	I am	\N	\N	3	2	1	2016-12-01 13:22:20.629	1	2016-12-01 00:00:00
9	1000009	1	P.Balaji	1	2	1986-04-26 00:00:00	antidevil1332@gmail.com	65e183f23dea945f5e912827eaf4820	65e183f23dea945f5e912827eaf4820	9965916911	14	100	17	2	12	24	98	Hii.. am calm person.. 	9	\N	3	1	1	2016-11-20 07:04:08.401	9	2016-12-01 00:00:00
16	1000016	6	Ragu	1	2	2016-12-13 00:00:00	jacking.92@gmail.com	ca3faa6d101cb20d473d573775f49b26	ca3faa6d101cb20d473d573775f49b26	9788413209	7	22	52	2	20	24	98	fff	\N	\N	3	1	1	2016-12-21 04:15:35.403	16	2016-12-21 00:00:00
19	1000019	1	jeeviitha	2	2	1986-12-19 00:00:00	rrmrramesh@gmail.com	b1471adc34c852d9ca3f03f5f47ff496	b1471adc34c852d9ca3f03f5f47ff496	9629942968	13	98	68	2	15	24	98	i am soft spoken girl	\N	\N	3	1	1	2016-12-26 17:51:52.857	\N	\N
20	1000020	1	Safina	2	2	1995-11-09 00:00:00	ramesh@rameshmuthuerc.com	b1471adc34c852d9ca3f03f5f47ff496	b1471adc34c852d9ca3f03f5f47ff496	9629942968	12	3	49	1	20	24	98	Good girl	\N	\N	3	1	1	2017-01-08 05:38:14.324	\N	\N
22	1000022	1	Karthick R	2	2	1987-01-02 00:00:00	karthickraja@gmail.com	e10adc3949ba59abbe56e057f20f883e	e10adc3949ba59abbe56e057f20f883e	7418544792	12	1	1	2	1	24	98	hiii	\N	\N	3	1	1	2017-01-21 10:36:04.982	22	2017-01-21 00:00:00
21	1000021	1	safina	2	2	1996-01-17 00:00:00	ramesh@mycontactsca.com	b1471adc34c852d9ca3f03f5f47ff496	b1471adc34c852d9ca3f03f5f47ff496	9629942968	13	33	1	1	1	24	98	Good girl	\N	\N	3	1	1	2017-01-08 06:55:37.239	21	2017-01-08 00:00:00
2	1000002	1	Shagul Hameed	1	2	1990-05-25 00:00:00	shagul001@gmail.com	5d8cf6b5b92611e4ff6e9a50808fa9e6	5d8cf6b5b92611e4ff6e9a50808fa9e6	9042126880	23	1	1	1	1	24	98	Hi...	4	\N	1	1	1	2016-10-16 04:36:09.95	2	2017-01-21 00:00:00
23	1000023	1	Ram	1	1	1990-12-31 00:00:00	ram@gmail.com	e10adc3949ba59abbe56e057f20f883e	e10adc3949ba59abbe56e057f20f883e	9042126880	1	1	1	1	1	24	98	Hi..	\N	\N	3	1	1	2017-01-21 11:23:25.751	\N	\N
24	1000024	1	Logu	1	1	1990-12-31 00:00:00	karthi@gmail.com	e10adc3949ba59abbe56e057f20f883e	e10adc3949ba59abbe56e057f20f883e	7418544792	1	1	1	1	1	24	98	hii	\N	\N	3	1	1	2017-01-26 19:38:10.757	\N	\N
25	1000025	1	Jaga	1	1	1990-12-31 00:00:00	jaga@gmail.com	e10adc3949ba59abbe56e057f20f883e	e10adc3949ba59abbe56e057f20f883e	7418544792	1	1	1	1	1	24	98	hii	\N	\N	3	1	1	2017-01-26 19:44:54.729	\N	\N
13	1000013	1	Priya	2	2	1990-12-07 00:00:00	karthickraja1292@gmail.com	ca3faa6d101cb20d473d573775f49b26	ca3faa6d101cb20d473d573775f49b26	7418544792	12	33	1	1	1	24	98	jj	224	\N	3	1	1	2016-12-10 15:33:56.017	13	2017-02-24 00:00:00
26	1000026	3	fg	2	3	2017-01-27 00:00:00	fg@gmail.com	e10adc3949ba59abbe56e057f20f883e	e10adc3949ba59abbe56e057f20f883e	7418544792	9	59	21	2	132	3	98	dd	\N	\N	3	1	1	2017-01-26 20:34:06.443	\N	\N
27	1000027	6	Priya	2	2	2017-01-28 00:00:00	karthickraja92@gmail.com	e10adc3949ba59abbe56e057f20f883e	e10adc3949ba59abbe56e057f20f883e	7418544792	13	33	21	2	6	24	98	hi	\N	\N	3	1	1	2017-01-28 05:04:54.23	\N	\N
32	1000032	4	Shalu	2	2	2017-01-16 00:00:00	shalu@gmail.com	e10adc3949ba59abbe56e057f20f883e	e10adc3949ba59abbe56e057f20f883e	7418544792	13	33	22	2	10	24	98	hello	\N	\N	3	1	1	2017-01-28 05:09:38.569	\N	\N
33	1000033	8	Ram	1	3	1985-01-10 00:00:00	karthi11@gmail.com	e10adc3949ba59abbe56e057f20f883e	e10adc3949ba59abbe56e057f20f883e	7418544792	11	33	20	2	244	8	98	hi	\N	\N	3	1	1	2017-01-31 03:43:19.965	\N	\N
34	1000034	1	Logu	1	1	1990-12-31 00:00:00	karti@gmail.com	e10adc3949ba59abbe56e057f20f883e	e10adc3949ba59abbe56e057f20f883e	7418544792	1	1	1	1	1	24	98	hii	\N	\N	3	1	1	2017-01-31 19:02:31.975	\N	\N
35	1000035	1	Srinath	1	2	1995-11-21 00:00:00	srinathalagar.21@gmail.com	b0f8b3e58f093359fe1af416b5ea8ed6	b0f8b3e58f093359fe1af416b5ea8ed6	9944055653	18	5	112	2	12	24	98	I am handsome boy good looking and kind.	\N	\N	3	1	1	2017-02-01 08:53:33.085	\N	\N
36	1000036	1	Logu	1	1	1990-12-31 00:00:00	krti@gmail.com	e10adc3949ba59abbe56e057f20f883e	e10adc3949ba59abbe56e057f20f883e	7418544792	1	1	1	1	1	24	98	hii	\N	\N	3	1	1	2017-02-04 08:51:02.166	\N	\N
37	1000037	1	Uddandi Chandrasekhar	1	2	1993-02-25 00:00:00	shekarbilla00@gmail.com	3840039b2b80fe7553d870d5bb56e820	3840039b2b80fe7553d870d5bb56e820	7207773062	14	61	31	2	81	1	98	I m Chandrasekhar nanu naa veyandi bagchusukutanu	\N	\N	3	1	1	2017-02-11 02:33:46.791	\N	\N
38	1000038	5	rat	1	3	1989-02-12 00:00:00	rat@gmail.com	e10adc3949ba59abbe56e057f20f883e	e10adc3949ba59abbe56e057f20f883e	7418544792	2	58	14	2	157	4	98	hello	\N	\N	3	1	1	2017-02-12 03:59:11.216	\N	\N
39	1000039	1	Ramesh	1	2	\N	cvccbvh@gmail.com	202cb962ac59075b964b07152d234b70	202cb962ac59075b964b07152d234b70	9632587412	18	60	16	10	10	24	98	karur	\N	\N	3	1	1	2017-02-16 09:33:36.499	\N	\N
40	1000040	8	test	1	1	\N	test@gmail.com	e10adc3949ba59abbe56e057f20f883e	e10adc3949ba59abbe56e057f20f883e	7418544792	3	61	18	2	6	30	98	hello	\N	\N	3	1	1	2017-02-17 04:35:19.291	\N	\N
41	1000041	5	trs	1	2	\N	ter@gmail.com	e10adc3949ba59abbe56e057f20f883e	e10adc3949ba59abbe56e057f20f883e	7418544792	3	58	15	2	155	4	98	hello	\N	\N	3	1	1	2017-02-17 04:41:21.999	\N	\N
42	1000042	1	Ramesh	1	2	2013-02-10 00:00:00	ramw@gmail.com	202cb962ac59075b964b07152d234b70	202cb962ac59075b964b07152d234b70	9638521478	18	98	13	2	1	24	98	Chennai	\N	\N	3	1	1	2017-02-17 05:51:27.791	\N	\N
43	1000043	5	test	1	2	1992-02-12 00:00:00	trt@gmail.com	e10adc3949ba59abbe56e057f20f883e	e10adc3949ba59abbe56e057f20f883e	7418544792	3	61	14	2	5	24	98	hello	\N	\N	3	1	1	2017-02-19 03:17:50.797	\N	\N
44	1000044	1	Logu	1	1	1990-12-31 00:00:00	karthi12@gmail.com	e10adc3949ba59abbe56e057f20f883e	e10adc3949ba59abbe56e057f20f883e	7418544792	1	1	1	1	1	24	98	hii	\N	\N	3	1	1	2017-02-19 07:25:58.434	\N	\N
45	1000045	1	Log	1	1	1990-12-31 00:00:00	kti@gmail.com	e10adc3949ba59abbe56e057f20f883e	e10adc3949ba59abbe56e057f20f883e	7418544792	1	1	1	1	1	24	98	hii	\N	\N	3	1	1	2017-02-19 08:21:13.591	\N	\N
46	1000046	6	sri	1	2	1992-02-12 00:00:00	ka@gmail.com	e10adc3949ba59abbe56e057f20f883e	e10adc3949ba59abbe56e057f20f883e	7418544792	7	54	17	2	5	24	4	hi	\N	\N	3	1	1	2017-02-19 08:50:54.366	\N	\N
47	1000047	6	vijay	1	2	0089-08-22 00:00:00	ra@gmail.com	e10adc3949ba59abbe56e057f20f883e	e10adc3949ba59abbe56e057f20f883e	7418544492	7	98	18	2	582	24	98	hi	\N	\N	3	1	1	2017-02-19 11:53:30.678	\N	\N
48	1000048	6	hjgyu	1	2	\N	hhhju	202cb962ac59075b964b07152d234b70	202cb962ac59075b964b07152d234b70	5236656663	7	97	15	1	11	24	98	khjj	\N	\N	3	1	1	2017-02-20 06:28:17.235	\N	\N
49	1000049	1	Sundararajan K	1	2	1989-03-10 00:00:00	sundarmani20@gmail.com	c0a9f0db3f7ca0f4b08c21b90776bd21	c0a9f0db3f7ca0f4b08c21b90776bd21	8148376432	19	97	1	2	1	24	98	I am lovely and friendly character.	239	\N	3	1	1	2017-03-01 16:48:50.158	49	2017-03-01 00:00:00
50	1000050	1	Logu	1	1	1990-12-31 00:00:00	rpkumar@gmail.com	e10adc3949ba59abbe56e057f20f883e	e10adc3949ba59abbe56e057f20f883e	7418544792	1	1	1	1	1	24	98	hii	\N	\N	3	1	1	2017-03-25 01:38:03.523	\N	\N
51	1000051	2	iuhhgvg	1	1	0019-01-03 00:00:00	rt@gmail.com	76d80224611fc919a5d54f0ff9fba446	76d80224611fc919a5d54f0ff9fba446	8976453245	6	61	14	2	3	3	3	hii	\N	\N	3	1	1	2017-03-25 08:25:17.341	\N	\N
52	1000052	1	Log	1	1	1990-12-31 00:00:00	zaheer@gmail.com	e10adc3949ba59abbe56e057f20f883e	e10adc3949ba59abbe56e057f20f883e	7418544792	1	1	1	1	1	24	98	hii	\N	\N	3	1	1	2017-03-28 04:07:46.181	\N	\N
53	1000053	1	Log	1	1	1990-12-31 00:00:00	logu@gmail.com	e10adc3949ba59abbe56e057f20f883e	e10adc3949ba59abbe56e057f20f883e	7418544792	1	1	1	1	1	24	98	hii	\N	\N	3	1	1	2017-03-28 07:36:39.312	\N	\N
54	1000054	2	qwe	1	2	0017-02-04 00:00:00	qwe@gmail.com	76d80224611fc919a5d54f0ff9fba446	76d80224611fc919a5d54f0ff9fba446	98	3	60	16	9	2	1	6	hii	\N	\N	3	1	1	2017-04-02 10:26:54.279	\N	\N
55	1000055	1	P. Balaji	1	2	1986-04-26 00:00:00	againnoah@yahoo.com 	a36ebea1e3c8b83afcad43177081722f	a36ebea1e3c8b83afcad43177081722f	7397776911	14	100	17	2	12	24	98	Am cool person.. Am expecting homily girl... 	\N	\N	3	1	1	2017-04-18 18:10:41.757	55	2017-04-18 00:00:00
56	1000056	3	qwqw	2	2	0018-10-04 00:00:00	rp@gmail.com	76d80224611fc919a5d54f0ff9fba446	76d80224611fc919a5d54f0ff9fba446	987554	3	60	15	2	1	24	98	hii	\N	\N	3	1	1	2017-04-21 22:39:21.648	\N	\N
57	1000057	2	we're	1	2	0018-10-04 00:00:00	qwe1233@gmail.com	76d80224611fc919a5d54f0ff9fba446	76d80224611fc919a5d54f0ff9fba446	98765433	1	61	18	2	4	24	98	hii	\N	\N	3	1	1	2017-04-21 22:43:40.412	\N	\N
58	1000058	2	name123	1	2	0018-10-04 00:00:00	name123@gmail.com	76d80224611fc919a5d54f0ff9fba446	76d80224611fc919a5d54f0ff9fba446	1223	1	97	18	2	2	1	2	hii	\N	\N	3	1	1	2017-04-21 23:34:17.603	\N	\N
59	1000059	4	pppp	1	2	0087-10-04 00:00:00	ppp@gmail.com	76d80224611fc919a5d54f0ff9fba446	76d80224611fc919a5d54f0ff9fba446	12344	3	54	15	1	85	2	2	hii	\N	\N	3	1	1	2017-04-22 03:17:23.348	\N	\N
60	1000060	6	asdf	1	2	0018-10-04 00:00:00	asdf@gmail.com	76d80224611fc919a5d54f0ff9fba446	76d80224611fc919a5d54f0ff9fba446	12234	1	54	15	2	85	1	6	hii	\N	\N	3	1	1	2017-04-22 03:22:31.501	\N	\N
61	1000061	2	name	1	2	\N	name@gmail.com	202cb962ac59075b964b07152d234b70	202cb962ac59075b964b07152d234b70	9789276358	13	4	16	2	22	24	98	gff\n	\N	\N	3	1	1	2017-04-24 07:53:49.453	\N	\N
62	1000062	1	Charu	2	2	1990-02-14 00:00:00	againnoah@yahoo.com	65e183f23dea945f5e912827eaf4820	65e183f23dea945f5e912827eaf4820	8870199443	12	113	11	2	12	24	98	just cool	\N	\N	3	1	1	2017-04-27 21:07:37.151	62	2017-04-27 00:00:00
\.


--
-- Data for Name: weight; Type: TABLE DATA; Schema: public; Owner: weddfix
--

COPY weight (id, weight, weightdesc, isactive, createdby, createddate, updatedby, updateddate) FROM stdin;
6	45 kgs	45 kgs	t	1	2016-10-14 11:42:48.656	\N	\N
7	46 kgs	46 kgs	t	1	2016-10-14 11:43:18.531	\N	\N
8	47 kgs	47 kgs	t	1	2016-10-15 04:48:27.688	\N	\N
9	48 kgs	48 kgs	t	1	2016-10-15 04:48:50.489	\N	\N
10	49 kgs	49 kgs	t	1	2016-10-15 04:49:11.131	\N	\N
11	50 kgs	50 kgs	t	1	2016-10-15 04:49:30.895	\N	\N
12	51 kgs	51 kgs	t	1	2016-10-15 04:49:49.025	\N	\N
13	52 kgs	52 kgs	t	1	2016-10-15 04:50:05.812	\N	\N
17	53 kgs	53 kgs	t	1	2016-10-15 05:09:01.467	\N	\N
18	54 kgs	54 kgs	t	1	2016-10-15 05:09:21.657	\N	\N
19	55 kgs	55 kgs	t	1	2016-10-15 05:09:55.88	\N	\N
20	56 kgs	56 kgs	t	1	2016-10-15 05:10:38.336	\N	\N
21	57 kgs	57 kgs	t	1	2016-10-15 05:11:01.756	\N	\N
22	58 kgs	58 kgs	t	1	2016-10-15 05:11:25.022	\N	\N
23	59 kgs	59 kgs	t	1	2016-10-15 05:11:44.746	\N	\N
24	60 kgs	60 kgs	f	1	2016-10-15 05:12:05.695	\N	\N
25	61 kgs	61 kgs	t	1	2016-10-15 05:12:27.747	\N	\N
26	62 kgs	62 kgs	t	1	2016-10-15 05:13:40.483	\N	\N
27	63 kgs	63 kgs	t	1	2016-10-15 05:14:41.942	\N	\N
28	64 kgs	64 kgs	t	1	2016-10-15 05:15:01.863	\N	\N
29	65 kgs	65 kgs	t	1	2016-10-15 05:15:21.25	\N	\N
32	66 kgs	66 kgs	t	1	2016-10-15 05:16:17.955	\N	\N
34	68 kgs	68 kgs	t	1	2016-10-15 05:17:50.177	\N	\N
35	69 kgs	69 kgs	t	1	2016-10-15 05:18:07.226	\N	\N
36	70 kgs	70 kgs	t	1	2016-10-15 05:18:25.852	\N	\N
37	71 kgs	71 kgs	t	1	2016-10-15 05:19:52.087	\N	\N
38	72 kgs	72 kgs	t	1	2016-10-15 05:23:44.016	\N	\N
39	73 kgs	73 kgs	t	1	2016-10-15 05:24:01.913	\N	\N
40	74 kgs	74 kgs	t	1	2016-10-15 05:24:22.145	\N	\N
41	75 kgs	75 kgs	t	1	2016-10-15 05:24:46.5	\N	\N
42	76 kgs	76 kgs	t	1	2016-10-15 05:25:06.814	\N	\N
43	77 kgs	77 kgs	t	1	2016-10-15 05:25:25.527	\N	\N
44	78 kgs	78 kgs	t	1	2016-10-15 05:25:46.177	\N	\N
45	79 kgs	79 kgs	t	1	2016-10-15 05:26:03.31	\N	\N
46	80 kgs	80 kgs	t	1	2016-10-15 05:26:24.333	\N	\N
47	81 kgs	81 kgs	t	1	2016-10-15 05:26:40.566	\N	\N
49	83 kgs	83 kgs	t	1	2016-10-15 05:27:14.918	\N	\N
50	84 kgs	84 kgs	t	1	2016-10-15 05:27:36.877	\N	\N
51	85 kgs	85 kgs	t	1	2016-10-15 05:27:56.578	\N	\N
53	87 kgs	87 kgs	t	1	2016-10-15 05:28:33.277	\N	\N
54	88 kgs	88 kgs	t	1	2016-10-15 05:28:59.339	\N	\N
55	89 kgs	89 kgs	t	1	2016-10-15 05:29:54.367	\N	\N
56	90 kgs	90 kgs	t	1	2016-10-15 05:30:36.074	\N	\N
57	91 kgs	91 kgs	t	1	2016-10-15 05:31:22.13	\N	\N
58	92 kgs	92 kgs	t	1	2016-10-15 05:31:58.939	\N	\N
59	93 kgs	93 kgs	t	1	2016-10-15 05:32:17.656	\N	\N
60	94 kgs	94 kgs	t	1	2016-10-15 05:38:36.762	\N	\N
61	95 kgs	95 kgs	t	1	2016-10-15 05:43:31.621	\N	\N
62	96 kgs	96 kgs	t	1	2016-10-15 05:43:50.204	\N	\N
63	97 kgs	97 kgs	t	1	2016-10-15 05:44:12.881	\N	\N
64	98 kgs	98 kgs	t	1	2016-10-15 05:44:30.206	\N	\N
65	99 kgs	99 kgs	t	1	2016-10-15 05:44:47.795	\N	\N
66	100 kgs	100kgs	t	1	2016-10-15 05:45:21.164	\N	\N
67	101 kgs	101 kgs	t	1	2016-10-15 05:46:09.996	\N	\N
68	102 kgs	102 kgs	t	1	2016-10-15 05:46:49.216	\N	\N
69	103 kgs	103 kgs	t	1	2016-10-15 05:47:43.969	\N	\N
70	104 kgs	104 kgs	t	1	2016-10-15 05:48:08.273	\N	\N
71	105 kgs	105 kgs	t	1	2016-10-15 05:49:12.798	\N	\N
72	106 kgs	106 kgs	t	1	2016-10-15 05:50:02.185	\N	\N
73	107 kgs	107 kgs	t	1	2016-10-15 05:50:28.011	\N	\N
74	108 kgs	108 kgs	t	1	2016-10-15 05:50:48.814	\N	\N
75	109 kgs	109 kgs	t	1	2016-10-15 05:51:16.168	\N	\N
76	110 kgs	110 kgs	t	1	2016-10-15 05:51:44.167	\N	\N
77	111 kgs	111 kgs	t	1	2016-10-15 05:52:24.332	\N	\N
78	112 kgs	112kgs	t	1	2016-10-15 05:52:48.428	\N	\N
79	113 kgs	113kgs	t	1	2016-10-15 05:53:08.642	\N	\N
80	114 kgs	114 kgs	t	1	2016-10-15 05:54:34.792	\N	\N
81	115 kgs	115 kgs	t	1	2016-10-15 05:55:09.977	\N	\N
82	116 kgs 	116 kgs 	t	1	2016-10-15 05:55:33.338	\N	\N
83	117 kgs	 117 kgs	f	1	2016-10-15 05:56:28.665	\N	\N
84	118 kgs	118 kgs	t	1	2016-10-15 05:57:31.598	\N	\N
85	119 kgs	119 kgs	t	1	2016-10-15 05:57:57.432	\N	\N
87	121 kgs	121 kgs	t	1	2016-10-15 05:58:42.952	\N	\N
88	122 kgs	122 kgs	t	1	2016-10-15 05:59:07.484	\N	\N
89	123 kgs	123 kgs	t	1	2016-10-15 06:00:20.205	\N	\N
91	125 kgs	125 kgs	t	1	2016-10-15 06:12:52.558	\N	\N
92	126 kgs	126 kgs	t	1	2016-10-15 06:13:31.089	\N	\N
93	127 kgs	127 kgs	t	1	2016-10-15 06:17:53.207	\N	\N
94	128 kgs	128 kgs	t	1	2016-10-15 06:18:50.531	\N	\N
95	129 kgs	129 kgs	t	1	2016-10-15 06:21:24.034	\N	\N
97	131 kgs	131 kgs	t	1	2016-10-15 06:22:14.438	\N	\N
98	132 kgs	132 kgs	t	1	2016-10-15 06:23:04.945	\N	\N
99	133 kgs	133 kgs	t	1	2016-10-15 06:23:28.994	\N	\N
100	134 kgs	134 kgs	t	1	2016-10-15 06:24:25.511	\N	\N
101	135 kgs	135 kgs	t	1	2016-10-15 06:24:47.715	\N	\N
102	136 kgs	135 kgs	t	1	2016-10-15 06:25:27.034	\N	\N
103	137 kgs	137 kgs	t	1	2016-10-15 06:25:59.696	\N	\N
104	138 kgs	138 kgs	t	1	2016-10-15 06:26:27.74	\N	\N
105	139 kgs	139 kgs	t	1	2016-10-15 06:27:01.139	\N	\N
106	140 kgs	140 kgs	t	1	2016-10-15 06:28:23.708	\N	\N
107	others	others	t	1	2016-10-15 06:29:00.226	\N	\N
108	67 kgs	67 kgs	t	1	2016-10-17 04:30:05.317	\N	\N
109	82 kgs	82 kgs	t	1	2016-10-17 04:32:01.111	\N	\N
110	86 kgs	86 kgs	t	1	2016-10-17 05:21:42.4	\N	\N
111	40 Kgs	40 Kgs	t	1	2016-11-09 07:26:29.642	\N	\N
112	41 Kgs	41 Kgs	t	1	2016-11-09 07:26:52.743	\N	\N
113	42 Kgs	42 Kgs	t	1	2016-11-09 07:27:13.072	\N	\N
115	43 Kgs	43 Kgs	t	1	2016-11-09 07:28:08.215	\N	\N
116	44 Kgs	44 Kgs	t	1	2016-11-09 07:28:54.247	\N	\N
90	124 kgs	124 kgs	t	1	2016-10-15 06:09:40.365	1	2016-11-09 07:29:55.388
\.


--
-- Name: accountdetails_id_pk; Type: CONSTRAINT; Schema: public; Owner: weddfix
--

ALTER TABLE ONLY accountdetails
    ADD CONSTRAINT accountdetails_id_pk PRIMARY KEY (id);


--
-- Name: cartdetails_pkey; Type: CONSTRAINT; Schema: public; Owner: weddfix
--

ALTER TABLE ONLY cartdetails
    ADD CONSTRAINT cartdetails_pkey PRIMARY KEY (id);


--
-- Name: caste_castename_uq; Type: CONSTRAINT; Schema: public; Owner: weddfix
--

ALTER TABLE ONLY caste
    ADD CONSTRAINT caste_castename_uq UNIQUE (castename);


--
-- Name: caste_id_pk; Type: CONSTRAINT; Schema: public; Owner: weddfix
--

ALTER TABLE ONLY caste
    ADD CONSTRAINT caste_id_pk PRIMARY KEY (id);


--
-- Name: city_cityname_uq; Type: CONSTRAINT; Schema: public; Owner: weddfix
--

ALTER TABLE ONLY city
    ADD CONSTRAINT city_cityname_uq UNIQUE (cityname);


--
-- Name: city_id_pk; Type: CONSTRAINT; Schema: public; Owner: weddfix
--

ALTER TABLE ONLY city
    ADD CONSTRAINT city_id_pk PRIMARY KEY (id);


--
-- Name: clientinfo_pkey; Type: CONSTRAINT; Schema: public; Owner: weddfix
--

ALTER TABLE ONLY clientinfo
    ADD CONSTRAINT clientinfo_pkey PRIMARY KEY (id);


--
-- Name: comments_pkey; Type: CONSTRAINT; Schema: public; Owner: weddfix
--

ALTER TABLE ONLY comments
    ADD CONSTRAINT comments_pkey PRIMARY KEY (id);


--
-- Name: country_countrycode_uq; Type: CONSTRAINT; Schema: public; Owner: weddfix
--

ALTER TABLE ONLY country
    ADD CONSTRAINT country_countrycode_uq UNIQUE (countrycode);


--
-- Name: country_countryname_uq; Type: CONSTRAINT; Schema: public; Owner: weddfix
--

ALTER TABLE ONLY country
    ADD CONSTRAINT country_countryname_uq UNIQUE (countryname);


--
-- Name: country_id_pk; Type: CONSTRAINT; Schema: public; Owner: weddfix
--

ALTER TABLE ONLY country
    ADD CONSTRAINT country_id_pk PRIMARY KEY (id);


--
-- Name: currency_id_pk; Type: CONSTRAINT; Schema: public; Owner: weddfix
--

ALTER TABLE ONLY currency
    ADD CONSTRAINT currency_id_pk PRIMARY KEY (id);


--
-- Name: directoryaccountdetails_id_pk; Type: CONSTRAINT; Schema: public; Owner: weddfix
--

ALTER TABLE ONLY directoryaccountdetails
    ADD CONSTRAINT directoryaccountdetails_id_pk PRIMARY KEY (id);


--
-- Name: directorycartdetails_pkey; Type: CONSTRAINT; Schema: public; Owner: weddfix
--

ALTER TABLE ONLY directorycartdetails
    ADD CONSTRAINT directorycartdetails_pkey PRIMARY KEY (id);


--
-- Name: directorycategoryinfo_pkey; Type: CONSTRAINT; Schema: public; Owner: weddfix
--

ALTER TABLE ONLY directorycategoryinfo
    ADD CONSTRAINT directorycategoryinfo_pkey PRIMARY KEY (id);


--
-- Name: directorycategoryinfoaccountdetails_id_pk; Type: CONSTRAINT; Schema: public; Owner: weddfix
--

ALTER TABLE ONLY directorycategoryinfoaccountdetails
    ADD CONSTRAINT directorycategoryinfoaccountdetails_id_pk PRIMARY KEY (id);


--
-- Name: directorycategoryreview_id_pk; Type: CONSTRAINT; Schema: public; Owner: weddfix
--

ALTER TABLE ONLY directorycategoryreview
    ADD CONSTRAINT directorycategoryreview_id_pk PRIMARY KEY (id);


--
-- Name: directorycategoryshortlisted_pkey; Type: CONSTRAINT; Schema: public; Owner: weddfix
--

ALTER TABLE ONLY directorycategoryshortlisted
    ADD CONSTRAINT directorycategoryshortlisted_pkey PRIMARY KEY (id);


--
-- Name: directorypromotiondetails_pkey; Type: CONSTRAINT; Schema: public; Owner: weddfix
--

ALTER TABLE ONLY directorypromotiondetails
    ADD CONSTRAINT directorypromotiondetails_pkey PRIMARY KEY (id);


--
-- Name: directorypromotiondetails_promocode_uq; Type: CONSTRAINT; Schema: public; Owner: weddfix
--

ALTER TABLE ONLY directorypromotiondetails
    ADD CONSTRAINT directorypromotiondetails_promocode_uq UNIQUE (promocode);


--
-- Name: directoryrole_id_pk; Type: CONSTRAINT; Schema: public; Owner: weddfix
--

ALTER TABLE ONLY directoryrole
    ADD CONSTRAINT directoryrole_id_pk PRIMARY KEY (id);


--
-- Name: directoryroledetails_id_pk; Type: CONSTRAINT; Schema: public; Owner: weddfix
--

ALTER TABLE ONLY directoryroledetails
    ADD CONSTRAINT directoryroledetails_id_pk PRIMARY KEY (id);


--
-- Name: directorysendinfo_id_pk; Type: CONSTRAINT; Schema: public; Owner: weddfix
--

ALTER TABLE ONLY directorysendinfo
    ADD CONSTRAINT directorysendinfo_id_pk PRIMARY KEY (id);


--
-- Name: directoryupgradeplandetails_id_pk; Type: CONSTRAINT; Schema: public; Owner: weddfix
--

ALTER TABLE ONLY directoryupgradeplandetails
    ADD CONSTRAINT directoryupgradeplandetails_id_pk PRIMARY KEY (id);


--
-- Name: directoryuserprofile_email_uq; Type: CONSTRAINT; Schema: public; Owner: weddfix
--

ALTER TABLE ONLY directoryuserprofile
    ADD CONSTRAINT directoryuserprofile_email_uq UNIQUE (email);


--
-- Name: directoryuserprofile_pkey; Type: CONSTRAINT; Schema: public; Owner: weddfix
--

ALTER TABLE ONLY directoryuserprofile
    ADD CONSTRAINT directoryuserprofile_pkey PRIMARY KEY (id);


--
-- Name: directoryuserpwreset_pkey; Type: CONSTRAINT; Schema: public; Owner: weddfix
--

ALTER TABLE ONLY directoryuserpwreset
    ADD CONSTRAINT directoryuserpwreset_pkey PRIMARY KEY (id);


--
-- Name: directoryvendoraccountdetails_id_pk; Type: CONSTRAINT; Schema: public; Owner: weddfix
--

ALTER TABLE ONLY directoryvendoraccountdetails
    ADD CONSTRAINT directoryvendoraccountdetails_id_pk PRIMARY KEY (id);


--
-- Name: directoryvendorprofile_email_uq; Type: CONSTRAINT; Schema: public; Owner: weddfix
--

ALTER TABLE ONLY directoryvendorprofile
    ADD CONSTRAINT directoryvendorprofile_email_uq UNIQUE (email);


--
-- Name: directoryvendorprofile_pkey; Type: CONSTRAINT; Schema: public; Owner: weddfix
--

ALTER TABLE ONLY directoryvendorprofile
    ADD CONSTRAINT directoryvendorprofile_pkey PRIMARY KEY (id);


--
-- Name: directoryvendorpwreset_pkey; Type: CONSTRAINT; Schema: public; Owner: weddfix
--

ALTER TABLE ONLY directoryvendorpwreset
    ADD CONSTRAINT directoryvendorpwreset_pkey PRIMARY KEY (id);


--
-- Name: directoryvendorroledetails_id_pk; Type: CONSTRAINT; Schema: public; Owner: weddfix
--

ALTER TABLE ONLY directoryvendorroledetails
    ADD CONSTRAINT directoryvendorroledetails_id_pk PRIMARY KEY (id);


--
-- Name: education_id_pk; Type: CONSTRAINT; Schema: public; Owner: weddfix
--

ALTER TABLE ONLY education
    ADD CONSTRAINT education_id_pk PRIMARY KEY (id);


--
-- Name: gender_id_pk; Type: CONSTRAINT; Schema: public; Owner: weddfix
--

ALTER TABLE ONLY gender
    ADD CONSTRAINT gender_id_pk PRIMARY KEY (id);


--
-- Name: height_id_pk; Type: CONSTRAINT; Schema: public; Owner: weddfix
--

ALTER TABLE ONLY height
    ADD CONSTRAINT height_id_pk PRIMARY KEY (id);


--
-- Name: mailbox_pkey; Type: CONSTRAINT; Schema: public; Owner: weddfix
--

ALTER TABLE ONLY mailbox
    ADD CONSTRAINT mailbox_pkey PRIMARY KEY (id);


--
-- Name: maritalstatus_id_pk; Type: CONSTRAINT; Schema: public; Owner: weddfix
--

ALTER TABLE ONLY maritalstatus
    ADD CONSTRAINT maritalstatus_id_pk PRIMARY KEY (id);


--
-- Name: matches_pkey; Type: CONSTRAINT; Schema: public; Owner: weddfix
--

ALTER TABLE ONLY matches
    ADD CONSTRAINT matches_pkey PRIMARY KEY (id);


--
-- Name: mothertonque_id_pk; Type: CONSTRAINT; Schema: public; Owner: weddfix
--

ALTER TABLE ONLY mothertonque
    ADD CONSTRAINT mothertonque_id_pk PRIMARY KEY (id);


--
-- Name: occupation_id_pk; Type: CONSTRAINT; Schema: public; Owner: weddfix
--

ALTER TABLE ONLY occupation
    ADD CONSTRAINT occupation_id_pk PRIMARY KEY (id);


--
-- Name: organization_id_pk; Type: CONSTRAINT; Schema: public; Owner: weddfix
--

ALTER TABLE ONLY organization
    ADD CONSTRAINT organization_id_pk PRIMARY KEY (id);


--
-- Name: partnerpreference_pkey; Type: CONSTRAINT; Schema: public; Owner: weddfix
--

ALTER TABLE ONLY partnerpreference
    ADD CONSTRAINT partnerpreference_pkey PRIMARY KEY (id);


--
-- Name: partnerpreference_profileid_uq; Type: CONSTRAINT; Schema: public; Owner: weddfix
--

ALTER TABLE ONLY partnerpreference
    ADD CONSTRAINT partnerpreference_profileid_uq UNIQUE (profileid);


--
-- Name: partnerpreference_userid_uq; Type: CONSTRAINT; Schema: public; Owner: weddfix
--

ALTER TABLE ONLY partnerpreference
    ADD CONSTRAINT partnerpreference_userid_uq UNIQUE (userid);


--
-- Name: personaldetails_pkey; Type: CONSTRAINT; Schema: public; Owner: weddfix
--

ALTER TABLE ONLY personaldetails
    ADD CONSTRAINT personaldetails_pkey PRIMARY KEY (id);


--
-- Name: personaldetails_profileid_uq; Type: CONSTRAINT; Schema: public; Owner: weddfix
--

ALTER TABLE ONLY personaldetails
    ADD CONSTRAINT personaldetails_profileid_uq UNIQUE (profileid);


--
-- Name: personaldetails_userid_uq; Type: CONSTRAINT; Schema: public; Owner: weddfix
--

ALTER TABLE ONLY personaldetails
    ADD CONSTRAINT personaldetails_userid_uq UNIQUE (userid);


--
-- Name: photogallery_pkey; Type: CONSTRAINT; Schema: public; Owner: weddfix
--

ALTER TABLE ONLY photogallery
    ADD CONSTRAINT photogallery_pkey PRIMARY KEY (id);


--
-- Name: profile_id_pk; Type: CONSTRAINT; Schema: public; Owner: weddfix
--

ALTER TABLE ONLY profile
    ADD CONSTRAINT profile_id_pk PRIMARY KEY (id);


--
-- Name: promotiondetails_pkey; Type: CONSTRAINT; Schema: public; Owner: weddfix
--

ALTER TABLE ONLY promotiondetails
    ADD CONSTRAINT promotiondetails_pkey PRIMARY KEY (id);


--
-- Name: promotiondetails_promocode_uq; Type: CONSTRAINT; Schema: public; Owner: weddfix
--

ALTER TABLE ONLY promotiondetails
    ADD CONSTRAINT promotiondetails_promocode_uq UNIQUE (promocode);


--
-- Name: pwreset_pkey; Type: CONSTRAINT; Schema: public; Owner: weddfix
--

ALTER TABLE ONLY pwreset
    ADD CONSTRAINT pwreset_pkey PRIMARY KEY (id);


--
-- Name: religion_id_pk; Type: CONSTRAINT; Schema: public; Owner: weddfix
--

ALTER TABLE ONLY religion
    ADD CONSTRAINT religion_id_pk PRIMARY KEY (id);


--
-- Name: role_id_pk; Type: CONSTRAINT; Schema: public; Owner: weddfix
--

ALTER TABLE ONLY role
    ADD CONSTRAINT role_id_pk PRIMARY KEY (id);


--
-- Name: roledetails_id_pk; Type: CONSTRAINT; Schema: public; Owner: weddfix
--

ALTER TABLE ONLY roledetails
    ADD CONSTRAINT roledetails_id_pk PRIMARY KEY (id);


--
-- Name: state_id_pk; Type: CONSTRAINT; Schema: public; Owner: weddfix
--

ALTER TABLE ONLY state
    ADD CONSTRAINT state_id_pk PRIMARY KEY (id);


--
-- Name: state_statename_uq; Type: CONSTRAINT; Schema: public; Owner: weddfix
--

ALTER TABLE ONLY state
    ADD CONSTRAINT state_statename_uq UNIQUE (statename);


--
-- Name: status_id_pk; Type: CONSTRAINT; Schema: public; Owner: weddfix
--

ALTER TABLE ONLY status
    ADD CONSTRAINT status_id_pk PRIMARY KEY (id);


--
-- Name: subscribers_pkey; Type: CONSTRAINT; Schema: public; Owner: weddfix
--

ALTER TABLE ONLY subscribers
    ADD CONSTRAINT subscribers_pkey PRIMARY KEY (id);


--
-- Name: upgradeplandetails_id_pk; Type: CONSTRAINT; Schema: public; Owner: weddfix
--

ALTER TABLE ONLY upgradeplandetails
    ADD CONSTRAINT upgradeplandetails_id_pk PRIMARY KEY (id);


--
-- Name: userprofile_email_uq; Type: CONSTRAINT; Schema: public; Owner: weddfix
--

ALTER TABLE ONLY userprofile
    ADD CONSTRAINT userprofile_email_uq UNIQUE (email);


--
-- Name: userprofile_pkey; Type: CONSTRAINT; Schema: public; Owner: weddfix
--

ALTER TABLE ONLY userprofile
    ADD CONSTRAINT userprofile_pkey PRIMARY KEY (id);


--
-- Name: weight_id_pk; Type: CONSTRAINT; Schema: public; Owner: weddfix
--

ALTER TABLE ONLY weight
    ADD CONSTRAINT weight_id_pk PRIMARY KEY (id);


--
-- Name: caste_religionid_fk; Type: FK CONSTRAINT; Schema: public; Owner: weddfix
--

ALTER TABLE ONLY caste
    ADD CONSTRAINT caste_religionid_fk FOREIGN KEY (religionid) REFERENCES religion(id);


--
-- Name: city_stateid_fk; Type: FK CONSTRAINT; Schema: public; Owner: weddfix
--

ALTER TABLE ONLY city
    ADD CONSTRAINT city_stateid_fk FOREIGN KEY (stateid) REFERENCES state(id);


--
-- Name: directoryroledetails_roleid_fk; Type: FK CONSTRAINT; Schema: public; Owner: weddfix
--

ALTER TABLE ONLY directoryroledetails
    ADD CONSTRAINT directoryroledetails_roleid_fk FOREIGN KEY (roleid) REFERENCES directoryrole(id);


--
-- Name: directoryvendorroledetails_roleid_fk; Type: FK CONSTRAINT; Schema: public; Owner: weddfix
--

ALTER TABLE ONLY directoryvendorroledetails
    ADD CONSTRAINT directoryvendorroledetails_roleid_fk FOREIGN KEY (roleid) REFERENCES directoryrole(id);


--
-- Name: roledetails_roleid_fk; Type: FK CONSTRAINT; Schema: public; Owner: weddfix
--

ALTER TABLE ONLY roledetails
    ADD CONSTRAINT roledetails_roleid_fk FOREIGN KEY (roleid) REFERENCES role(id);


--
-- Name: state_countryid_fk; Type: FK CONSTRAINT; Schema: public; Owner: weddfix
--

ALTER TABLE ONLY state
    ADD CONSTRAINT state_countryid_fk FOREIGN KEY (countryid) REFERENCES country(id);


--
-- Name: public; Type: ACL; Schema: -; Owner: postgres
--

REVOKE ALL ON SCHEMA public FROM PUBLIC;
REVOKE ALL ON SCHEMA public FROM postgres;
GRANT ALL ON SCHEMA public TO postgres;
GRANT ALL ON SCHEMA public TO PUBLIC;


--
-- PostgreSQL database dump complete
--

